Day       Month     Year      Tmin(C)        Tmax(C)        Prcp(mm)       RH(%)          SS(hrs)        Wind(m/s)      Et0(mm)        
1         1         2010      23.20          32.00          1.00           86.00          4.00           1.00           3.56           
2         1         2010      23.90          33.00          10.00          85.00          6.00           0.00           4.06           
3         1         2010      24.00          32.90          6.00           84.00          7.50           1.00           4.64           
4         1         2010      23.60          31.20          10.00          84.00          3.00           1.00           3.30           
5         1         2010      23.80          31.60          1.00           83.00          7.00           0.00           4.27           
6         1         2010      23.80          31.80          0.00           83.00          3.50           0.00           3.26           
7         1         2010      23.00          31.40          0.00           86.00          1.00           0.00           2.51           
8         1         2010      22.60          31.40          15.00          88.00          3.70           0.00           3.30           
9         1         2010      22.90          30.80          12.00          92.00          3.50           0.00           3.26           
10        1         2010      22.80          33.10          7.00           88.00          1.80           0.00           2.80           
11        1         2010      23.60          30.80          2.00           81.00          3.50           2.00           3.69           
12        1         2010      22.60          31.00          20.00          85.00          3.50           2.00           3.54           
13        1         2010      21.80          31.00          44.00          83.00          2.50           2.00           3.36           
14        1         2010      21.80          32.00          1.00           83.00          6.50           1.00           4.26           
15        1         2010      22.60          32.00          6.00           76.00          7.00           1.00           4.51           
16        1         2010      21.90          32.60          2.00           94.00          5.50           1.00           3.87           
17        1         2010      22.80          32.60          8.00           80.00          7.00           1.00           4.51           
18        1         2010      22.80          32.70          0.00           75.00          8.00           1.00           4.85           
19        1         2010      23.20          33.00          5.00           84.00          6.50           1.00           4.37           
20        1         2010      23.40          32.00          2.00           86.00          6.00           1.00           4.14           
21        1         2010      22.40          32.20          52.00          89.00          2.40           1.00           3.08           
22        1         2010      22.70          30.20          4.00           88.00          4.00           0.00           3.37           
23        1         2010      22.90          31.40          0.00           82.00          6.50           0.00           4.10           
24        1         2010      22.20          31.30          0.00           85.00          6.00           0.00           3.95           
25        1         2010      22.40          31.00          19.00          84.00          6.00           2.00           4.20           
26        1         2010      21.80          32.40          90.00          84.00          6.00           1.00           4.16           
27        1         2010      22.00          31.00          1.00           86.00          5.20           2.00           3.93           
28        1         2010      21.80          31.00          2.00           88.00          4.90           1.00           3.71           
29        1         2010      22.20          32.80          5.00           85.00          7.20           1.00           4.52           
30        1         2010      23.10          32.00          0.00           86.00          4.10           1.00           3.62           
31        1         2010      23.20          31.80          1.00           84.00          6.30           1.00           4.25           
1         2         2010      21.40          31.80          10.00          85.00          8.00           1.00           4.63           
2         2         2010      22.80          32.00          2.00           78.00          7.50           1.00           4.66           
3         2         2010      23.00          32.40          2.00           81.00          7.00           1.00           4.52           
4         2         2010      23.00          32.20          8.00           88.00          3.00           1.00           3.29           
5         2         2010      23.00          28.00          20.00          92.00          1.10           1.00           2.51           
6         2         2010      22.60          26.40          59.00          97.00          1.50           1.00           2.45           
7         2         2010      23.00          31.00          0.00           87.00          2.00           2.00           3.10           
8         2         2010      21.80          29.80          3.00           93.00          2.50           1.00           2.92           
9         2         2010      22.40          33.40          0.00           77.00          7.00           0.00           4.28           
10        2         2010      23.20          32.60          0.00           79.00          7.00           0.00           4.30           
11        2         2010      22.00          33.40          0.00           83.00          5.50           0.00           3.88           
12        2         2010      23.20          33.20          38.00          83.00          4.00           0.00           3.47           
13        2         2010      22.90          32.60          54.00          88.00          3.00           3.00           3.53           
14        2         2010      23.20          31.40          30.00          89.00          3.00           1.00           3.23           
15        2         2010      22.60          31.00          0.00           85.00          2.00           0.00           2.80           
16        2         2010      23.00          32.00          3.00           86.00          6.60           0.00           4.22           
17        2         2010      23.60          32.80          26.00          85.00          5.50           0.00           3.94           
18        2         2010      21.60          32.80          22.00          86.00          5.00           0.00           3.72           
19        2         2010      22.30          32.60          49.00          88.00          1.00           0.00           2.54           
20        2         2010      21.90          31.80          0.00           82.00          6.00           2.00           4.34           
21        2         2010      23.40          33.00          0.00           80.00          8.00           2.00           5.06           
22        2         2010      23.40          32.30          5.00           78.00          8.00           1.00           4.83           
23        2         2010      23.00          33.60          6.00           83.00          7.00           1.00           4.57           
24        2         2010      23.20          31.50          0.00           85.00          6.50           1.00           4.26           
25        2         2010      23.20          33.00          0.00           83.00          5.80           0.00           3.99           
26        2         2010      23.30          33.20          0.00           85.00          7.00           1.00           4.52           
27        2         2010      23.30          33.00          0.00           82.00          7.00           1.00           4.54           
28        2         2010      23.40          33.00          0.00           82.00          8.00           2.00           4.98           
1         3         2010      23.00          32.30          0.00           85.00          5.50           1.00           4.02           
2         3         2010      24.00          33.00          0.00           80.00          8.00           0.00           4.64           
3         3         2010      24.00          32.50          0.00           78.00          6.50           0.00           4.14           
4         3         2010      23.20          31.40          22.00          88.00          2.00           1.00           2.94           
5         3         2010      23.00          31.00          15.00          90.00          3.80           1.00           3.38           
6         3         2010      22.00          33.40          8.00           85.00          6.00           1.00           4.18           
7         3         2010      22.80          34.20          1.00           86.00          8.00           1.00           4.81           
8         3         2010      22.40          32.60          0.00           88.00          4.50           0.00           3.55           
9         3         2010      23.00          33.00          39.00          86.00          5.50           0.00           3.87           
10        3         2010      22.80          32.60          0.00           84.00          6.50           0.00           4.12           
11        3         2010      23.00          32.00          4.00           84.00          7.50           0.00           4.39           
12        3         2010      20.00          31.40          1.00           86.00          3.80           0.00           3.19           
13        3         2010      21.80          33.40          0.00           80.00          8.00           1.00           4.74           
14        3         2010      22.80          32.20          3.00           84.00          6.50           1.00           4.23           
15        3         2010      21.80          31.20          2.00           87.00          3.50           1.00           3.29           
16        3         2010      18.80          32.20          39.00          86.00          4.50           1.00           3.56           
17        3         2010      22.80          31.40          2.00           86.00          3.50           1.00           3.33           
18        3         2010      22.80          31.60          5.00           88.00          4.80           1.00           3.65           
19        3         2010      22.80          32.60          2.00           88.00          5.80           1.00           3.98           
20        3         2010      22.00          34.00          0.00           84.00          7.50           1.00           4.56           
21        3         2010      23.00          32.70          2.00           81.00          7.60           1.00           4.56           
22        3         2010      22.60          34.00          22.00          86.00          5.00           1.00           3.85           
23        3         2010      23.40          32.40          0.00           84.00          6.70           1.00           4.25           
24        3         2010      22.20          33.60          0.00           78.00          8.00           1.00           4.71           
25        3         2010      23.20          33.00          5.00           83.00          8.00           0.00           4.46           
26        3         2010      23.80          32.20          0.00           86.00          5.00           0.00           3.60           
27        3         2010      22.20          33.20          12.00          86.00          5.00           0.00           3.57           
28        3         2010      23.00          33.60          31.00          84.00          5.00           0.00           3.59           
29        3         2010      20.00          32.40          4.00           86.00          5.20           0.00           3.49           
30        3         2010      23.20          31.20          41.00          88.00          4.00           0.00           3.23           
31        3         2010      23.00          30.20          8.00           90.00          0.20           0.00           2.13           
1         4         2010      23.20          32.00          2.00           87.00          7.00           1.00           4.17           
2         4         2010      23.20          32.20          6.00           85.00          8.00           1.00           4.46           
3         4         2010      22.40          33.20          6.00           88.00          2.00           1.00           2.86           
4         4         2010      23.20          31.10          12.00          89.00          5.20           1.00           3.58           
5         4         2010      22.50          32.40          3.00           87.00          2.00           1.00           2.83           
6         4         2010      23.80          32.80          16.00          86.00          8.00           0.00           4.38           
7         4         2010      23.20          32.00          1.00           87.00          3.00           0.00           2.90           
8         4         2010      23.80          33.00          3.00           82.00          7.50           0.00           4.17           
9         4         2010      22.40          32.20          6.00           86.00          4.40           0.00           3.24           
10        4         2010      23.00          34.20          27.00          87.00          5.00           0.00           3.51           
11        4         2010      23.40          31.40          3.00           86.00          2.20           0.00           2.63           
12        4         2010      22.20          32.60          0.00           84.00          7.50           1.00           4.22           
13        4         2010      24.00          33.00          0.00           85.00          4.00           0.00           3.17           
14        4         2010      22.80          31.00          0.00           87.00          0.50           0.00           2.12           
15        4         2010      22.80          32.00          0.00           77.00          7.20           0.00           3.83           
16        4         2010      23.20          33.40          16.00          85.00          5.30           0.00           3.48           
17        4         2010      23.20          33.80          0.00           88.00          4.50           0.00           3.29           
18        4         2010      22.40          32.00          34.00          90.00          3.00           2.00           3.00           
19        4         2010      22.00          30.60          11.00          87.00          2.00           0.00           2.45           
20        4         2010      22.00          28.00          8.00           92.00          0.10           0.00           1.92           
21        4         2010      22.80          30.60          12.00          89.00          0.00           0.00           1.94           
22        4         2010      23.40          33.60          0.00           82.00          8.00           0.00           4.11           
23        4         2010      23.20          32.80          31.00          86.00          4.00           0.00           3.03           
24        4         2010      21.80          33.20          20.00          85.00          7.50           0.00           3.89           
25        4         2010      23.00          29.00          15.00          88.00          0.00           0.00           1.89           
26        4         2010      22.20          31.10          0.00           85.00          2.00           0.00           2.40           
27        4         2010      23.00          31.40          72.00          86.00          4.00           0.00           2.94           
28        4         2010      22.80          30.60          7.00           89.00          2.00           1.00           2.53           
29        4         2010      22.80          32.50          0.00           85.00          2.60           0.00           2.58           
30        4         2010      23.60          32.60          0.00           85.00          0.00           0.00           1.92           
1         5         2010      23.20          33.40          0.00           78.00          1.50           0.00           2.28           
2         5         2010      23.00          33.10          61.00          90.00          5.00           0.00           3.23           
3         5         2010      22.40          28.80          6.00           94.00          1.50           0.00           2.21           
4         5         2010      23.20          32.00          1.00           77.00          8.00           2.00           4.41           
5         5         2010      22.20          32.20          6.00           84.00          4.00           2.00           3.31           
6         5         2010      23.20          32.60          0.00           87.00          6.50           2.00           3.78           
7         5         2010      23.60          33.20          39.00          83.00          8.00           0.00           3.90           
8         5         2010      23.80          32.20          3.00           85.00          4.00           0.00           2.87           
9         5         2010      23.20          31.20          5.00           89.00          5.50           2.00           3.35           
10        5         2010      22.00          30.60          5.00           90.00          1.00           2.00           2.31           
11        5         2010      22.00          31.20          16.00          89.00          1.50           0.00           2.17           
12        5         2010      22.00          31.40          6.00           90.00          1.50           0.00           2.17           
13        5         2010      23.80          31.40          9.00           88.00          1.80           0.00           2.27           
14        5         2010      24.20          32.00          4.00           88.00          2.00           0.00           2.33           
15        5         2010      23.00          29.60          41.00          92.00          1.00           0.00           2.02           
16        5         2010      23.20          32.00          0.00           80.00          0.50           0.00           1.91           
17        5         2010      24.20          30.80          0.00           83.00          0.50           0.00           1.91           
18        5         2010      23.80          33.70          0.00           80.00          5.00           0.00           3.02           
19        5         2010      23.80          33.60          0.00           84.00          5.00           0.00           3.04           
20        5         2010      23.80          33.20          0.00           84.00          6.00           0.00           3.26           
21        5         2010      23.30          32.00          0.00           84.00          6.00           0.00           3.19           
22        5         2010      23.00          33.80          0.00           82.00          6.00           0.00           3.21           
23        5         2010      23.20          34.00          8.00           88.00          3.00           0.00           2.54           
24        5         2010      22.00          31.40          0.00           85.00          4.00           1.00           2.87           
25        5         2010      22.00          31.40          0.00           85.00          5.00           1.00           3.07           
26        5         2010      23.20          33.00          4.00           86.00          5.00           1.00           3.17           
27        5         2010      23.40          31.20          0.00           85.00          3.50           1.00           2.76           
28        5         2010      23.20          31.20          1.00           85.00          2.50           1.00           2.54           
29        5         2010      22.90          31.60          10.00          89.00          5.50           1.00           3.12           
30        5         2010      23.80          31.60          1.00           85.00          3.00           1.00           2.66           
31        5         2010      24.20          31.20          2.00           85.00          6.00           1.00           3.29           
1         6         2010      23.80          31.80          0.00           83.00          8.00           2.00           3.93           
2         6         2010      24.20          31.60          1.00           84.00          8.00           1.00           3.74           
3         6         2010      23.20          31.20          0.00           86.00          4.00           1.00           2.81           
4         6         2010      23.20          32.20          6.00           86.00          6.00           1.00           3.28           
5         6         2010      22.60          32.00          0.00           82.00          5.50           1.00           3.20           
6         6         2010      23.00          32.20          0.00           82.00          7.00           1.00           3.53           
7         6         2010      22.20          32.00          48.00          85.00          4.10           1.00           2.85           
8         6         2010      23.00          32.50          30.00          85.00          4.00           1.00           2.87           
9         6         2010      22.80          27.40          1.00           94.00          0.00           1.59           1.68           
10        6         2010      22.20          32.20          93.00          90.00          4.50           1.00           2.85           
11        6         2010      22.60          32.20          0.00           84.00          3.00           0.00           2.36           
12        6         2010      23.00          32.20          6.00           86.00          4.50           1.00           2.93           
13        6         2010      23.20          32.80          25.00          86.00          5.00           1.00           3.07           
14        6         2010      20.20          30.20          1.00           90.00          3.00           0.00           2.27           
15        6         2010      21.80          30.40          11.00          83.00          6.00           3.00           3.51           
16        6         2010      22.60          31.60          0.00           84.00          5.50           2.00           3.31           
17        6         2010      22.20          31.20          0.00           84.00          3.00           2.00           2.81           
18        6         2010      22.00          30.20          0.00           80.00          3.00           2.00           2.90           
19        6         2010      20.60          30.40          0.00           81.00          7.50           3.00           3.83           
20        6         2010      19.80          29.70          0.00           81.00          8.00           3.00           3.83           
21        6         2010      19.70          30.60          0.00           76.00          8.00           3.00           4.17           
22        6         2010      21.00          31.30          0.00           80.00          8.00           3.00           4.06           
23        6         2010      22.20          31.00          0.00           81.00          8.00           1.00           3.59           
24        6         2010      22.00          30.20          0.00           78.00          4.00           2.00           3.15           
25        6         2010      22.40          28.40          0.00           88.00          4.00           2.00           2.67           
26        6         2010      21.60          30.20          0.00           81.00          8.00           2.00           3.73           
27        6         2010      21.90          30.70          5.00           85.00          6.50           2.00           3.38           
28        6         2010      22.00          29.70          49.00          88.00          2.00           2.00           2.38           
29        6         2010      22.60          30.60          0.00           86.00          1.00           1.00           2.13           
30        6         2010      22.80          30.80          1.00           84.00          4.00           1.00           2.77           
1         7         2010      21.80          31.00          0.00           84.00          5.00           3.00           3.35           
2         7         2010      22.60          32.00          1.00           86.00          2.50           1.00           2.49           
3         7         2010      22.20          32.00          0.00           84.00          7.50           2.00           3.72           
4         7         2010      22.80          32.00          2.00           87.00          5.50           3.00           3.38           
5         7         2010      22.20          30.40          0.00           85.00          3.00           3.00           2.91           
6         7         2010      23.00          31.20          2.00           85.00          4.00           0.00           2.58           
7         7         2010      22.40          32.00          1.00           84.00          7.00           2.00           3.65           
8         7         2010      22.80          31.20          0.00           87.00          5.00           1.00           2.98           
9         7         2010      21.80          31.20          0.00           86.00          5.50           3.00           3.37           
10        7         2010      22.40          31.00          0.00           86.00          6.50           1.00           3.29           
11        7         2010      22.40          31.20          3.00           84.00          7.00           1.00           3.43           
12        7         2010      22.00          29.80          23.00          88.00          3.00           0.00           2.34           
13        7         2010      21.00          30.30          0.00           81.00          3.00           1.00           2.62           
14        7         2010      21.80          31.00          0.00           78.00          8.00           1.00           3.69           
15        7         2010      21.80          30.00          0.00           84.00          4.50           1.00           2.87           
16        7         2010      22.40          30.20          0.00           86.00          4.50           1.00           2.87           
17        7         2010      20.80          30.40          1.00           84.00          7.00           3.00           3.69           
18        7         2010      21.20          30.40          0.00           75.00          5.00           3.00           3.83           
19        7         2010      20.40          30.10          0.00           84.00          6.50           2.00           3.43           
20        7         2010      21.00          30.20          0.00           78.00          8.00           3.00           4.16           
21        7         2010      20.60          30.00          0.00           83.00          8.00           1.00           3.58           
22        7         2010      20.60          30.20          1.00           76.00          8.00           1.00           3.69           
23        7         2010      19.60          30.00          0.00           83.00          8.00           2.00           3.74           
24        7         2010      21.00          30.00          0.00           77.00          8.00           2.00           3.98           
25        7         2010      21.80          29.20          1.00           81.00          2.50           2.00           2.81           
26        7         2010      22.00          30.10          0.00           84.00          2.00           2.00           2.66           
27        7         2010      23.00          30.20          5.00           87.00          3.50           1.00           2.73           
28        7         2010      21.40          30.00          27.00          89.00          2.00           1.00           2.35           
29        7         2010      22.00          31.00          0.00           86.00          7.50           2.00           3.75           
30        7         2010      21.90          30.40          0.00           85.00          8.00           3.00           3.94           
31        7         2010      20.20          29.00          0.00           82.00          7.00           3.00           3.75           
1         8         2010      20.20          29.80          0.00           78.00          8.00           3.00           4.21           
2         8         2010      20.80          29.80          0.00           83.00          8.00           0.00           3.52           
3         8         2010      21.00          30.30          0.00           82.00          6.00           3.00           3.74           
4         8         2010      21.60          30.80          0.00           82.00          8.00           1.00           3.83           
5         8         2010      21.00          30.20          0.00           80.00          8.00           3.00           4.21           
6         8         2010      21.20          34.80          0.00           83.00          8.00           1.00           4.12           
7         8         2010      20.10          30.40          0.00           76.00          8.00           3.00           4.43           
8         8         2010      20.40          30.80          0.00           80.00          7.00           2.00           3.90           
9         8         2010      21.40          30.60          0.00           83.00          5.00           2.00           3.42           
10        8         2010      21.60          32.00          0.00           78.00          7.00           2.00           4.12           
11        8         2010      21.80          32.00          0.00           82.00          7.00           0.00           3.54           
12        8         2010      21.80          31.60          27.00          87.00          6.00           0.00           3.34           
13        8         2010      22.40          32.00          13.00          85.00          8.00           0.00           3.87           
14        8         2010      21.60          29.40          0.00           83.00          4.50           3.00           3.44           
15        8         2010      21.80          30.00          0.00           84.00          4.50           2.00           3.30           
16        8         2010      21.00          30.20          0.00           78.00          7.00           3.00           4.24           
17        8         2010      21.80          30.90          0.00           78.00          5.50           3.00           4.06           
18        8         2010      22.80          31.80          0.00           80.00          8.00           2.00           4.37           
19        8         2010      21.00          31.20          0.00           76.00          8.00           2.00           4.40           
20        8         2010      22.00          32.00          12.00          84.00          8.00           2.00           4.26           
21        8         2010      22.40          32.20          12.00          83.00          3.50           2.00           3.34           
22        8         2010      22.80          32.20          7.00           85.00          5.50           1.00           3.56           
23        8         2010      21.60          28.40          20.00          92.00          3.00           3.00           2.66           
24        8         2010      22.60          32.60          17.00          81.00          7.00           0.00           3.76           
25        8         2010      23.00          32.00          1.00           85.00          7.50           0.00           3.94           
26        8         2010      22.20          30.60          1.00           84.00          5.50           1.00           3.51           
27        8         2010      20.20          31.00          0.00           80.00          8.00           1.00           4.11           
28        8         2010      20.90          31.40          0.00           78.00          8.00           1.00           4.20           
29        8         2010      22.20          31.20          0.00           81.00          8.00           2.00           4.39           
30        8         2010      22.00          31.50          11.00          82.00          7.00           2.00           4.17           
31        8         2010      22.00          32.60          1.00           80.00          7.50           2.00           4.46           
1         9         2010      23.20          32.20          0.00           82.00          7.00           2.00           4.29           
2         9         2010      21.80          30.20          0.00           83.00          7.20           2.00           4.10           
3         9         2010      21.40          31.20          0.00           75.00          8.00           2.00           4.62           
4         9         2010      22.20          31.00          0.00           75.00          6.00           2.00           4.21           
5         9         2010      22.80          30.20          11.00          83.00          5.40           2.00           3.76           
6         9         2010      22.40          29.00          6.00           89.00          0.20           0.00           2.04           
7         9         2010      23.00          30.80          0.00           85.00          3.00           0.00           2.84           
8         9         2010      22.20          30.60          33.00          85.00          4.00           2.00           3.41           
9         9         2010      22.50          28.50          1.00           89.00          0.50           0.00           2.13           
10        9         2010      22.20          31.70          1.00           86.00          5.00           0.00           3.42           
11        9         2010      22.50          31.00          70.00          88.00          5.00           0.00           3.43           
12        9         2010      22.80          31.40          2.00           88.00          6.00           0.00           3.74           
13        9         2010      21.60          31.80          15.00          84.00          7.00           2.00           4.26           
14        9         2010      21.80          31.30          0.00           76.00          8.00           2.00           4.73           
15        9         2010      22.40          32.40          2.00           82.00          8.00           0.00           4.29           
16        9         2010      21.20          30.60          6.00           84.00          3.00           1.00           3.07           
17        9         2010      21.80          30.80          51.00          88.00          5.00           1.00           3.53           
18        9         2010      22.20          32.40          21.00          86.00          7.50           2.00           4.43           
19        9         2010      22.00          31.40          10.00          84.00          2.00           2.00           3.10           
20        9         2010      22.80          29.60          0.00           85.00          3.00           2.00           3.20           
21        9         2010      22.80          29.30          2.00           88.00          1.50           0.00           2.49           
22        9         2010      22.00          31.40          35.00          85.00          2.50           1.00           3.01           
23        9         2010      22.00          32.20          3.00           88.00          2.50           1.00           3.00           
24        9         2010      22.60          32.00          5.00           92.00          0.00           1.00           2.25           
25        9         2010      22.90          32.00          6.00           88.00          1.00           3.00           2.90           
26        9         2010      22.00          31.60          1.00           90.00          5.00           2.00           3.66           
27        9         2010      22.40          32.00          1.00           82.00          8.00           3.00           4.86           
28        9         2010      23.00          31.70          0.00           78.00          8.00           2.00           4.85           
29        9         2010      23.80          33.00          0.00           76.00          8.00           2.00           5.07           
30        9         2010      23.00          33.20          0.00           74.00          8.00           2.00           5.14           
1         10        2010      23.20          31.20          5.00           80.00          8.00           2.00           4.77           
2         10        2010      22.90          31.60          0.00           77.00          7.00           2.00           4.66           
3         10        2010      22.80          33.20          1.00           80.00          7.00           2.00           4.70           
4         10        2010      23.00          32.40          0.00           83.00          6.00           2.00           4.29           
5         10        2010      22.90          33.40          0.00           80.00          7.00           2.00           4.74           
6         10        2010      23.80          32.60          0.00           76.00          7.50           3.00           5.21           
7         10        2010      24.20          32.40          0.00           76.00          7.00           2.00           4.83           
8         10        2010      20.40          31.00          0.00           78.00          3.50           2.00           3.73           
9         10        2010      21.20          31.00          46.00          83.00          3.50           2.00           3.55           
10        10        2010      21.80          30.00          0.00           82.00          8.00           2.00           4.59           
11        10        2010      22.20          30.00          0.00           81.00          6.50           1.00           4.12           
12        10        2010      20.80          31.40          0.00           74.00          8.00           1.00           4.64           
13        10        2010      22.60          32.00          0.00           78.00          6.00           2.00           4.45           
14        10        2010      22.00          31.00          0.00           81.00          6.00           3.00           4.42           
15        10        2010      22.80          32.00          0.00           82.00          5.00           1.00           3.87           
16        10        2010      22.80          31.00          34.00          87.00          4.50           1.00           3.60           
17        10        2010      22.80          31.40          4.00           87.00          3.50           0.00           3.22           
18        10        2010      22.20          31.40          0.00           77.00          3.50           2.00           3.84           
19        10        2010      23.20          35.80          0.00           79.00          7.50           2.00           5.20           
20        10        2010      22.60          33.60          0.00           77.00          8.00           2.00           5.15           
21        10        2010      22.80          31.80          6.00           86.00          3.50           2.00           3.54           
22        10        2010      22.50          30.00          26.00          84.00          0.00           2.00           2.64           
23        10        2010      23.60          32.20          37.00          85.00          5.00           0.00           3.72           
24        10        2010      22.00          31.00          53.00          90.00          3.50           0.00           3.21           
25        10        2010      23.40          32.40          11.00          82.00          8.00           2.00           4.90           
26        10        2010      23.20          32.80          6.00           89.00          3.00           2.00           3.38           
27        10        2010      22.40          34.80          0.00           84.00          4.00           3.00           4.20           
28        10        2010      22.00          32.00          2.00           83.00          0.00           3.00           3.04           
29        10        2010      23.20          32.40          25.00          84.00          6.00           1.00           4.17           
30        10        2010      23.20          29.90          8.00           88.00          3.00           0.00           3.07           
31        10        2010      22.20          30.90          112.00         90.00          2.80           2.00           3.15           
1         11        2010      21.90          29.60          39.00          94.00          2.00           1.00           2.73           
2         11        2010      22.00          29.80          0.00           85.00          3.00           1.00           3.18           
3         11        2010      23.00          31.00          19.00          88.00          3.50           1.00           3.34           
4         11        2010      24.00          30.40          13.00          89.00          2.50           1.00           3.04           
5         11        2010      22.60          29.80          14.00          93.00          0.50           1.00           2.37           
6         11        2010      22.80          30.00          3.00           88.00          2.50           1.00           3.02           
7         11        2010      22.20          31.40          96.00          88.00          4.30           1.00           3.56           
8         11        2010      22.00          31.40          69.00          88.00          5.00           0.00           3.66           
9         11        2010      22.60          30.60          8.00           93.00          3.00           0.00           3.10           
10        11        2010      22.20          32.40          0.00           80.00          6.50           0.00           4.07           
11        11        2010      21.00          32.80          0.00           70.00          8.00           2.00           5.26           
12        11        2010      21.20          32.80          0.00           77.00          8.00           2.00           5.04           
13        11        2010      21.40          32.80          0.00           77.00          8.00           2.00           5.04           
14        11        2010      22.00          32.40          28.00          81.00          6.80           1.00           4.39           
15        11        2010      23.60          32.20          2.00           83.00          6.50           0.00           4.15           
16        11        2010      22.00          32.40          0.00           87.00          4.40           0.00           3.51           
17        11        2010      23.20          32.00          1.00           83.00          7.50           2.00           4.69           
18        11        2010      23.20          32.90          0.00           75.00          8.00           2.00           5.17           
19        11        2010      23.00          32.80          0.00           80.00          8.00           3.00           5.16           
20        11        2010      23.20          32.90          0.00           76.00          8.00           2.00           5.13           
21        11        2010      22.40          32.90          0.00           78.00          8.00           2.00           5.04           
22        11        2010      22.60          32.80          0.00           82.00          6.00           2.00           4.40           
23        11        2010      23.00          32.60          7.00           84.00          3.50           0.00           3.26           
24        11        2010      23.80          32.40          6.00           83.00          4.80           0.00           3.66           
25        11        2010      22.90          32.40          79.00          94.00          4.00           2.00           3.41           
26        11        2010      22.60          30.20          38.00          91.00          0.50           2.00           2.49           
27        11        2010      22.60          32.40          30.00          88.00          3.00           2.00           3.38           
28        11        2010      23.00          32.40          23.00          84.00          5.50           2.00           4.17           
29        11        2010      23.40          31.00          30.00          84.00          5.50           0.00           3.80           
30        11        2010      23.40          32.20          21.00          93.00          3.70           2.00           3.36           
1         12        2010      22.40          32.30          1.00           82.00          6.50           2.00           4.47           
2         12        2010      22.60          32.90          23.00          83.00          5.50           2.00           4.24           
3         12        2010      22.80          30.90          40.00          86.00          2.00           2.00           3.11           
4         12        2010      23.00          31.60          19.00          88.00          5.50           2.00           3.96           
5         12        2010      23.40          31.40          18.00          85.00          5.50           0.00           3.82           
6         12        2010      22.40          31.40          51.00          91.00          2.50           1.00           3.01           
7         12        2010      22.40          31.50          31.00          88.00          5.00           2.00           3.81           
8         12        2010      23.00          31.00          1.00           90.00          2.50           1.00           3.02           
9         12        2010      22.60          28.60          5.00           89.00          0.00           2.00           2.37           
10        12        2010      22.90          30.80          5.00           87.00          3.00           2.00           3.31           
11        12        2010      22.00          26.50          3.00           90.00          0.00           2.00           2.24           
12        12        2010      22.80          31.60          16.00          78.00          5.10           2.00           4.22           
13        12        2010      23.30          32.30          0.00           80.00          7.30           3.00           4.93           
14        12        2010      23.00          32.50          1.00           77.00          5.00           3.00           4.58           
15        12        2010      21.80          33.80          0.00           66.00          6.50           3.00           5.64           
16        12        2010      23.00          33.00          0.00           65.00          6.30           3.00           5.58           
17        12        2010      21.80          31.00          14.00          83.00          2.00           3.00           3.42           
18        12        2010      23.20          32.10          0.00           78.00          6.50           0.00           4.05           
19        12        2010      21.90          30.90          5.00           89.00          3.50           2.00           3.35           
20        12        2010      22.00          30.00          1.00           86.00          0.80           1.77           2.72           
21        12        2010      22.00          27.00          1.00           92.00          0.00           2.00           2.18           
22        12        2010      22.00          30.80          0.00           84.00          3.00           1.00           3.23           
23        12        2010      21.30          31.00          1.00           79.00          3.50           0.00           3.12           
24        12        2010      21.80          31.00          0.00           75.00          8.00           3.00           5.17           
25        12        2010      22.40          30.80          6.00           80.00          6.80           3.00           4.64           
26        12        2010      22.20          30.00          0.00           86.00          5.00           3.00           3.84           
27        12        2010      22.00          25.80          9.00           91.00          0.00           0.00           2.11           
28        12        2010      22.60          29.00          0.00           86.00          2.70           0.00           2.92           
29        12        2010      22.00          30.00          1.00           84.00          0.00           0.00           2.17           
30        12        2010      23.40          32.00          0.00           84.00          3.40           1.00           3.44           
31        12        2010      22.80          32.00          10.00          83.00          5.00           3.00           4.20           
1         1         2011      22.60          28.00          9.00           84.00          0.00           2.00           2.55           
2         1         2011      21.80          31.20          4.00           86.00          1.00           2.00           2.88           
3         1         2011      21.90          32.40          6.00           79.00          6.50           2.00           4.58           
4         1         2011      22.80          32.80          0.00           80.00          4.00           0.00           3.38           
5         1         2011      22.80          33.80          3.00           82.00          6.50           2.00           4.63           
6         1         2011      22.60          33.40          4.00           78.00          6.00           2.00           4.60           
7         1         2011      22.20          28.80          0.00           90.00          0.00           2.00           2.35           
8         1         2011      22.40          30.60          15.00          86.00          0.00           2.00           2.60           
9         1         2011      23.00          30.40          0.00           84.00          3.50           0.00           3.20           
10        1         2011      23.40          32.00          3.00           85.00          6.00           2.00           4.25           
11        1         2011      21.40          33.00          0.00           76.00          6.50           3.00           5.03           
12        1         2011      22.00          30.00          0.00           62.00          2.00           10.00          6.93           
13        1         2011      22.60          31.80          0.00           70.00          4.50           8.00           6.20           
14        1         2011      22.80          29.60          0.00           82.00          0.50           2.00           2.84           
15        1         2011      22.20          30.40          14.00          90.00          2.00           2.00           2.93           
16        1         2011      22.00          30.70          7.00           83.00          6.00           3.00           4.31           
17        1         2011      22.20          32.80          8.00           76.00          7.00           4.00           5.38           
18        1         2011      22.90          32.40          0.00           82.00          5.50           2.00           4.27           
19        1         2011      22.80          30.80          6.00           86.00          3.50           7.00           3.91           
20        1         2011      22.40          31.70          21.00          86.00          1.00           2.00           2.92           
21        1         2011      22.00          30.00          3.00           91.00          3.00           0.00           3.07           
22        1         2011      22.00          30.00          41.00          85.00          1.50           1.00           2.81           
23        1         2011      22.20          31.70          46.00          86.00          2.00           2.00           3.18           
24        1         2011      21.10          30.00          19.00          92.00          0.00           3.00           2.39           
25        1         2011      21.00          30.40          4.00           89.00          2.00           3.00           3.05           
26        1         2011      22.20          31.50          0.00           86.00          3.40           2.00           3.52           
27        1         2011      23.00          32.40          0.00           84.00          5.50           2.00           4.21           
28        1         2011      22.80          32.20          14.00          81.00          4.50           0.00           3.55           
29        1         2011      22.60          32.00          0.00           86.00          3.50           2.00           3.59           
30        1         2011      22.60          30.20          0.00           84.00          5.70           2.00           4.08           
31        1         2011      23.00          31.00          3.00           86.00          5.50           1.00           3.94           
1         2         2011      22.00          29.00          16.00          91.00          1.00           0.00           2.47           
2         2         2011      22.20          31.00          4.00           84.00          4.00           0.00           3.37           
3         2         2011      22.60          30.00          0.00           84.00          3.50           2.00           3.53           
4         2         2011      21.60          29.20          19.00          88.00          0.50           2.00           2.58           
5         2         2011      21.40          27.00          0.00           87.00          0.00           2.00           2.39           
6         2         2011      22.20          31.40          0.00           78.00          2.50           2.00           3.60           
7         2         2011      22.60          31.10          1.00           70.00          1.00           0.00           2.47           
8         2         2011      22.60          31.00          0.00           83.00          6.50           2.00           4.38           
9         2         2011      22.60          29.80          7.00           84.00          1.50           1.00           2.84           
10        2         2011      23.20          32.40          0.00           82.00          4.50           1.00           3.83           
11        2         2011      21.60          32.60          9.00           84.00          5.00           3.00           4.24           
12        2         2011      21.80          32.80          0.00           84.00          4.00           2.00           3.85           
13        2         2011      20.20          32.20          0.00           83.00          7.00           1.00           4.39           
14        2         2011      21.60          32.60          83.00          81.00          4.00           3.00           4.17           
15        2         2011      22.40          29.80          0.00           84.00          0.50           1.00           2.57           
16        2         2011      21.60          33.00          0.00           81.00          7.30           1.00           4.60           
17        2         2011      22.40          33.00          0.00           76.00          8.00           3.00           5.43           
18        2         2011      21.80          32.80          0.00           72.00          8.00           3.00           5.59           
19        2         2011      21.60          33.80          10.00          78.00          8.00           3.00           5.41           
20        2         2011      21.60          32.80          0.00           80.00          8.00           1.00           4.78           
21        2         2011      22.80          33.00          0.00           79.00          8.00           1.00           4.85           
22        2         2011      22.60          33.20          0.00           82.00          5.00           1.00           3.99           
23        2         2011      22.20          33.00          1.00           82.00          2.50           1.00           3.28           
24        2         2011      22.80          33.20          8.00           83.00          5.50           2.00           4.31           
25        2         2011      23.20          30.00          4.00           86.00          1.00           2.00           2.82           
26        2         2011      22.80          30.00          1.00           90.00          2.00           2.00           2.91           
27        2         2011      22.60          28.50          7.00           90.00          0.00           0.00           2.16           
28        2         2011      22.60          31.00          12.00          90.00          6.00           2.00           3.99           
1         3         2011      21.30          30.80          3.00           91.00          0.50           2.00           2.52           
2         3         2011      22.00          29.90          0.00           81.00          7.00           2.00           4.43           
3         3         2011      22.40          32.20          0.00           81.00          6.00           2.00           4.39           
4         3         2011      23.00          32.40          0.00           81.00          8.00           2.00           4.93           
5         3         2011      22.60          32.20          35.00          80.00          4.00           1.00           3.66           
6         3         2011      22.00          31.00          2.00           86.00          5.00           1.00           3.74           
7         3         2011      22.00          30.40          10.00          92.00          4.00           1.00           3.33           
8         3         2011      22.20          30.40          5.00           92.00          2.80           1.00           3.01           
9         3         2011      21.80          29.30          31.00          87.00          5.00           1.00           3.60           
10        3         2011      23.00          31.40          9.00           83.00          4.00           0.00           3.34           
11        3         2011      23.00          31.00          8.00           88.00          2.00           0.00           2.76           
12        3         2011      23.00          31.20          3.00           88.00          4.50           0.00           3.50           
13        3         2011      21.40          31.20          4.00           90.00          0.50           2.00           2.55           
14        3         2011      21.20          29.60          0.00           86.00          1.00           0.00           2.38           
15        3         2011      21.60          31.40          0.00           80.00          8.00           0.00           4.35           
16        3         2011      21.00          31.40          0.00           84.00          6.00           0.00           3.80           
17        3         2011      22.00          29.20          0.00           89.00          4.00           0.00           3.23           
18        3         2011      22.00          31.20          1.00           87.00          4.00           0.00           3.28           
19        3         2011      21.40          32.60          1.00           84.00          4.50           3.00           4.02           
20        3         2011      22.00          33.00          1.00           86.00          6.50           0.00           4.05           
21        3         2011      22.20          31.70          3.00           84.00          2.00           2.00           3.17           
22        3         2011      22.20          30.00          0.00           87.00          1.00           2.00           2.69           
23        3         2011      22.40          30.00          4.00           86.00          4.00           2.00           3.45           
24        3         2011      21.60          31.00          0.00           85.00          5.00           2.00           3.77           
25        3         2011      22.10          32.40          1.00           83.00          7.50           2.00           4.57           
26        3         2011      22.20          32.40          0.00           84.00          5.50           3.00           4.19           
27        3         2011      22.20          31.60          4.00           84.00          6.00           1.00           3.94           
28        3         2011      22.80          31.20          10.00          85.00          4.00           1.00           3.39           
29        3         2011      20.80          31.20          3.00           83.00          2.50           1.00           3.00           
30        3         2011      22.80          33.00          0.00           84.00          8.00           1.00           4.55           
31        3         2011      22.80          33.40          0.00           82.00          3.50           1.00           3.41           
1         4         2011      22.00          31.40          63.00          88.00          3.50           2.00           3.28           
2         4         2011      22.20          25.20          17.00          92.00          0.00           0.00           1.97           
3         4         2011      22.00          30.40          3.00           87.00          0.50           0.00           2.17           
4         4         2011      22.20          31.60          0.00           84.00          2.50           0.00           2.73           
5         4         2011      22.60          30.60          0.00           84.00          8.00           3.00           4.48           
6         4         2011      22.90          31.20          0.00           82.00          7.50           3.00           4.53           
7         4         2011      22.00          28.40          37.00          94.00          0.00           2.00           2.02           
8         4         2011      20.20          28.60          1.00           88.00          0.00           1.00           2.12           
9         4         2011      22.00          30.60          4.00           86.00          2.00           1.00           2.73           
10        4         2011      22.00          31.40          75.00          88.00          5.50           1.00           3.60           
11        4         2011      22.50          30.60          6.00           90.00          3.30           3.00           3.08           
12        4         2011      22.20          26.00          9.00           94.00          0.00           0.00           1.92           
13        4         2011      22.60          30.00          0.00           87.00          3.00           0.00           2.77           
14        4         2011      22.00          30.00          4.00           86.00          3.00           3.00           3.17           
15        4         2011      23.00          31.40          0.00           84.00          4.00           0.00           3.05           
16        4         2011      22.40          31.30          0.00           81.00          5.00           2.00           3.76           
17        4         2011      20.00          31.20          0.00           84.00          8.00           2.00           4.24           
18        4         2011      21.20          32.50          6.00           81.00          8.00           2.00           4.48           
19        4         2011      21.60          32.80          0.00           80.00          7.00           4.00           4.74           
20        4         2011      22.00          32.30          0.00           80.00          7.00           0.00           3.73           
21        4         2011      21.20          32.80          0.00           81.00          6.80           0.00           3.66           
22        4         2011      21.30          31.20          0.00           84.00          5.00           2.00           3.56           
23        4         2011      23.30          32.40          2.00           83.00          6.50           2.00           4.05           
24        4         2011      23.00          32.40          16.00          85.00          5.50           3.00           3.88           
25        4         2011      22.60          32.10          3.00           88.00          7.00           1.00           3.85           
26        4         2011      22.00          31.90          36.00          84.00          5.50           0.00           3.29           
27        4         2011      21.40          31.60          0.00           82.00          5.00           1.00           3.38           
28        4         2011      21.40          31.00          1.00           80.00          1.50           1.00           2.60           
29        4         2011      22.00          31.40          0.00           86.00          6.50           1.00           3.65           
30        4         2011      23.30          31.20          35.00          89.00          4.50           1.00           3.15           
1         5         2011      23.00          29.70          3.00           91.00          5.00           0.00           3.12           
2         5         2011      22.00          28.00          26.00          88.00          0.00           2.00           2.11           
3         5         2011      22.80          31.00          0.00           84.00          4.50           2.00           3.36           
4         5         2011      22.80          32.00          2.00           82.00          7.50           1.00           3.93           
5         5         2011      23.00          29.00          0.00           91.00          0.20           0.00           1.88           
6         5         2011      22.40          32.20          7.00           85.00          4.50           3.00           3.54           
7         5         2011      22.80          32.30          0.00           85.00          2.50           1.00           2.73           
8         5         2011      21.60          30.60          8.00           89.00          5.00           3.00           3.25           
9         5         2011      21.60          32.00          0.00           83.00          8.00           0.00           3.71           
10        5         2011      21.60          32.00          0.00           80.00          8.00           0.00           3.66           
11        5         2011      22.70          32.40          0.00           82.00          6.00           1.00           3.54           
12        5         2011      22.80          35.20          0.00           82.00          7.00           1.00           3.95           
13        5         2011      22.20          32.60          3.00           87.00          5.50           0.00           3.16           
14        5         2011      22.50          31.90          24.00          88.00          6.00           0.00           3.26           
15        5         2011      22.40          31.10          50.00          89.00          1.50           0.00           2.15           
16        5         2011      22.40          31.20          1.00           84.00          5.20           2.00           3.39           
17        5         2011      22.00          31.60          0.00           83.00          8.00           2.00           4.00           
18        5         2011      22.60          31.80          0.00           82.00          8.00           2.00           4.05           
19        5         2011      23.00          31.00          0.00           82.00          8.00           2.00           3.99           
20        5         2011      22.80          30.40          0.00           82.00          7.00           1.00           3.54           
21        5         2011      22.00          30.80          0.00           81.00          8.00           1.00           3.74           
22        5         2011      21.10          30.80          0.00           74.00          8.00           1.00           3.78           
23        5         2011      20.00          29.80          0.00           74.00          8.00           1.00           3.67           
24        5         2011      20.80          30.60          0.00           79.00          8.00           1.00           3.68           
25        5         2011      20.80          31.60          0.00           77.00          8.00           2.00           4.08           
26        5         2011      19.60          31.20          0.00           77.00          8.00           2.00           4.01           
27        5         2011      20.90          31.00          0.00           77.00          8.00           2.00           4.02           
28        5         2011      21.80          31.00          0.00           80.00          8.00           2.00           3.93           
29        5         2011      22.50          31.80          0.00           81.00          5.50           0.00           2.94           
30        5         2011      21.40          31.70          4.00           83.00          3.50           1.00           2.77           
31        5         2011      22.60          29.60          0.00           87.00          2.00           1.00           2.31           
1         6         2011      22.20          31.20          0.00           84.00          5.50           2.00           3.33           
2         6         2011      22.80          31.40          12.00          85.00          6.50           2.00           3.51           
3         6         2011      22.00          31.60          0.00           79.00          4.50           1.00           3.02           
4         6         2011      21.00          31.80          0.00           80.00          8.00           1.00           3.67           
5         6         2011      20.00          30.80          0.00           79.00          6.00           2.00           3.51           
6         6         2011      20.20          30.60          0.00           82.00          7.50           1.00           3.43           
7         6         2011      19.80          30.60          0.00           79.00          8.00           1.00           3.55           
8         6         2011      18.60          30.00          0.00           82.00          8.00           1.00           3.43           
9         6         2011      19.00          31.00          0.00           78.00          8.00           1.00           3.55           
10        6         2011      19.10          30.60          0.00           77.00          8.00           2.00           3.86           
11        6         2011      18.00          28.60          0.00           75.00          8.00           2.00           3.72           
12        6         2011      18.00          30.00          0.00           76.00          7.00           2.00           3.65           
13        6         2011      19.20          31.40          0.00           75.00          4.50           1.00           2.99           
14        6         2011      18.40          30.40          0.00           78.00          8.00           1.00           3.48           
15        6         2011      18.80          30.00          0.00           75.00          8.00           2.00           3.84           
16        6         2011      16.70          28.40          0.00           76.00          8.00           2.00           3.63           
17        6         2011      17.00          28.80          3.00           77.00          8.00           2.00           3.64           
18        6         2011      19.60          24.40          6.00           90.00          0.00           2.00           1.71           
19        6         2011      20.60          28.80          0.00           81.00          7.00           1.00           3.21           
20        6         2011      18.00          29.40          0.00           76.00          8.00           3.00           4.02           
21        6         2011      19.60          31.00          0.00           80.00          8.00           2.00           3.78           
22        6         2011      20.20          31.00          0.00           76.00          8.00           2.00           3.92           
23        6         2011      17.40          29.80          0.00           76.00          8.00           3.00           4.06           
24        6         2011      17.40          29.20          0.00           80.00          8.00           3.00           3.80           
25        6         2011      18.50          29.40          0.00           77.00          8.00           2.00           3.72           
26        6         2011      22.50          29.40          0.00           81.00          8.00           3.00           3.86           
27        6         2011      23.00          28.20          0.00           83.00          3.50           3.00           2.94           
28        6         2011      22.40          30.00          1.00           87.00          4.50           2.00           2.90           
29        6         2011      20.90          29.80          0.00           84.00          5.50           2.00           3.15           
30        6         2011      20.80          29.60          0.00           84.00          8.00           2.00           3.57           
1         7         2011      18.80          28.80          0.00           78.00          8.00           3.00           3.88           
2         7         2011      16.80          29.20          0.00           77.00          8.00           1.00           3.37           
3         7         2011      17.00          30.20          0.00           76.00          8.00           1.00           3.46           
4         7         2011      18.20          31.40          0.00           75.00          8.00           2.00           3.98           
5         7         2011      17.70          30.40          0.00           75.00          8.00           2.00           3.88           
6         7         2011      18.00          30.80          0.00           80.00          8.00           2.00           3.77           
7         7         2011      18.00          30.00          0.00           77.00          5.00           1.00           2.96           
8         7         2011      19.00          32.00          0.00           79.00          8.00           0.00           3.25           
9         7         2011      20.60          31.60          0.00           79.00          7.50           2.00           3.85           
10        7         2011      21.00          32.00          0.00           76.00          8.00           2.00           4.08           
11        7         2011      21.90          31.00          0.00           80.00          6.50           0.00           3.05           
12        7         2011      22.00          31.60          0.00           81.00          6.50           2.00           3.64           
13        7         2011      19.00          30.20          0.00           77.00          6.00           2.00           3.53           
14        7         2011      21.00          30.60          0.00           76.00          8.00           3.00           4.26           
15        7         2011      21.40          30.50          0.00           82.00          8.00           3.00           3.96           
16        7         2011      22.20          30.00          1.00           80.00          8.00           3.00           4.04           
17        7         2011      21.50          29.00          0.00           84.00          3.50           2.00           2.82           
18        7         2011      20.80          29.40          0.00           83.00          5.00           1.00           2.95           
19        7         2011      20.00          30.60          0.00           81.00          8.00           0.00           3.35           
20        7         2011      20.60          30.80          0.00           82.00          6.50           2.00           3.57           
21        7         2011      20.60          31.60          0.00           72.00          8.00           2.00           4.24           
22        7         2011      20.40          29.40          0.00           80.00          6.50           2.00           3.53           
23        7         2011      18.40          30.80          0.00           72.00          8.00           2.00           4.14           
24        7         2011      17.20          30.00          0.00           76.00          8.00           2.00           3.93           
25        7         2011      18.00          30.00          0.00           79.00          8.00           0.00           3.27           
26        7         2011      20.00          30.20          0.00           78.00          8.00           2.00           3.96           
27        7         2011      20.00          30.00          0.00           78.00          8.00           2.00           3.95           
28        7         2011      17.40          28.60          0.00           80.00          7.80           2.00           3.68           
29        7         2011      18.10          29.40          0.00           79.00          8.00           2.00           3.84           
30        7         2011      18.00          29.00          0.00           76.00          8.00           2.00           3.91           
31        7         2011      18.40          29.00          0.00           84.00          6.00           1.00           3.15           
1         8         2011      21.00          29.00          0.00           82.00          7.00           2.00           3.63           
2         8         2011      21.00          29.60          0.00           79.00          5.00           2.00           3.42           
3         8         2011      19.40          29.00          0.00           74.00          8.00           2.00           4.04           
4         8         2011      18.00          29.00          0.00           70.00          8.00           3.00           4.49           
5         8         2011      17.00          30.00          0.00           78.00          8.00           3.00           4.23           
6         8         2011      17.00          30.60          0.00           76.00          8.00           2.00           4.11           
7         8         2011      17.40          30.40          0.00           79.00          7.50           2.00           3.93           
8         8         2011      18.60          30.40          0.00           76.00          7.50           2.00           4.05           
9         8         2011      19.00          31.20          0.00           76.00          8.00           2.00           4.24           
10        8         2011      17.60          30.40          0.00           75.00          8.00           2.00           4.18           
11        8         2011      17.20          30.00          0.00           80.00          8.00           2.00           3.99           
12        8         2011      18.30          30.00          0.00           76.00          7.50           2.00           4.05           
13        8         2011      19.80          31.60          0.00           76.00          8.00           2.00           4.34           
14        8         2011      19.80          31.40          0.00           74.00          8.00           2.00           4.40           
15        8         2011      21.60          31.20          0.00           78.00          8.00           2.00           4.31           
16        8         2011      22.20          28.00          0.00           78.00          5.30           3.00           3.76           
17        8         2011      19.60          28.40          0.00           77.00          3.50           2.00           3.23           
18        8         2011      18.60          30.00          0.00           74.00          5.00           4.00           4.35           
19        8         2011      19.40          31.80          0.00           65.00          8.00           1.00           4.21           
20        8         2011      20.60          30.20          0.00           69.00          7.50           1.00           4.00           
21        8         2011      20.20          31.00          0.00           77.00          7.00           2.00           4.16           
22        8         2011      20.20          30.20          0.00           74.00          8.00           1.00           4.06           
23        8         2011      18.80          30.40          0.00           77.00          8.00           2.00           4.29           
24        8         2011      18.20          30.00          0.00           71.00          8.00           2.00           4.44           
25        8         2011      17.00          29.60          0.00           67.00          8.00           2.00           4.51           
26        8         2011      17.00          29.40          0.00           70.00          8.00           3.00           4.76           
27        8         2011      18.40          31.00          0.00           74.00          6.70           2.00           4.23           
28        8         2011      19.80          31.60          0.00           77.00          7.50           2.00           4.38           
29        8         2011      19.80          34.00          0.00           79.00          8.00           2.00           4.68           
30        8         2011      20.80          30.20          0.00           74.00          4.50           1.00           3.42           
31        8         2011      20.20          31.00          0.00           77.00          6.00           2.00           4.06           
1         9         2011      20.40          33.60          0.00           79.00          7.00           2.00           4.46           
2         9         2011      20.00          33.00          0.00           74.00          8.00           2.00           4.79           
3         9         2011      21.00          30.00          0.00           79.00          7.00           3.00           4.35           
4         9         2011      20.60          29.80          0.00           79.00          8.00           3.00           4.53           
5         9         2011      22.00          29.40          0.00           78.00          3.50           1.00           3.17           
6         9         2011      19.00          30.80          0.00           76.00          8.00           3.00           4.78           
7         9         2011      20.00          32.00          0.00           71.00          8.00           1.00           4.41           
8         9         2011      20.40          31.40          0.00           71.00          8.00           1.00           4.39           
9         9         2011      22.80          30.40          0.00           73.00          8.00           1.00           4.40           
10        9         2011      22.50          30.40          0.00           73.00          6.50           3.00           4.70           
11        9         2011      22.00          31.00          0.00           77.00          8.00           3.00           4.86           
12        9         2011      21.40          31.40          0.00           80.00          4.00           3.00           3.91           
13        9         2011      21.00          31.80          0.00           72.00          7.50           2.00           4.76           
14        9         2011      21.00          30.80          0.00           79.00          4.00           2.00           3.67           
15        9         2011      22.20          32.30          0.00           75.00          5.00           1.00           3.82           
16        9         2011      22.40          31.00          0.00           74.00          8.00           1.00           4.49           
17        9         2011      22.60          31.60          0.00           74.00          6.00           2.00           4.42           
18        9         2011      21.00          30.90          0.00           74.00          6.00           2.00           4.33           
19        9         2011      21.40          31.60          0.00           76.00          6.00           3.00           4.61           
20        9         2011      21.60          32.00          0.00           72.00          8.00           2.00           4.97           
21        9         2011      19.80          33.30          0.00           74.00          8.00           2.00           5.00           
22        9         2011      20.40          32.60          0.00           70.00          8.00           3.00           5.46           
23        9         2011      21.80          30.20          0.00           70.00          8.00           2.00           4.89           
24        9         2011      22.00          32.20          0.00           74.00          5.50           2.00           4.39           
25        9         2011      21.40          30.60          0.00           79.00          6.50           1.00           4.07           
26        9         2011      23.00          31.00          0.00           77.00          8.00           3.00           5.01           
27        9         2011      20.60          30.00          0.00           70.00          8.00           2.00           4.86           
28        9         2011      20.60          30.40          0.00           74.00          8.00           3.00           5.04           
29        9         2011      21.00          31.40          0.00           75.00          6.50           3.00           4.81           
30        9         2011      22.40          32.60          0.00           74.00          4.00           3.00           4.47           
1         10        2011      22.80          32.80          0.00           74.00          5.00           0.00           3.54           
2         10        2011      21.80          31.00          0.00           70.00          3.50           1.00           3.56           
3         10        2011      19.80          31.40          0.00           66.00          8.00           2.00           5.14           
4         10        2011      19.40          30.40          0.00           67.00          7.00           2.00           4.79           
5         10        2011      20.70          32.00          0.00           69.00          6.50           2.00           4.81           
6         10        2011      20.00          30.60          0.00           73.00          8.00           1.00           4.53           
7         10        2011      20.00          32.20          0.00           71.00          8.00           1.00           4.68           
8         10        2011      20.40          30.00          0.00           75.00          5.00           1.00           3.77           
9         10        2011      21.20          32.60          0.00           76.00          4.50           0.00           3.39           
10        10        2011      22.00          33.60          0.00           73.00          5.00           2.00           4.51           
11        10        2011      21.80          33.20          0.00           68.00          8.00           2.00           5.35           
12        10        2011      21.00          30.00          0.00           78.00          7.50           2.00           4.58           
13        10        2011      21.80          31.40          0.00           67.00          8.00           2.00           5.21           
14        10        2011      21.60          32.20          0.00           68.00          7.50           0.00           4.14           
15        10        2011      23.40          32.20          0.00           73.00          8.00           2.00           5.16           
16        10        2011      23.00          34.20          0.00           73.00          7.00           2.00           5.10           
17        10        2011      23.00          33.40          0.00           78.00          7.00           3.00           5.09           
18        10        2011      23.40          32.40          7.00           78.00          6.00           2.00           4.52           
19        10        2011      23.20          33.40          7.00           79.00          7.00           3.00           5.05           
20        10        2011      23.60          32.70          0.00           76.00          4.00           2.00           4.13           
21        10        2011      23.00          34.20          0.00           79.00          8.00           2.00           5.16           
22        10        2011      23.60          34.20          0.00           76.00          7.00           1.00           4.69           
23        10        2011      22.20          34.20          21.00          86.00          5.50           1.00           4.09           
24        10        2011      22.80          33.60          0.00           73.00          8.00           2.00           5.30           
25        10        2011      22.80          34.20          16.00          78.00          8.00           1.00           4.91           
26        10        2011      23.60          32.60          0.00           81.00          5.50           1.00           4.11           
27        10        2011      22.80          32.80          18.00          81.00          5.00           1.00           3.96           
28        10        2011      23.60          32.00          0.00           78.00          7.50           2.00           4.88           
29        10        2011      23.80          33.20          24.00          77.00          5.00           1.00           4.08           
30        10        2011      22.50          32.30          0.00           74.00          7.00           2.00           4.89           
31        10        2011      22.20          33.60          90.00          76.00          5.50           1.00           4.21           
1         11        2011      22.20          31.00          27.00          81.00          5.00           0.00           3.60           
2         11        2011      23.20          32.00          9.00           85.00          5.00           0.00           3.71           
3         11        2011      23.60          32.40          0.00           80.00          5.00           1.00           3.98           
4         11        2011      22.80          32.00          0.00           80.00          4.60           1.00           3.82           
5         11        2011      22.00          31.60          0.00           86.00          3.00           1.00           3.25           
6         11        2011      22.80          28.80          23.00          88.00          0.00           1.00           2.31           
7         11        2011      22.00          27.80          15.00          88.00          0.00           1.00           2.27           
8         11        2011      22.80          30.00          22.00          86.00          2.50           1.00           3.05           
9         11        2011      22.10          26.80          4.00           90.00          0.00           0.00           2.13           
10        11        2011      21.60          31.40          10.00          88.00          3.00           1.00           3.20           
11        11        2011      22.70          30.80          28.00          92.00          2.00           1.00           2.84           
12        11        2011      23.00          32.00          10.00          81.00          5.00           1.00           3.92           
13        11        2011      23.80          31.00          2.00           82.00          3.00           1.00           3.33           
14        11        2011      23.40          30.60          0.00           82.00          4.00           1.00           3.57           
15        11        2011      23.00          30.80          1.00           87.00          3.70           1.00           3.40           
16        11        2011      23.20          31.00          4.00           81.00          4.50           2.00           3.94           
17        11        2011      22.40          32.00          5.00           85.00          3.00           0.00           3.09           
18        11        2011      22.80          30.40          4.00           88.00          2.00           0.00           2.78           
19        11        2011      21.60          32.40          7.00           89.00          3.00           1.00           3.23           
20        11        2011      22.60          32.40          2.00           83.00          4.00           1.00           3.62           
21        11        2011      22.40          31.60          2.00           92.00          1.50           0.00           2.67           
22        11        2011      22.20          30.00          62.00          94.00          3.00           1.00           3.02           
23        11        2011      23.00          32.70          1.00           78.00          4.00           1.00           3.73           
24        11        2011      22.20          31.40          0.00           79.00          8.00           1.00           4.65           
25        11        2011      21.10          32.40          0.00           75.00          8.00           1.00           4.73           
26        11        2011      21.40          33.20          0.00           74.00          8.00           1.00           4.81           
27        11        2011      24.00          33.20          0.00           80.00          8.00           2.00           5.05           
28        11        2011      23.20          32.40          10.00          85.00          4.00           1.00           3.60           
29        11        2011      23.80          32.20          2.00           83.00          1.50           1.00           2.95           
30        11        2011      23.00          32.40          1.00           82.00          5.00           0.00           3.67           
1         12        2011      23.80          32.00          0.00           82.00          5.00           1.00           3.91           
2         12        2011      23.60          33.00          4.00           80.00          7.00           1.00           4.54           
3         12        2011      23.00          30.00          5.00           86.00          4.00           1.00           3.44           
4         12        2011      21.60          31.00          2.00           84.00          2.50           1.00           3.11           
5         12        2011      23.00          30.40          23.00          85.00          3.50           1.00           3.35           
6         12        2011      23.00          30.00          0.00           87.00          2.00           1.00           2.90           
7         12        2011      22.00          31.40          10.00          84.00          3.00           1.00           3.26           
8         12        2011      21.80          29.20          13.00          87.00          1.00           1.00           2.59           
9         12        2011      22.00          29.00          0.00           89.00          5.00           1.00           3.57           
10        12        2011      23.40          33.00          0.00           80.00          8.00           1.00           4.79           
11        12        2011      22.80          33.00          0.00           75.00          4.50           1.00           3.92           
12        12        2011      23.00          31.20          17.00          86.00          4.00           1.00           3.50           
13        12        2011      22.00          30.00          77.00          88.00          5.50           1.00           3.77           
14        12        2011      22.20          32.60          2.00           91.00          5.50           1.00           3.89           
15        12        2011      23.20          31.00          11.00          86.00          5.00           1.00           3.76           
16        12        2011      21.00          31.40          0.00           86.00          4.50           1.00           3.60           
17        12        2011      23.20          29.00          0.00           78.00          0.50           1.00           2.66           
18        12        2011      23.20          30.00          8.00           82.00          5.00           1.00           3.77           
19        12        2011      22.90          32.00          3.00           82.00          6.50           1.00           4.28           
20        12        2011      22.40          31.60          15.00          88.00          4.50           1.00           3.61           
21        12        2011      22.40          30.40          13.00          87.00          4.00           1.00           3.43           
22        12        2011      24.40          31.20          2.00           86.00          6.20           2.00           4.21           
23        12        2011      23.20          31.40          0.00           86.00          3.50           2.00           3.52           
24        12        2011      23.40          31.60          0.00           82.00          5.00           0.00           3.65           
25        12        2011      23.60          32.50          37.00          86.00          6.00           1.00           4.14           
26        12        2011      23.00          30.10          20.00          90.00          2.00           1.00           2.84           
27        12        2011      23.00          30.40          32.00          83.00          6.00           1.00           4.04           
28        12        2011      23.00          29.60          29.00          92.00          0.50           1.00           2.38           
29        12        2011      22.90          29.00          3.00           90.00          0.50           1.00           2.41           
30        12        2011      22.50          30.60          1.00           87.00          3.50           1.00           3.32           
31        12        2011      23.80          31.60          12.00          74.00          5.00           1.00           4.02           
1         1         2012      22.80          29.00          22.00          91.00          1.00           1.00           2.52           
2         1         2012      23.00          32.20          4.00           83.00          5.00           1.00           3.89           
3         1         2012      22.80          32.00          39.00          92.00          5.50           1.00           3.87           
4         1         2012      22.00          30.00          4.00           91.00          0.50           1.00           2.41           
5         1         2012      22.80          30.00          14.00          89.00          3.50           1.00           3.26           
6         1         2012      23.00          31.20          8.00           86.00          2.00           1.00           2.98           
7         1         2012      22.80          33.80          16.00          88.00          1.00           1.00           2.78           
8         1         2012      23.00          26.80          7.00           93.00          0.50           1.00           2.28           
9         1         2012      22.60          28.40          3.00           87.00          1.50           1.00           2.71           
10        1         2012      23.20          31.00          1.00           87.00          0.50           1.00           2.55           
11        1         2012      22.80          31.60          4.00           82.00          2.00           1.00           3.08           
12        1         2012      23.00          28.80          9.00           90.00          1.50           1.00           2.67           
13        1         2012      23.00          32.40          62.00          85.00          6.00           1.00           4.16           
14        1         2012      22.40          30.20          13.00          86.00          3.50           1.00           3.33           
15        1         2012      23.00          29.80          1.00           89.00          0.50           1.00           2.47           
16        1         2012      22.20          31.30          8.00           87.00          3.00           1.00           3.23           
17        1         2012      22.20          30.20          0.00           90.00          3.00           1.00           3.12           
18        1         2012      22.50          30.40          21.00          88.00          2.00           1.00           2.91           
19        1         2012      22.40          30.00          30.00          88.00          4.00           1.00           3.42           
20        1         2012      23.00          28.00          10.00          91.00          0.50           1.00           2.37           
21        1         2012      22.00          29.00          27.00          94.00          1.50           1.00           2.59           
22        1         2012      22.60          29.00          24.00          85.00          7.00           1.00           4.21           
23        1         2012      22.10          32.20          27.00          84.00          5.00           1.00           3.88           
24        1         2012      22.80          30.00          0.00           80.00          5.00           3.00           4.21           
25        1         2012      25.20          30.00          0.00           65.00          4.00           5.00           5.65           
26        1         2012      25.00          31.20          0.00           69.00          8.00           4.00           5.97           
27        1         2012      23.20          32.00          0.00           73.00          8.00           3.00           5.48           
28        1         2012      23.00          29.00          9.00           82.00          8.00           2.00           4.62           
29        1         2012      21.60          35.20          33.00          82.00          5.00           2.00           4.39           
30        1         2012      22.40          29.40          4.00           92.00          0.00           1.00           2.26           
31        1         2012      22.20          31.20          17.00          93.00          3.00           1.00           3.13           
1         2         2012      22.40          32.10          0.00           83.00          3.00           1.00           3.36           
2         2         2012      22.60          32.20          0.00           83.00          2.50           1.00           3.24           
3         2         2012      22.20          29.80          46.00          86.00          0.50           1.00           2.53           
4         2         2012      21.60          28.00          24.00          91.00          0.00           1.00           2.22           
5         2         2012      23.40          32.00          0.00           79.00          7.00           1.00           4.54           
6         2         2012      22.10          31.30          1.00           85.00          4.00           1.00           3.55           
7         2         2012      22.20          31.60          1.00           84.00          5.00           1.00           3.86           
8         2         2012      22.00          31.60          21.00          80.00          7.00           1.00           4.44           
9         2         2012      22.80          31.40          0.00           81.00          5.50           1.00           4.05           
10        2         2012      21.80          30.40          8.00           84.00          3.50           1.00           3.38           
11        2         2012      21.80          32.00          10.00          82.00          5.50           1.00           4.04           
12        2         2012      23.00          29.00          19.00          86.00          4.50           1.00           3.57           
13        2         2012      22.30          32.10          0.00           82.00          8.00           1.00           4.73           
14        2         2012      23.00          32.20          0.00           82.00          8.00           1.00           4.77           
15        2         2012      22.20          31.80          2.00           84.00          6.00           1.00           4.14           
16        2         2012      22.80          30.40          76.00          89.00          4.00           1.00           3.45           
17        2         2012      23.00          32.00          0.00           81.00          7.00           1.00           4.49           
18        2         2012      23.00          30.60          0.00           80.00          2.50           1.00           3.22           
19        2         2012      22.40          30.00          87.00          92.00          4.00           1.00           3.36           
20        2         2012      21.40          30.40          2.00           88.00          1.50           1.00           2.76           
21        2         2012      21.80          32.00          1.00           85.00          4.50           1.00           3.71           
22        2         2012      22.50          31.20          2.00           86.00          1.50           1.00           2.85           
23        2         2012      23.00          31.40          37.00          88.00          4.00           0.00           3.42           
24        2         2012      23.00          33.60          8.00           84.00          3.00           0.00           3.17           
25        2         2012      22.40          33.40          0.00           86.00          7.50           1.00           4.63           
26        2         2012      21.80          32.00          55.00          92.00          5.00           1.00           3.72           
27        2         2012      22.00          32.20          5.00           84.00          4.00           1.00           3.60           
28        2         2012      21.80          32.60          39.00          86.00          7.30           1.00           4.48           
29        2         2012      22.40          31.00          0.00           87.00          6.00           1.00           4.02           
1         3         2012      23.50          30.00          16.00          84.00          6.00           0.00           3.93           
2         3         2012      22.20          33.00          9.00           86.00          2.30           0.00           2.91           
3         3         2012      22.60          32.50          0.00           84.00          1.50           1.00           2.93           
4         3         2012      22.20          31.60          15.00          86.00          4.00           0.00           3.36           
5         3         2012      22.00          31.60          0.00           84.00          4.50           1.00           3.67           
6         3         2012      22.00          30.40          5.00           83.00          1.00           1.00           2.70           
7         3         2012      22.40          32.20          51.00          84.00          3.20           1.00           3.36           
8         3         2012      23.20          32.00          12.00          91.00          0.00           0.00           2.21           
9         3         2012      23.00          32.00          5.00           80.00          3.00           0.00           3.05           
10        3         2012      23.00          32.20          0.00           76.00          4.50           0.00           3.45           
11        3         2012      22.80          31.20          0.00           85.00          4.50           2.00           3.76           
12        3         2012      19.20          32.40          0.00           78.00          7.50           2.00           4.76           
13        3         2012      19.80          32.40          8.00           80.00          6.50           2.00           4.46           
14        3         2012      23.00          30.30          29.00          70.00          1.00           1.00           2.95           
15        3         2012      23.00          30.00          0.00           70.00          7.40           1.00           4.49           
16        3         2012      23.80          31.20          0.00           78.00          6.00           2.00           4.38           
17        3         2012      22.80          32.00          16.00          77.00          5.50           2.00           4.33           
18        3         2012      22.80          32.20          0.00           83.00          6.00           2.00           4.25           
19        3         2012      21.90          30.00          38.00          86.00          0.50           0.00           2.24           
20        3         2012      22.00          26.00          9.00           93.00          0.00           0.00           2.04           
21        3         2012      21.00          27.40          6.00           92.00          0.00           1.00           2.09           
22        3         2012      22.20          30.00          0.00           80.00          4.80           1.00           3.63           
23        3         2012      23.40          31.00          0.00           86.00          4.00           1.00           3.41           
24        3         2012      22.80          31.40          0.00           87.00          8.00           1.00           4.45           
25        3         2012      22.60          31.90          0.00           82.00          6.50           1.00           4.14           
26        3         2012      22.00          30.00          12.00          86.00          5.00           1.00           3.55           
27        3         2012      23.00          31.40          1.00           79.00          8.00           2.00           4.73           
28        3         2012      20.00          31.40          0.00           80.00          8.00           1.00           4.38           
29        3         2012      23.00          31.30          3.00           81.00          8.00           1.00           4.47           
30        3         2012      23.40          32.10          0.00           83.00          7.00           1.00           4.25           
31        3         2012      22.00          30.80          63.00          89.00          4.00           3.00           3.38           
1         4         2012      21.80          31.20          0.00           90.00          5.00           0.00           3.45           
2         4         2012      22.00          31.20          7.00           87.00          7.00           1.00           4.05           
3         4         2012      22.90          32.20          68.00          87.00          5.50           1.00           3.75           
4         4         2012      22.20          30.10          7.00           84.00          7.00           1.00           4.00           
5         4         2012      22.20          31.60          0.00           85.00          3.50           1.00           3.20           
6         4         2012      21.80          32.00          20.00          82.00          5.50           1.00           3.75           
7         4         2012      22.00          31.60          2.00           85.00          5.00           1.00           3.55           
8         4         2012      22.20          32.20          0.00           85.00          6.50           1.00           3.96           
9         4         2012      22.00          32.40          0.00           77.00          8.00           2.00           4.71           
10        4         2012      22.70          33.00          13.00          83.00          7.00           2.00           4.35           
11        4         2012      21.20          32.00          6.00           85.00          6.50           1.00           3.88           
12        4         2012      22.20          31.80          0.00           83.00          4.00           2.00           3.52           
13        4         2012      23.00          31.40          26.00          82.00          6.50           1.00           3.92           
14        4         2012      23.80          32.10          8.00           84.00          6.50           1.00           3.95           
15        4         2012      22.40          32.20          3.00           84.00          6.50           1.00           3.90           
16        4         2012      23.20          32.40          0.00           86.00          6.00           1.00           3.77           
17        4         2012      22.40          33.00          3.00           84.00          7.50           1.00           4.18           
18        4         2012      23.20          32.30          0.00           82.00          7.50           1.00           4.17           
19        4         2012      22.80          32.60          0.00           79.00          8.00           1.00           4.31           
20        4         2012      21.40          32.40          0.00           78.00          8.00           1.00           4.25           
21        4         2012      19.90          31.20          0.00           82.00          8.00           1.00           4.05           
22        4         2012      20.90          31.40          0.00           81.00          7.50           1.00           3.98           
23        4         2012      21.00          32.00          0.00           80.00          8.00           1.00           4.14           
24        4         2012      22.90          32.00          0.00           80.00          7.00           1.00           3.96           
25        4         2012      23.40          33.00          0.00           78.00          8.00           1.00           4.30           
26        4         2012      21.40          32.00          0.00           78.00          8.00           1.00           4.14           
27        4         2012      21.40          31.60          0.00           82.00          8.00           1.00           4.05           
28        4         2012      21.40          32.40          0.00           80.00          6.50           1.00           3.78           
29        4         2012      21.60          33.00          3.00           84.00          6.50           1.00           3.76           
30        4         2012      22.80          30.80          9.00           90.00          3.80           1.00           2.92           
1         5         2012      23.00          31.60          0.00           80.00          8.00           1.00           4.08           
2         5         2012      20.40          32.00          0.00           83.00          8.00           1.60           4.08           
3         5         2012      23.00          33.00          0.00           78.00          7.50           2.00           4.36           
4         5         2012      22.40          32.80          0.00           82.00          4.50           2.00           3.54           
5         5         2012      23.20          32.00          14.00          84.00          7.50           2.00           4.05           
6         5         2012      22.00          31.60          0.00           84.00          4.00           1.00           3.04           
7         5         2012      22.20          31.00          39.00          84.00          5.00           1.00           3.22           
8         5         2012      22.00          31.40          0.00           82.00          6.50           1.00           3.58           
9         5         2012      20.20          32.40          0.00           78.00          8.00           2.00           4.27           
10        5         2012      21.60          31.00          0.00           83.00          7.00           1.60           3.73           
11        5         2012      21.80          30.60          0.00           82.00          6.00           1.00           3.39           
12        5         2012      22.00          30.20          4.00           82.00          7.00           2.00           3.76           
13        5         2012      22.60          28.00          3.00           93.00          0.00           1.00           1.80           
14        5         2012      23.60          29.20          0.00           88.00          0.30           1.00           2.01           
15        5         2012      22.20          32.40          7.00           84.00          5.70           1.00           3.38           
16        5         2012      22.20          32.80          6.00           83.00          8.00           1.60           4.03           
17        5         2012      22.40          32.00          0.00           86.00          6.30           1.60           3.53           
18        5         2012      22.70          32.80          15.00          85.00          7.00           1.60           3.76           
19        5         2012      23.20          31.80          0.00           83.00          7.50           2.00           3.92           
20        5         2012      21.40          31.00          0.00           83.00          8.00           2.00           3.89           
21        5         2012      21.20          30.60          0.00           74.00          8.00           2.00           4.13           
22        5         2012      22.00          30.60          0.00           74.00          8.00           2.00           4.14           
23        5         2012      21.80          30.40          0.00           80.00          8.00           2.00           3.92           
24        5         2012      22.00          30.20          0.00           76.00          8.00           2.00           4.03           
25        5         2012      20.00          30.80          0.00           78.00          8.00           2.00           3.95           
26        5         2012      22.00          33.00          0.00           77.00          8.00           2.00           4.23           
27        5         2012      21.80          30.50          0.00           83.00          7.00           2.00           3.61           
28        5         2012      21.90          33.20          0.00           80.00          8.00           2.00           4.13           
29        5         2012      21.00          30.80          0.00           74.00          8.00           0.00           3.28           
30        5         2012      22.80          30.40          0.00           81.00          8.00           1.60           3.78           
31        5         2012      21.40          30.20          0.00           84.00          4.50           2.00           3.06           
1         6         2012      21.00          31.00          0.00           77.00          7.60           2.00           3.90           
2         6         2012      20.20          30.00          0.00           75.00          5.50           2.00           3.51           
3         6         2012      19.60          32.40          0.00           76.00          8.00           1.00           3.72           
4         6         2012      18.40          30.30          0.00           74.00          8.00           1.00           3.55           
5         6         2012      19.70          32.50          0.00           74.00          8.00           1.00           3.74           
6         6         2012      21.40          33.20          0.00           80.00          8.00           1.00           3.77           
7         6         2012      22.60          31.10          0.00           86.00          1.50           1.00           2.26           
8         6         2012      21.20          32.40          0.00           82.00          0.00           1.00           2.08           
9         6         2012      22.30          32.60          5.00           86.00          8.00           1.00           3.67           
10        6         2012      23.20          31.60          0.00           86.00          3.50           1.00           2.69           
11        6         2012      22.10          33.20          28.00          90.00          0.50           1.00           2.04           
12        6         2012      21.70          31.40          0.00           79.00          4.50           1.00           2.97           
13        6         2012      20.00          32.30          0.00           74.00          8.00           1.00           3.70           
14        6         2012      20.80          30.60          0.00           81.00          8.00           1.00           3.52           
15        6         2012      18.60          32.40          0.00           80.00          8.00           0.00           3.23           
16        6         2012      19.00          31.60          0.00           81.00          7.00           1.00           3.35           
17        6         2012      21.20          33.00          0.00           82.00          8.00           0.00           3.39           
18        6         2012      20.10          30.80          0.00           80.00          8.00           2.00           3.78           
19        6         2012      22.90          31.60          0.00           79.00          6.50           1.00           3.38           
20        6         2012      23.00          30.10          0.00           84.00          1.50           2.00           2.48           
21        6         2012      21.50          30.60          0.00           84.00          3.50           2.00           2.86           
22        6         2012      20.00          30.20          0.00           80.00          7.50           1.00           3.38           
23        6         2012      19.80          31.20          0.00           75.00          8.00           1.00           3.59           
24        6         2012      18.40          30.60          0.00           72.00          8.00           0.00           3.04           
25        6         2012      18.40          30.80          0.00           80.00          8.00           3.00           3.99           
26        6         2012      19.60          30.50          0.00           80.00          6.50           1.00           3.22           
27        6         2012      20.00          29.00          0.00           83.00          4.50           2.00           2.95           
28        6         2012      20.80          29.00          0.00           78.00          6.00           2.00           3.38           
29        6         2012      18.00          29.20          0.00           80.00          8.00           1.00           3.36           
30        6         2012      19.20          29.60          0.00           82.00          8.00           1.00           3.40           
1         7         2012      19.40          29.00          0.00           78.00          8.00           3.00           3.91           
2         7         2012      20.40          29.60          0.00           80.00          8.00           1.00           3.47           
3         7         2012      20.20          29.00          0.00           78.00          6.50           1.00           3.19           
4         7         2012      17.60          29.00          0.00           80.00          8.00           1.00           3.35           
5         7         2012      18.40          30.40          0.00           79.00          8.00           1.00           3.49           
6         7         2012      20.20          32.00          0.00           81.00          4.00           1.00           2.86           
7         7         2012      20.40          29.60          0.00           76.00          4.00           2.00           3.18           
8         7         2012      19.60          29.20          0.00           80.00          3.00           3.00           3.09           
9         7         2012      19.60          31.80          0.00           78.00          7.00           1.00           3.46           
10        7         2012      21.20          28.00          0.00           80.00          2.50           1.00           2.44           
11        7         2012      18.60          29.20          0.00           82.00          3.00           1.00           2.51           
12        7         2012      18.60          29.20          0.00           81.00          7.00           1.00           3.25           
13        7         2012      22.30          30.00          4.00           77.00          8.00           1.00           3.66           
14        7         2012      22.00          28.00          0.00           91.00          0.50           1.00           1.87           
15        7         2012      21.00          28.00          0.00           84.00          0.50           1.00           2.01           
16        7         2012      20.20          29.80          0.00           84.00          8.00           1.00           3.51           
17        7         2012      22.00          29.20          1.00           75.00          5.50           1.00           3.18           
18        7         2012      21.80          30.00          10.00          92.00          0.50           0.00           1.83           
19        7         2012      23.00          28.20          0.00           86.00          0.50           1.00           2.01           
20        7         2012      19.40          27.30          0.00           85.00          3.50           1.00           2.52           
21        7         2012      19.80          30.80          0.00           81.00          8.00           1.00           3.64           
22        7         2012      19.60          30.00          0.00           80.00          6.50           1.00           3.32           
23        7         2012      17.80          29.40          0.00           76.00          8.00           1.00           3.57           
24        7         2012      21.20          30.00          0.00           82.00          8.00           0.00           3.45           
25        7         2012      17.60          29.20          0.00           80.00          6.00           0.00           2.84           
26        7         2012      19.40          29.00          0.00           78.00          8.00           0.00           3.30           
27        7         2012      19.20          30.00          0.00           76.00          8.00           0.00           3.32           
28        7         2012      19.00          32.00          0.00           79.00          8.00           2.00           4.10           
29        7         2012      18.60          29.20          0.00           80.00          6.00           2.00           3.46           
30        7         2012      18.20          30.00          0.00           80.00          8.00           1.00           3.64           
31        7         2012      18.10          29.40          0.00           80.00          8.00           1.00           3.61           
1         8         2012      17.80          29.80          0.00           78.00          8.00           2.00           3.94           
2         8         2012      19.60          29.00          0.00           80.00          8.00           2.00           3.86           
3         8         2012      20.00          29.40          0.00           81.00          8.00           2.00           3.88           
4         8         2012      20.00          30.40          0.00           78.00          5.50           2.00           3.62           
5         8         2012      19.80          32.00          0.00           74.00          7.50           2.00           4.27           
6         8         2012      21.00          32.30          0.00           78.00          8.00           2.00           4.30           
7         8         2012      17.60          34.40          0.00           80.00          8.00           2.00           4.42           
8         8         2012      18.40          30.60          0.00           75.00          8.00           2.00           4.20           
9         8         2012      19.20          30.00          0.00           76.00          8.00           2.00           4.14           
10        8         2012      20.20          31.00          0.00           77.00          8.00           2.00           4.24           
11        8         2012      20.20          30.50          0.00           78.00          6.50           2.00           3.88           
12        8         2012      18.00          32.00          0.00           77.00          8.00           2.00           4.32           
13        8         2012      18.40          29.30          0.00           82.00          8.00           1.00           3.74           
14        8         2012      18.10          29.00          0.00           78.00          6.00           2.00           3.66           
15        8         2012      17.60          30.80          0.00           74.00          8.00           2.00           4.32           
16        8         2012      18.40          30.00          0.00           76.00          6.00           2.00           3.83           
17        8         2012      18.40          31.40          0.00           78.00          7.60           2.00           4.21           
18        8         2012      18.80          30.80          0.00           79.00          8.00           2.00           4.22           
19        8         2012      18.90          32.60          0.00           70.00          8.00           2.00           4.70           
20        8         2012      17.20          32.40          0.00           67.00          8.00           2.00           4.76           
21        8         2012      22.00          31.30          0.00           76.00          7.50           2.00           4.37           
22        8         2012      19.00          31.00          0.00           75.00          8.00           2.00           4.42           
23        8         2012      18.00          30.40          0.00           70.00          8.00           2.00           4.50           
24        8         2012      21.40          31.20          0.00           72.00          8.00           2.00           4.61           
25        8         2012      19.20          30.00          0.00           74.00          5.50           2.00           3.91           
26        8         2012      21.80          30.00          0.00           81.00          4.00           2.00           3.41           
27        8         2012      22.40          29.60          0.00           80.00          4.50           2.00           3.54           
28        8         2012      20.60          29.00          0.00           83.00          6.00           2.00           3.68           
29        8         2012      19.60          29.40          0.00           80.00          7.00           2.00           4.00           
30        8         2012      18.60          31.40          0.00           75.00          8.00           2.00           4.54           
31        8         2012      20.00          30.60          0.00           80.00          8.00           2.00           4.34           
1         9         2012      19.20          31.20          0.00           75.00          8.00           1.00           4.22           
2         9         2012      18.40          32.20          0.00           75.00          8.00           1.00           4.29           
3         9         2012      19.00          31.60          0.00           77.00          5.00           1.00           3.57           
4         9         2012      20.80          32.00          0.00           76.00          8.00           1.00           4.36           
5         9         2012      21.30          32.40          0.00           74.00          8.00           2.00           4.80           
6         9         2012      20.20          31.00          0.00           76.00          8.00           2.00           4.58           
7         9         2012      21.00          32.30          0.00           78.00          6.50           2.00           4.34           
8         9         2012      21.30          33.10          0.00           76.00          8.00           2.00           4.84           
9         9         2012      18.60          32.20          0.00           75.00          8.00           2.00           4.73           
10        9         2012      19.80          32.00          0.00           78.00          8.00           2.00           4.65           
11        9         2012      20.20          32.20          0.00           75.00          8.00           2.00           4.78           
12        9         2012      20.00          31.00          0.00           74.00          8.00           2.00           4.70           
13        9         2012      19.80          30.80          0.00           78.00          8.00           2.00           4.56           
14        9         2012      20.50          30.00          0.00           78.00          7.50           2.00           4.40           
15        9         2012      21.10          33.80          0.00           75.00          8.00           2.00           5.01           
16        9         2012      20.20          34.20          0.00           75.00          8.00           1.00           4.65           
17        9         2012      19.80          31.60          0.00           82.00          6.00           1.00           3.88           
18        9         2012      23.00          33.20          0.00           75.00          8.00           2.00           5.02           
19        9         2012      23.10          31.40          0.00           78.00          7.50           2.00           4.65           
20        9         2012      21.40          32.20          0.00           79.00          8.00           2.00           4.76           
21        9         2012      21.80          35.00          0.00           74.00          8.00           2.00           5.24           
22        9         2012      20.30          31.80          0.00           74.00          8.00           2.00           4.87           
23        9         2012      20.70          32.60          0.00           74.00          8.00           2.00           4.97           
24        9         2012      21.00          31.60          0.00           79.00          8.00           2.00           4.73           
25        9         2012      22.20          31.40          0.00           76.00          7.50           2.00           4.73           
26        9         2012      21.20          29.60          0.00           83.00          1.50           2.00           2.94           
27        9         2012      20.40          29.90          0.00           80.00          5.00           1.00           3.64           
28        9         2012      20.30          31.80          0.00           77.00          7.50           2.00           4.70           
29        9         2012      19.80          32.80          0.00           77.00          8.00           1.00           4.61           
30        9         2012      20.20          30.30          0.00           78.00          8.00           2.00           4.65           
1         10        2012      20.60          34.20          2.00           76.00          8.00           2.00           5.13           
2         10        2012      20.90          33.00          0.00           78.00          8.00           2.00           4.95           
3         10        2012      23.00          32.60          0.00           78.00          8.00           2.00           4.97           
4         10        2012      21.40          32.80          0.00           76.00          8.00           2.00           5.02           
5         10        2012      23.20          34.20          0.00           73.00          8.00           2.00           5.31           
6         10        2012      22.20          33.40          0.00           69.00          8.00           2.00           5.34           
7         10        2012      23.40          34.00          0.00           72.00          8.00           2.00           5.34           
8         10        2012      23.80          31.30          35.00          86.00          5.00           2.00           3.88           
9         10        2012      23.00          33.00          0.00           80.00          8.00           1.00           4.77           
10        10        2012      21.20          32.40          1.00           77.00          8.00           2.00           4.96           
11        10        2012      21.00          32.60          0.00           75.00          8.00           2.00           5.05           
12        10        2012      21.20          32.80          12.00          82.00          5.00           1.00           3.88           
13        10        2012      21.20          33.00          0.00           76.00          8.00           2.00           5.07           
14        10        2012      24.20          34.70          0.00           76.00          8.00           2.00           5.33           
15        10        2012      23.00          34.20          2.00           78.00          7.00           2.00           4.93           
16        10        2012      23.30          33.00          0.00           78.00          8.00           2.00           5.07           
17        10        2012      22.40          33.60          0.00           79.00          6.00           1.00           4.29           
18        10        2012      22.60          33.00          9.00           78.00          7.00           2.00           4.81           
19        10        2012      23.80          32.40          0.00           79.00          7.00           2.00           4.76           
20        10        2012      22.40          31.60          0.00           74.00          6.00           2.00           4.57           
21        10        2012      22.00          33.00          0.00           76.00          8.00           1.00           4.81           
22        10        2012      20.40          33.00          0.00           70.00          8.00           1.00           4.82           
23        10        2012      21.00          25.60          0.00           72.00          8.00           1.00           4.31           
24        10        2012      22.00          31.60          0.00           80.00          8.00           1.00           4.66           
25        10        2012      21.60          33.60          0.00           73.00          8.00           2.00           5.26           
26        10        2012      22.00          34.80          0.00           76.00          8.00           2.00           5.31           
27        10        2012      21.40          34.00          0.00           72.00          7.00           1.00           4.66           
28        10        2012      21.40          34.00          0.00           80.00          4.00           1.00           3.75           
29        10        2012      22.40          33.20          17.00          78.00          5.50           1.00           4.16           
30        10        2012      22.20          33.60          1.00           78.00          6.50           1.00           4.45           
31        10        2012      22.20          34.00          0.00           77.00          6.00           1.00           4.35           
1         11        2012      22.60          33.00          0.00           84.00          6.00           0.00           4.01           
2         11        2012      23.20          33.20          5.00           76.00          5.50           0.00           3.82           
3         11        2012      23.30          32.80          5.00           78.00          5.00           0.00           3.68           
4         11        2012      22.40          32.60          0.00           80.00          6.50           0.00           4.09           
5         11        2012      23.80          32.40          0.00           82.00          5.80           0.00           3.96           
6         11        2012      23.00          33.30          0.00           81.00          5.50           0.00           3.86           
7         11        2012      23.20          28.60          5.00           86.00          2.00           1.00           2.87           
8         11        2012      23.00          32.60          0.00           80.00          4.50           0.00           3.53           
9         11        2012      23.40          33.60          0.00           76.00          7.00           2.00           4.97           
10        11        2012      23.80          33.80          0.00           76.00          6.50           0.00           4.16           
11        11        2012      23.60          33.20          0.00           80.00          7.00           0.00           4.31           
12        11        2012      23.00          33.60          0.00           76.00          7.50           0.00           4.40           
13        11        2012      23.00          30.00          0.00           77.00          6.50           1.00           4.24           
14        11        2012      23.20          34.00          0.00           85.00          4.00           1.00           3.70           
15        11        2012      23.20          33.80          10.00          80.00          7.00           1.00           4.60           
16        11        2012      23.00          35.20          0.00           86.00          5.00           1.00           4.04           
17        11        2012      22.80          33.60          35.00          81.00          6.50           1.00           4.42           
18        11        2012      23.20          31.00          9.00           85.00          4.00           1.00           3.53           
19        11        2012      23.40          30.20          6.00           88.00          2.00           1.00           2.90           
20        11        2012      23.20          30.60          17.00          82.00          6.00           2.00           4.23           
21        11        2012      23.00          30.00          0.00           84.00          1.00           1.00           2.70           
22        11        2012      22.80          29.00          1.00           86.00          0.50           1.00           2.49           
23        11        2012      23.20          32.60          8.00           88.00          2.30           1.00           3.09           
24        11        2012      23.00          33.00          6.00           88.00          2.50           1.00           3.16           
25        11        2012      22.00          31.40          38.00          84.00          2.00           1.00           3.01           
26        11        2012      23.60          33.00          0.00           81.00          5.00           1.00           3.98           
27        11        2012      23.30          32.80          0.00           79.00          6.00           1.00           4.26           
28        11        2012      21.60          32.40          5.00           94.00          5.00           1.00           3.68           
29        11        2012      23.20          30.00          59.00          82.00          6.50           1.00           4.17           
30        11        2012      23.00          33.00          0.00           80.00          6.50           1.00           4.38           
1         12        2012      22.10          33.40          2.00           84.00          7.00           0.00           4.28           
2         12        2012      23.00          31.80          8.00           87.00          1.50           0.00           2.66           
3         12        2012      22.60          31.20          7.00           90.00          3.00           0.00           3.09           
4         12        2012      22.60          31.80          0.00           87.00          4.00           0.00           3.38           
5         12        2012      22.20          31.80          28.00          86.00          2.00           0.00           2.78           
6         12        2012      22.40          31.40          33.00          92.00          3.00           0.00           3.10           
7         12        2012      22.40          33.40          16.00          87.00          5.50           0.00           3.87           
8         12        2012      22.60          32.20          2.00           86.00          4.50           0.00           3.53           
9         12        2012      23.80          33.10          73.00          88.00          6.00           0.00           4.08           
10        12        2012      21.80          31.80          0.00           92.00          3.50           0.00           3.24           
11        12        2012      22.50          32.20          88.00          88.00          2.50           0.00           2.95           
12        12        2012      22.20          32.00          4.00           86.00          5.00           0.00           3.65           
13        12        2012      22.20          31.20          40.00          87.00          3.50           0.00           3.20           
14        12        2012      22.80          34.60          5.00           83.00          1.50           0.00           2.71           
15        12        2012      22.00          34.00          11.00          85.00          4.50           0.00           3.57           
16        12        2012      22.20          32.20          3.00           86.00          4.20           0.00           3.43           
17        12        2012      23.40          34.10          26.00          86.00          5.00           0.00           3.78           
18        12        2012      23.00          31.40          34.00          86.00          5.50           0.00           3.81           
19        12        2012      22.40          31.20          10.00          87.00          5.50           2.00           3.95           
20        12        2012      23.80          32.40          0.00           80.00          8.00           0.00           4.55           
21        12        2012      22.20          28.20          32.00          92.00          0.20           2.00           2.28           
22        12        2012      23.50          33.00          23.00          86.00          5.00           0.00           3.75           
23        12        2012      22.60          32.30          3.00           86.00          5.00           0.00           3.68           
24        12        2012      23.20          32.20          10.00          87.00          5.00           0.00           3.71           
25        12        2012      22.30          33.40          4.00           86.00          4.50           0.00           3.57           
26        12        2012      22.20          32.60          0.00           85.00          5.00           0.00           3.67           
27        12        2012      22.60          32.40          38.00          88.00          2.00           1.00           2.98           
28        12        2012      24.00          31.40          16.00          84.00          5.50           1.00           3.99           
29        12        2012      23.40          33.40          0.00           84.00          6.50           1.00           4.37           
30        12        2012      23.20          31.60          0.00           91.00          4.00           0.00           3.43           
31        12        2012      23.60          32.00          8.00           88.00          5.00           0.00           3.73           
1         1         2013      23.00          31.60          2.00           86.00          1.50           0.00           2.66           
2         1         2013      23.00          32.90          50.00          87.00          4.00           0.00           3.44           
3         1         2013      22.00          30.00          10.00          87.00          1.50           0.00           2.60           
4         1         2013      22.00          30.00          0.00           89.00          4.50           0.00           3.46           
5         1         2013      23.00          30.00          10.00          88.00          0.50           0.00           2.34           
6         1         2013      23.00          31.20          2.00           88.00          3.50           0.00           3.25           
7         1         2013      22.00          28.40          34.00          90.00          0.00           0.00           2.16           
8         1         2013      23.00          28.00          28.00          93.00          1.00           0.00           2.46           
9         1         2013      22.00          30.80          10.00          84.00          1.50           1.00           2.86           
10        1         2013      23.00          32.00          5.00           88.00          4.00           1.00           3.53           
11        1         2013      23.00          32.60          18.00          86.00          6.00           3.00           4.35           
12        1         2013      23.00          32.80          2.00           82.00          7.00           1.00           4.50           
13        1         2013      23.00          33.00          0.00           79.00          7.00           3.00           5.02           
14        1         2013      23.00          30.20          3.00           87.00          0.50           1.00           2.52           
15        1         2013      22.00          29.00          14.00          88.00          1.50           1.00           2.71           
16        1         2013      23.00          33.00          7.00           79.00          4.00           2.00           4.05           
17        1         2013      24.00          32.00          9.00           88.00          3.50           1.00           3.43           
18        1         2013      23.00          30.40          2.00           92.00          1.50           2.00           2.73           
19        1         2013      22.00          30.00          1.00           93.00          1.00           2.00           2.54           
20        1         2013      22.00          31.40          13.00          88.00          4.00           2.00           3.58           
21        1         2013      23.00          30.40          1.00           86.00          4.50           1.00           3.63           
22        1         2013      24.00          31.60          14.00          86.00          4.50           1.00           3.72           
23        1         2013      23.00          32.30          0.00           88.00          5.50           1.00           3.98           
24        1         2013      22.00          30.00          25.00          95.00          0.00           0.00           2.21           
25        1         2013      23.00          30.40          140.00         91.00          3.00           0.00           3.11           
26        1         2013      23.00          31.20          12.00          86.00          4.00           0.00           3.41           
27        1         2013      23.00          32.40          0.00           83.00          8.00           0.00           4.61           
28        1         2013      23.00          33.80          0.00           80.00          7.00           0.00           4.35           
29        1         2013      23.00          32.40          0.00           83.00          6.50           0.00           4.17           
30        1         2013      21.00          34.00          1.00           83.00          5.00           0.00           3.71           
31        1         2013      22.00          32.20          53.00          84.00          6.00           0.00           3.98           
1         2         2013      23.00          31.60          2.00           86.00          1.50           0.00           2.68           
2         2         2013      23.00          32.90          50.00          87.00          4.00           0.00           3.48           
3         2         2013      22.00          30.00          10.00          87.00          1.50           0.00           2.63           
4         2         2013      22.00          30.00          0.00           89.00          4.50           0.00           3.50           
5         2         2013      23.00          30.00          10.00          88.00          0.50           0.00           2.36           
6         2         2013      23.00          31.20          2.00           88.00          3.50           0.00           3.28           
7         2         2013      22.00          28.40          34.00          90.00          0.00           0.00           2.17           
8         2         2013      23.00          28.00          28.00          93.00          1.00           0.00           2.48           
9         2         2013      22.00          30.80          10.00          84.00          1.50           1.00           2.87           
10        2         2013      23.00          32.00          5.00           88.00          4.00           1.00           3.56           
11        2         2013      23.00          32.60          18.00          86.00          6.00           3.00           4.39           
12        2         2013      23.00          32.80          2.00           82.00          7.00           1.00           4.54           
13        2         2013      23.00          33.00          0.00           79.00          7.00           3.00           5.05           
14        2         2013      23.00          30.20          3.00           87.00          0.50           1.00           2.53           
15        2         2013      22.00          29.00          14.00          88.00          1.50           1.00           2.72           
16        2         2013      23.00          33.00          7.00           79.00          4.00           2.00           4.07           
17        2         2013      24.00          32.00          9.00           88.00          3.50           1.00           3.44           
18        2         2013      23.00          30.40          2.00           92.00          1.50           2.00           2.73           
19        2         2013      22.00          30.00          1.00           93.00          1.00           2.00           2.54           
20        2         2013      22.00          31.40          13.00          88.00          4.00           2.00           3.58           
21        2         2013      23.00          30.40          1.00           86.00          4.50           1.00           3.63           
22        2         2013      24.00          31.60          14.00          86.00          4.50           1.00           3.73           
23        2         2013      23.00          32.30          0.00           88.00          5.50           1.00           3.99           
24        2         2013      22.00          30.00          25.00          95.00          0.00           0.00           2.19           
25        2         2013      23.00          30.40          140.00         91.00          3.00           0.00           3.11           
26        2         2013      23.00          31.20          12.00          86.00          4.00           0.00           3.40           
27        2         2013      23.00          32.40          0.00           83.00          8.00           0.00           4.60           
28        2         2013      23.00          33.80          0.00           80.00          7.00           0.00           4.33           
1         3         2013      23.00          31.60          2.00           86.00          1.50           0.00           2.66           
2         3         2013      23.00          32.90          50.00          87.00          4.00           0.00           3.45           
3         3         2013      22.00          30.00          10.00          87.00          1.50           0.00           2.59           
4         3         2013      22.00          30.00          0.00           89.00          4.50           0.00           3.46           
5         3         2013      23.00          30.00          10.00          88.00          0.50           0.00           2.32           
6         3         2013      23.00          31.20          2.00           88.00          3.50           0.00           3.23           
7         3         2013      22.00          28.40          34.00          90.00          0.00           0.00           2.13           
8         3         2013      23.00          28.00          28.00          93.00          1.00           0.00           2.43           
9         3         2013      22.00          30.80          10.00          84.00          1.50           1.00           2.83           
10        3         2013      23.00          32.00          5.00           88.00          4.00           1.00           3.50           
11        3         2013      23.00          32.60          18.00          86.00          6.00           3.00           4.32           
12        3         2013      23.00          32.80          2.00           82.00          7.00           1.00           4.46           
13        3         2013      23.00          33.00          0.00           79.00          7.00           3.00           4.97           
14        3         2013      23.00          30.20          3.00           87.00          0.50           1.00           2.47           
15        3         2013      22.00          29.00          14.00          88.00          1.50           1.00           2.65           
16        3         2013      23.00          33.00          7.00           79.00          4.00           2.00           3.98           
17        3         2013      24.00          32.00          9.00           88.00          3.50           1.00           3.35           
18        3         2013      23.00          30.40          2.00           92.00          1.50           2.00           2.66           
19        3         2013      22.00          30.00          1.00           93.00          1.00           2.00           2.46           
20        3         2013      22.00          31.40          13.00          88.00          4.00           2.00           3.48           
21        3         2013      23.00          30.40          1.00           86.00          4.50           1.00           3.52           
22        3         2013      24.00          31.60          14.00          86.00          4.50           1.00           3.61           
23        3         2013      23.00          32.30          0.00           88.00          5.50           1.00           3.85           
24        3         2013      22.00          30.00          25.00          95.00          0.00           0.00           2.10           
25        3         2013      23.00          30.40          140.00         91.00          3.00           0.00           2.97           
26        3         2013      23.00          31.20          12.00          86.00          4.00           0.00           3.25           
27        3         2013      23.00          32.40          0.00           83.00          8.00           0.00           4.40           
28        3         2013      23.00          33.80          0.00           80.00          7.00           0.00           4.13           
29        3         2013      23.00          32.40          0.00           83.00          6.50           0.00           3.95           
30        3         2013      21.00          34.00          1.00           83.00          5.00           0.00           3.50           
31        3         2013      22.00          32.20          53.00          84.00          6.00           0.00           3.75           
1         4         2013      23.00          31.60          2.00           86.00          1.50           0.00           2.51           
2         4         2013      23.00          32.90          50.00          87.00          4.00           0.00           3.25           
3         4         2013      22.00          30.00          10.00          87.00          1.50           0.00           2.44           
4         4         2013      22.00          30.00          0.00           89.00          4.50           0.00           3.25           
5         4         2013      23.00          30.00          10.00          88.00          0.50           0.00           2.17           
6         4         2013      23.00          31.20          2.00           88.00          3.50           0.00           3.02           
7         4         2013      22.00          28.40          34.00          90.00          0.00           0.00           1.99           
8         4         2013      23.00          28.00          28.00          93.00          1.00           0.00           2.26           
9         4         2013      22.00          30.80          10.00          84.00          1.50           1.00           2.66           
10        4         2013      23.00          32.00          5.00           88.00          4.00           1.00           3.28           
11        4         2013      23.00          32.60          18.00          86.00          6.00           3.00           4.09           
12        4         2013      23.00          32.80          2.00           82.00          7.00           1.00           4.16           
13        4         2013      23.00          33.00          0.00           79.00          7.00           3.00           4.70           
14        4         2013      23.00          30.20          3.00           87.00          0.50           1.00           2.30           
15        4         2013      22.00          29.00          14.00          88.00          1.50           1.00           2.46           
16        4         2013      23.00          33.00          7.00           79.00          4.00           2.00           3.75           
17        4         2013      24.00          32.00          9.00           88.00          3.50           1.00           3.10           
18        4         2013      23.00          30.40          2.00           92.00          1.50           2.00           2.47           
19        4         2013      22.00          30.00          1.00           93.00          1.00           2.00           2.29           
20        4         2013      22.00          31.40          13.00          88.00          4.00           2.00           3.24           
21        4         2013      23.00          30.40          1.00           86.00          4.50           1.00           3.24           
22        4         2013      24.00          31.60          14.00          86.00          4.50           1.00           3.32           
23        4         2013      23.00          32.30          0.00           88.00          5.50           1.00           3.54           
24        4         2013      22.00          30.00          25.00          95.00          0.00           0.00           1.91           
25        4         2013      23.00          30.40          140.00         91.00          3.00           0.00           2.70           
26        4         2013      23.00          31.20          12.00          86.00          4.00           0.00           2.94           
27        4         2013      23.00          32.40          0.00           83.00          8.00           0.00           3.97           
28        4         2013      23.00          33.80          0.00           80.00          7.00           0.00           3.73           
29        4         2013      23.00          32.40          0.00           83.00          6.50           0.00           3.56           
30        4         2013      21.00          34.00          1.00           83.00          5.00           0.00           3.15           
1         5         2013      23.00          31.60          2.00           86.00          1.50           0.00           2.27           
2         5         2013      23.00          32.90          50.00          87.00          4.00           0.00           2.94           
3         5         2013      22.00          30.00          10.00          87.00          1.50           0.00           2.20           
4         5         2013      22.00          30.00          0.00           89.00          4.50           0.00           2.93           
5         5         2013      23.00          30.00          10.00          88.00          0.50           0.00           1.96           
6         5         2013      23.00          31.20          2.00           88.00          3.50           0.00           2.72           
7         5         2013      22.00          28.40          34.00          90.00          0.00           0.00           1.79           
8         5         2013      23.00          28.00          28.00          93.00          1.00           0.00           2.04           
9         5         2013      22.00          30.80          10.00          84.00          1.50           1.00           2.43           
10        5         2013      23.00          32.00          5.00           88.00          4.00           1.00           2.98           
11        5         2013      23.00          32.60          18.00          86.00          6.00           3.00           3.78           
12        5         2013      23.00          32.80          2.00           82.00          7.00           1.00           3.78           
13        5         2013      23.00          33.00          0.00           79.00          7.00           3.00           4.38           
14        5         2013      23.00          30.20          3.00           87.00          0.50           1.00           2.11           
15        5         2013      22.00          29.00          14.00          88.00          1.50           1.00           2.24           
16        5         2013      23.00          33.00          7.00           79.00          4.00           2.00           3.48           
17        5         2013      24.00          32.00          9.00           88.00          3.50           1.00           2.83           
18        5         2013      23.00          30.40          2.00           92.00          1.50           2.00           2.27           
19        5         2013      22.00          30.00          1.00           93.00          1.00           2.00           2.11           
20        5         2013      22.00          31.40          13.00          88.00          4.00           2.00           2.98           
21        5         2013      23.00          30.40          1.00           86.00          4.50           1.00           2.95           
22        5         2013      24.00          31.60          14.00          86.00          4.50           1.00           3.03           
23        5         2013      23.00          32.30          0.00           88.00          5.50           1.00           3.23           
24        5         2013      22.00          30.00          25.00          95.00          0.00           0.00           1.73           
25        5         2013      23.00          30.40          140.00         91.00          3.00           0.00           2.44           
26        5         2013      23.00          31.20          12.00          86.00          4.00           0.00           2.66           
27        5         2013      23.00          32.40          0.00           83.00          8.00           0.00           3.59           
28        5         2013      23.00          33.80          0.00           80.00          7.00           0.00           3.37           
29        5         2013      23.00          32.40          0.00           83.00          6.50           0.00           3.22           
30        5         2013      21.00          34.00          1.00           83.00          5.00           0.00           2.86           
31        5         2013      22.00          32.20          53.00          84.00          6.00           0.00           3.06           
1         6         2013      23.00          31.60          1.50           2.00           0.00           0.00           1.47           
2         6         2013      23.00          32.90          4.00           50.00          0.00           0.00           1.66           
3         6         2013      22.00          30.00          1.50           10.00          0.00           0.00           1.50           
4         6         2013      22.00          30.00          4.50           0.00           0.00           0.00           1.40           
5         6         2013      23.00          30.00          0.50           10.00          0.00           0.00           1.50           
6         6         2013      23.00          31.20          3.50           2.00           0.00           0.00           1.45           
7         6         2013      22.00          28.40          0.00           34.00          0.00           0.00           1.55           
8         6         2013      23.00          28.00          1.00           28.00          0.00           0.00           1.53           
9         6         2013      22.00          30.80          1.50           10.00          1.00           0.00           1.55           
10        6         2013      23.00          32.00          4.00           5.00           1.00           0.00           1.51           
11        6         2013      23.00          32.60          6.00           18.00          3.00           0.00           1.82           
12        6         2013      23.00          32.80          7.00           2.00           1.00           0.00           1.47           
13        6         2013      23.00          30.60          0.00           38.06          1.62           0.00           1.81           
14        6         2013      23.00          32.80          0.00           38.06          1.62           0.00           1.84           
15        6         2013      23.00          31.00          3.20           38.06          1.62           0.00           1.81           
16        6         2013      24.00          32.00          60.00          38.06          3.00           0.00           2.04           
17        6         2013      29.00          31.34          12.00          38.06          1.62           0.00           1.90           
18        6         2013      23.00          32.80          0.00           88.00          1.62           1.00           2.30           
19        6         2013      23.00          32.00          14.60          85.00          4.50           1.00           2.92           
20        6         2013      24.00          31.40          0.00           38.06          1.62           0.00           1.83           
21        6         2013      23.04          31.34          4.98           38.06          1.62           0.15           2.03           
22        6         2013      23.00          32.20          1.80           38.06          5.00           0.00           2.30           
23        6         2013      23.00          31.34          6.30           86.00          1.62           0.00           2.04           
24        6         2013      23.00          32.60          0.00           84.00          1.62           0.00           2.06           
25        6         2013      23.00          31.34          0.00           86.00          7.50           0.00           3.34           
26        6         2013      22.00          32.40          0.00           85.00          1.62           0.00           2.04           
27        6         2013      23.04          31.34          4.98           38.06          1.62           0.15           2.03           
28        6         2013      22.00          30.80          0.00           38.06          1.62           2.00           4.34           
29        6         2013      23.04          31.34          4.98           38.06          1.62           0.15           2.04           
30        6         2013      22.00          31.34          1.50           38.06          1.62           0.00           1.80           
1         7         2013      21.00          30.26          0.20           86.00          6.51           0.00           3.01           
2         7         2013      22.00          31.20          0.30           88.00          6.51           0.00           3.11           
3         7         2013      22.00          30.26          1.00           84.00          6.51           0.00           3.03           
4         7         2013      22.00          31.00          0.00           85.00          6.51           1.00           3.26           
5         7         2013      22.00          30.40          0.00           82.00          6.51           2.00           3.48           
6         7         2013      21.00          30.26          0.56           84.05          6.51           1.07           3.22           
7         7         2013      23.00          30.00          0.00           84.00          8.50           1.00           3.66           
8         7         2013      21.00          30.80          0.00           84.05          6.51           0.00           3.04           
9         7         2013      23.00          30.30          0.40           86.00          9.00           1.00           3.77           
10        7         2013      22.00          30.00          0.90           91.00          3.50           0.00           2.46           
11        7         2013      22.00          30.00          1.60           90.00          6.51           0.00           3.12           
12        7         2013      22.00          29.80          0.00           87.00          6.51           1.00           3.20           
13        7         2013      22.00          30.00          0.60           85.00          6.51           1.00           3.25           
14        7         2013      22.00          31.00          1.00           84.05          6.51           1.00           3.33           
15        7         2013      21.00          30.26          0.56           84.05          6.51           1.07           3.27           
16        7         2013      21.00          30.26          0.00           84.05          6.51           0.00           3.07           
17        7         2013      21.00          31.20          0.00           83.00          6.51           1.00           3.35           
18        7         2013      20.00          29.80          0.00           81.00          7.50           1.00           3.45           
19        7         2013      20.00          30.40          0.00           79.00          8.00           1.00           3.62           
20        7         2013      20.00          30.26          0.00           84.05          6.51           2.00           3.45           
21        7         2013      20.00          30.30          0.00           81.00          6.51           2.00           3.56           
22        7         2013      20.00          30.40          0.00           84.05          6.51           2.00           3.47           
23        7         2013      22.00          30.00          0.00           85.00          6.51           1.00           3.32           
24        7         2013      22.00          30.26          0.00           84.05          6.51           4.00           3.77           
25        7         2013      22.00          30.00          10.30          88.00          0.60           1.00           2.06           
26        7         2013      21.00          29.00          0.00           84.05          3.50           1.00           2.68           
27        7         2013      21.00          30.40          0.00           82.00          5.00           1.00           3.09           
28        7         2013      19.00          29.40          0.00           73.00          6.51           2.00           3.79           
29        7         2013      18.00          30.00          0.00           81.00          8.00           2.00           3.83           
30        7         2013      18.00          30.40          0.00           84.05          9.00           1.00           3.80           
31        7         2013      18.00          30.40          0.00           84.05          9.00           1.00           3.81           
1         8         2013      18.10          29.60          0.00           80.53          7.88           1.00           3.59           
2         8         2013      19.20          29.20          0.00           85.00          7.88           1.00           3.56           
3         8         2013      18.80          30.20          0.00           79.00          7.88           1.00           3.70           
4         8         2013      20.00          30.60          0.00           82.00          5.50           1.00           3.25           
5         8         2013      21.00          27.60          0.00           83.00          7.88           1.00           3.58           
6         8         2013      21.00          29.00          0.00           79.00          7.88           3.00           4.12           
7         8         2013      20.00          30.00          0.00           81.00          7.88           1.00           3.74           
8         8         2013      20.00          30.00          0.00           81.00          7.50           1.00           3.68           
9         8         2013      20.00          30.81          0.00           80.53          8.00           0.00           3.59           
10        8         2013      22.40          29.80          0.00           82.00          7.88           2.00           4.00           
11        8         2013      22.40          29.80          0.00           82.00          7.88           2.00           4.01           
12        8         2013      16.30          30.81          0.00           77.00          7.88           1.00           3.80           
13        8         2013      16.60          29.10          0.00           79.00          9.00           2.00           4.12           
14        8         2013      18.00          29.30          0.00           84.00          9.50           1.00           4.01           
15        8         2013      21.50          32.00          0.00           80.53          5.50           2.00           3.78           
16        8         2013      22.20          30.20          0.00           80.53          8.00           1.00           3.98           
17        8         2013      20.40          31.20          0.00           80.53          7.88           1.00           3.97           
18        8         2013      20.00          32.30          0.00           79.00          7.88           1.00           4.07           
19        8         2013      20.09          30.60          0.00           80.53          7.88           1.00           3.94           
20        8         2013      21.30          30.40          0.00           80.53          7.88           1.00           3.98           
21        8         2013      18.80          32.40          0.00           80.53          7.88           2.00           4.33           
22        8         2013      18.00          30.60          0.00           80.00          7.88           3.00           4.37           
23        8         2013      18.00          30.60          0.00           80.00          7.88           3.00           4.38           
24        8         2013      19.00          33.20          0.00           75.00          7.88           1.00           4.23           
25        8         2013      19.80          30.81          0.00           80.53          7.88           1.00           4.02           
26        8         2013      20.20          32.30          0.00           80.53          9.50           1.00           4.53           
27        8         2013      21.20          32.00          0.00           80.53          9.00           1.00           4.44           
28        8         2013      21.40          33.20          0.00           79.00          8.50           1.00           4.46           
29        8         2013      22.40          32.80          0.00           81.00          8.00           1.00           4.33           
30        8         2013      22.60          32.20          0.00           82.00          6.50           1.00           3.93           
31        8         2013      22.20          32.40          0.00           80.53          7.88           1.00           4.30           
1         9         2013      22.00          32.60          0.00           79.00          8.33           1.00           4.45           
2         9         2013      21.10          34.80          0.00           77.53          8.33           1.00           4.61           
3         9         2013      21.60          32.80          0.00           77.53          8.33           2.00           4.77           
4         9         2013      20.20          32.80          0.00           77.53          7.50           1.00           4.25           
5         9         2013      18.20          31.80          0.00           77.00          8.33           1.00           4.32           
6         9         2013      20.60          32.60          0.00           76.00          8.33           1.00           4.49           
7         9         2013      19.80          33.20          0.00           76.00          7.00           1.00           4.21           
8         9         2013      20.00          34.00          0.00           77.53          9.00           1.00           4.75           
9         9         2013      19.00          32.60          0.00           77.53          8.33           1.00           4.45           
10        9         2013      17.40          32.57          0.00           77.53          9.00           0.00           4.19           
11        9         2013      17.40          33.00          0.00           74.00          8.50           1.00           4.54           
12        9         2013      18.80          33.20          0.00           79.00          8.33           1.00           4.51           
13        9         2013      18.80          34.20          0.00           75.00          8.50           1.00           4.69           
14        9         2013      20.00          32.60          0.00           76.00          9.50           1.00           4.84           
15        9         2013      21.00          31.00          0.00           79.00          9.50           2.00           4.92           
16        9         2013      21.60          31.40          0.00           78.00          8.33           1.00           4.52           
17        9         2013      20.39          30.40          0.00           77.53          8.33           1.00           4.42           
18        9         2013      22.30          31.20          0.00           80.00          8.33           0.00           4.32           
19        9         2013      21.80          32.57          0.00           77.53          6.50           1.00           4.19           
20        9         2013      20.40          32.40          0.00           77.00          9.00           0.00           4.44           
21        9         2013      19.20          31.40          0.00           78.00          8.33           1.00           4.48           
22        9         2013      21.10          32.20          0.00           79.00          8.33           1.00           4.61           
23        9         2013      20.20          31.90          0.00           79.00          8.00           2.00           4.72           
24        9         2013      21.60          33.60          0.00           77.53          8.33           1.00           4.77           
25        9         2013      21.40          31.20          0.00           77.00          8.33           1.00           4.59           
26        9         2013      22.10          32.57          0.00           77.53          8.33           0.00           4.42           
27        9         2013      21.80          31.00          0.00           77.53          8.00           1.00           4.52           
28        9         2013      20.39          32.40          0.00           76.00          8.33           1.00           4.68           
29        9         2013      19.60          34.60          0.00           81.00          8.33           0.00           4.47           
30        9         2013      21.80          34.40          0.00           77.00          8.33           2.00           5.21           
1         10        2013      20.80          33.80          0.00           76.00          8.50           1.00           4.87           
2         10        2013      22.40          33.40          0.00           76.76          8.10           2.00           5.09           
3         10        2013      21.80          33.00          0.00           76.00          8.10           1.00           4.75           
4         10        2013      21.40          34.20          0.00           77.00          8.10           1.00           4.83           
5         10        2013      21.20          34.00          0.00           79.00          8.10           1.00           4.79           
6         10        2013      20.60          33.40          0.00           76.76          9.00           1.00           4.98           
7         10        2013      22.40          34.00          0.00           75.00          8.10           0.00           4.49           
8         10        2013      20.20          34.20          0.00           79.00          8.10           1.00           4.79           
9         10        2013      21.60          33.40          0.00           76.76          8.10           1.00           4.80           
10        10        2013      22.80          31.40          0.00           74.00          8.10           1.00           4.73           
11        10        2013      22.30          33.20          0.00           76.76          8.10           1.00           4.82           
12        10        2013      22.20          32.40          0.00           76.76          7.00           0.00           4.14           
13        10        2013      23.20          33.40          0.00           76.00          8.50           1.00           5.00           
14        10        2013      22.60          33.60          0.00           75.00          9.00           1.00           5.13           
15        10        2013      20.60          33.99          0.00           76.00          9.00           0.00           4.70           
16        10        2013      22.00          34.80          0.00           76.00          7.50           1.00           4.80           
17        10        2013      22.00          36.20          3.00           74.00          8.10           1.00           5.10           
18        10        2013      22.00          37.60          0.00           75.00          8.10           1.00           5.22           
19        10        2013      25.00          35.00          0.00           79.00          8.10           1.00           5.07           
20        10        2013      22.80          34.00          1.00           76.76          8.10           0.00           4.58           
21        10        2013      23.30          34.20          0.00           77.00          8.10           1.00           4.97           
22        10        2013      22.80          33.99          0.00           80.00          8.10           1.00           4.90           
23        10        2013      23.50          33.80          0.00           79.00          8.10           1.00           4.92           
24        10        2013      24.00          33.20          0.00           73.00          8.10           1.00           4.97           
25        10        2013      23.20          34.00          0.00           70.00          8.10           1.00           5.03           
26        10        2013      22.60          33.20          2.60           78.00          6.50           1.00           4.43           
27        10        2013      23.40          34.80          0.00           81.00          8.00           1.00           4.95           
28        10        2013      23.40          35.20          0.00           78.00          8.00           0.00           4.68           
29        10        2013      23.20          35.80          1.20           86.00          8.10           1.00           5.00           
30        10        2013      23.20          33.20          34.40          75.00          8.10           1.00           4.92           
31        10        2013      21.90          33.40          0.00           75.00          8.10           1.00           4.88           
1         11        2013      22.00          35.60          0.00           80.00          4.02           1.00           3.87           
2         11        2013      22.20          35.60          0.00           80.00          7.00           1.00           4.71           
3         11        2013      22.40          35.60          0.00           77.00          5.50           1.00           4.34           
4         11        2013      22.00          35.40          17.60          77.00          4.02           0.00           3.43           
5         11        2013      22.00          34.60          0.00           77.00          4.02           0.00           3.41           
6         11        2013      23.40          34.00          0.00           77.00          4.02           1.00           3.85           
7         11        2013      23.40          34.00          0.00           77.00          4.02           1.00           3.85           
8         11        2013      23.40          34.00          0.00           77.00          4.02           1.00           3.85           
9         11        2013      23.00          35.20          2.30           78.00          4.00           1.00           3.89           
10        11        2013      23.60          34.50          0.00           83.00          4.02           0.00           3.50           
11        11        2013      22.60          33.80          9.60           90.00          6.70           0.00           4.32           
12        11        2013      23.00          32.80          40.60          94.00          4.00           0.00           3.49           
13        11        2013      20.40          33.20          19.50          84.00          4.02           1.00           3.62           
14        11        2013      23.10          31.20          0.00           87.00          4.02           1.00           3.51           
15        11        2013      23.20          33.00          0.00           93.00          4.02           0.00           3.51           
16        11        2013      22.40          29.20          37.70          92.00          1.60           0.00           2.64           
17        11        2013      22.00          32.00          14.60          92.00          0.50           0.00           2.37           
18        11        2013      22.80          32.60          19.70          90.00          1.00           0.00           2.54           
19        11        2013      22.20          30.40          6.40           89.00          5.00           0.00           3.63           
20        11        2013      22.80          30.00          6.80           85.00          4.02           2.00           3.59           
21        11        2013      22.00          30.40          35.20          84.00          4.02           0.00           3.31           
22        11        2013      22.30          31.20          1.00           84.00          4.02           0.00           3.34           
23        11        2013      22.00          31.60          0.00           82.00          8.00           0.00           4.46           
24        11        2013      22.80          32.00          0.00           82.00          4.50           0.00           3.51           
25        11        2013      23.60          32.30          4.20           87.00          6.00           0.00           4.04           
26        11        2013      22.00          32.60          9.60           85.00          0.50           0.00           2.36           
27        11        2013      21.80          30.40          36.00          91.00          4.02           1.00           3.36           
28        11        2013      23.20          30.20          1.50           90.00          4.02           1.00           3.40           
29        11        2013      23.30          30.60          13.70          84.00          4.02           1.00           3.52           
30        11        2013      21.20          30.60          0.00           84.00          2.00           0.00           2.72           
1         12        2013      22.40          32.80          0.00           87.00          4.50           1.00           3.70           
2         12        2013      23.60          31.40          1.00           84.00          4.50           0.00           3.53           
3         12        2013      24.20          30.40          1.60           82.00          3.50           1.00           3.43           
4         12        2013      23.00          32.00          1.60           83.00          4.00           1.00           3.60           
5         12        2013      23.40          31.21          34.00          88.11          3.37           0.00           3.21           
6         12        2013      22.10          33.00          6.50           88.11          3.37           0.00           3.22           
7         12        2013      23.20          31.21          0.30           90.00          0.00           0.00           2.22           
8         12        2013      22.20          32.20          16.30          88.00          0.50           0.00           2.36           
9         12        2013      22.60          31.00          39.00          92.00          3.37           0.00           3.20           
10        12        2013      23.00          31.21          10.20          88.11          0.50           1.00           2.52           
11        12        2013      23.00          31.21          2.50           92.00          3.00           0.00           3.11           
12        12        2013      22.37          31.21          42.00          88.11          3.37           0.00           3.17           
13        12        2013      22.37          31.21          42.00          88.11          3.37           0.00           3.17           
14        12        2013      23.00          30.80          7.30           96.00          3.00           0.00           3.12           
15        12        2013      22.40          31.00          87.20          90.00          2.50           0.00           2.93           
16        12        2013      22.60          31.10          16.50          91.00          3.00           0.00           3.09           
17        12        2013      22.60          33.00          8.00           88.11          2.50           1.00           3.14           
18        12        2013      22.37          30.20          0.00           88.11          3.37           1.00           3.23           
19        12        2013      23.20          31.21          17.70          88.11          3.37           0.00           3.20           
20        12        2013      23.00          30.80          27.80          88.11          3.37           0.00           3.18           
21        12        2013      23.00          30.80          27.80          88.11          3.37           0.00           3.18           
22        12        2013      22.40          28.40          38.30          94.00          1.00           0.00           2.45           
23        12        2013      22.40          31.21          53.60          93.00          3.37           0.00           3.21           
24        12        2013      21.60          29.80          0.00           94.00          3.37           0.00           3.14           
25        12        2013      20.00          26.80          40.40          88.11          3.37           0.00           2.96           
26        12        2013      21.40          31.40          0.00           85.00          3.37           0.00           3.14           
27        12        2013      21.20          32.60          0.00           88.11          3.37           0.00           3.19           
28        12        2013      21.20          31.20          0.00           79.00          8.50           0.00           4.49           
29        12        2013      19.80          33.00          0.00           81.00          9.50           0.00           4.81           
30        12        2013      21.60          33.00          0.00           85.00          3.37           1.00           3.43           
31        12        2013      22.37          31.21          17.39          88.11          3.37           0.23           3.21           
1         1         2014      21.40          30.30          18.50          87.00          0.00           0.00           2.17           
2         1         2014      21.40          30.30          18.50          87.00          0.00           0.00           2.17           
3         1         2014      21.40          30.30          6.00           87.00          0.00           1.00           2.37           
4         1         2014      22.40          30.30          0.00           90.00          4.50           0.00           3.50           
5         1         2014      22.20          30.60          55.80          89.00          2.87           0.00           3.02           
6         1         2014      22.40          23.60          88.00          89.00          2.87           0.00           2.83           
7         1         2014      23.20          27.30          0.30           86.00          2.87           0.00           2.94           
8         1         2014      22.80          31.00          19.00          86.00          2.00           1.00           2.97           
9         1         2014      23.20          32.07          9.00           86.00          4.00           0.00           3.42           
10        1         2014      23.40          33.13          2.00           86.00          3.00           0.00           3.16           
11        1         2014      23.00          34.20          0.00           87.00          2.87           0.00           3.15           
12        1         2014      22.60          32.87          0.00           89.00          1.00           0.00           2.55           
13        1         2014      22.60          31.53          33.00          89.00          5.00           0.00           3.70           
14        1         2014      22.20          30.20          8.80           90.00          2.87           0.00           3.03           
15        1         2014      22.40          28.40          1.00           90.00          3.00           1.00           3.04           
16        1         2014      22.40          30.30          0.00           90.00          0.00           0.00           2.21           
17        1         2014      22.20          32.20          0.00           85.00          0.00           1.00           2.50           
18        1         2014      22.40          31.70          0.00           83.00          6.50           1.00           4.26           
19        1         2014      22.40          31.20          0.00           81.00          2.00           2.00           3.34           
20        1         2014      22.40          31.00          7.30           83.00          5.00           2.00           3.99           
21        1         2014      22.40          30.60          4.20           85.00          3.30           1.00           3.32           
22        1         2014      22.00          32.00          0.10           85.00          2.87           1.00           3.27           
23        1         2014      23.00          31.70          3.90           85.00          7.00           2.00           4.49           
24        1         2014      23.00          31.40          0.00           85.00          2.87           1.00           3.26           
25        1         2014      23.00          29.00          14.00          85.00          3.50           0.00           3.18           
26        1         2014      22.00          31.00          29.10          87.00          2.87           1.00           3.19           
27        1         2014      21.60          32.00          4.40           85.00          2.50           1.00           3.17           
28        1         2014      22.80          32.00          0.00           85.00          2.87           1.00           3.29           
29        1         2014      21.80          32.00          6.00           85.00          6.00           1.00           4.12           
30        1         2014      23.60          31.50          4.00           85.00          2.00           1.00           3.04           
31        1         2014      19.20          31.00          10.20          85.00          2.87           0.00           2.96           
1         2         2014      23.40          31.60          18.20          83.00          4.08           2.00           3.83           
2         2         2014      23.40          31.60          18.20          83.00          4.08           2.00           3.84           
3         2         2014      20.80          32.00          0.00           83.00          2.20           3.00           3.58           
4         2         2014      25.20          33.00          0.00           83.00          4.00           1.00           3.76           
5         2         2014      22.80          32.51          0.00           83.00          6.80           1.00           4.44           
6         2         2014      23.80          32.51          20.00          83.00          4.50           1.00           3.84           
7         2         2014      23.40          32.40          28.20          87.00          5.50           0.00           3.94           
8         2         2014      23.40          32.40          28.20          87.00          5.50           0.00           3.94           
9         2         2014      23.40          32.51          8.20           83.00          4.08           1.00           3.71           
10        2         2014      23.40          34.00          0.00           68.00          3.00           3.00           4.83           
11        2         2014      23.40          34.00          0.00           68.00          3.00           3.00           4.83           
12        2         2014      20.60          34.00          1.50           80.00          0.00           1.00           2.69           
13        2         2014      24.00          33.20          0.00           84.00          4.08           0.00           3.53           
14        2         2014      23.40          34.00          0.00           83.00          5.00           0.00           3.81           
15        2         2014      22.00          32.40          0.00           84.00          4.08           0.00           3.43           
16        2         2014      21.80          32.51          1.80           85.00          4.08           0.00           3.43           
17        2         2014      22.60          31.20          0.00           84.00          6.00           0.00           3.97           
18        2         2014      22.60          32.20          0.00           83.00          2.00           1.00           3.10           
19        2         2014      22.80          31.20          0.00           83.00          4.08           1.00           3.61           
20        2         2014      21.60          32.51          7.40           83.00          0.50           0.00           2.36           
21        2         2014      21.40          32.40          0.00           83.00          7.50           1.00           4.57           
22        2         2014      22.70          29.80          3.30           88.00          6.50           0.00           4.09           
23        2         2014      22.00          31.40          0.00           78.00          4.08           0.00           3.34           
24        2         2014      22.20          32.60          0.00           91.00          3.00           1.00           3.23           
25        2         2014      22.20          32.60          0.00           91.00          3.00           1.00           3.23           
26        2         2014      21.80          33.30          23.20          85.00          3.20           0.00           3.18           
27        2         2014      23.00          34.60          3.30           85.00          4.08           0.00           3.53           
28        2         2014      22.60          31.80          0.00           83.00          6.30           0.00           4.05           
1         3         2014      21.40          32.75          0.10           83.00          5.00           0.00           3.66           
2         3         2014      23.00          33.00          0.10           81.00          4.20           0.00           3.47           
3         3         2014      22.00          32.20          0.00           86.00          5.16           0.00           3.72           
4         3         2014      22.20          32.20          13.00          85.20          5.16           0.00           3.72           
5         3         2014      22.60          31.30          8.60           85.20          3.00           0.00           3.07           
6         3         2014      21.60          32.20          4.50           85.20          3.50           0.00           3.20           
7         3         2014      21.80          31.40          0.00           84.00          9.00           0.00           4.75           
8         3         2014      22.00          32.75          0.00           85.20          6.00           0.00           3.96           
9         3         2014      23.00          33.20          0.00           83.00          5.16           0.00           3.75           
10        3         2014      23.00          33.20          0.00           83.00          4.00           0.00           3.40           
11        3         2014      22.80          31.00          0.00           86.00          5.00           0.00           3.62           
12        3         2014      22.00          33.00          0.00           85.00          5.16           0.00           3.70           
13        3         2014      23.00          35.00          3.50           85.20          3.00           0.00           3.15           
14        3         2014      22.20          32.00          48.60          89.00          2.00           0.00           2.76           
15        3         2014      22.20          32.00          48.60          89.00          2.00           0.00           2.76           
16        3         2014      22.60          33.40          0.00           88.00          5.50           0.00           3.85           
17        3         2014      22.19          32.75          47.00          86.00          5.16           0.00           3.68           
18        3         2014      22.19          33.00          0.00           86.00          5.00           0.00           3.63           
19        3         2014      22.20          32.40          0.00           83.00          6.00           1.00           4.07           
20        3         2014      22.00          31.00          0.00           86.00          5.16           0.00           3.58           
21        3         2014      22.40          32.00          0.00           93.00          5.16           0.00           3.68           
22        3         2014      21.60          32.20          46.00          88.00          5.16           0.00           3.61           
23        3         2014      21.20          34.20          10.00          81.00          5.16           0.00           3.60           
24        3         2014      21.80          34.00          0.00           83.00          5.16           1.00           3.90           
25        3         2014      21.20          34.20          0.00           82.00          7.00           0.00           4.12           
26        3         2014      22.19          32.75          49.90          85.20          8.30           1.00           4.62           
27        3         2014      21.20          34.00          0.00           83.00          8.00           0.00           4.38           
28        3         2014      23.40          32.80          0.00           86.00          5.16           0.00           3.64           
29        3         2014      22.40          32.75          2.20           87.00          5.50           0.00           3.69           
30        3         2014      22.40          32.60          21.50          83.00          6.00           1.00           4.00           
31        3         2014      22.00          34.00          0.00           86.00          5.16           0.00           3.60           
1         4         2014      22.60          31.00          2.40           86.00          7.00           0.00           4.01           
2         4         2014      22.60          33.20          0.00           86.00          6.50           1.00           4.10           
3         4         2014      23.00          33.00          2.40           85.00          6.44           0.00           3.93           
4         4         2014      23.20          33.80          4.80           84.00          6.50           1.00           4.17           
5         4         2014      23.40          32.75          0.00           86.00          7.30           1.00           4.28           
6         4         2014      23.00          33.40          15.00          88.00          5.50           0.00           3.67           
7         4         2014      23.20          32.75          2.20           85.00          5.00           0.00           3.47           
8         4         2014      22.30          31.40          0.00           89.00          6.44           0.00           3.81           
9         4         2014      22.40          32.60          0.20           82.00          6.44           1.00           4.02           
10        4         2014      22.20          35.10          0.00           83.00          7.00           0.00           4.04           
11        4         2014      22.55          32.00          0.00           86.00          6.00           0.00           3.66           
12        4         2014      22.40          32.40          0.00           83.00          6.44           0.00           3.74           
13        4         2014      22.40          32.20          16.00          85.00          5.50           1.00           3.67           
14        4         2014      22.55          32.60          0.00           81.00          6.50           1.00           3.99           
15        4         2014      20.40          32.20          20.20          87.00          6.44           1.00           3.79           
16        4         2014      22.40          33.00          0.00           89.00          7.50           0.00           4.07           
17        4         2014      21.00          32.00          0.00           79.00          6.44           0.00           3.56           
18        4         2014      20.80          32.60          0.00           86.00          6.44           0.00           3.64           
19        4         2014      21.20          32.75          23.00          89.00          6.50           1.00           3.79           
20        4         2014      23.20          32.00          0.00           85.00          4.50           0.00           3.16           
21        4         2014      22.55          32.60          24.00          87.00          6.50           0.00           3.70           
22        4         2014      22.60          32.40          46.10          89.00          4.50           0.00           3.17           
23        4         2014      22.80          32.80          18.00          87.00          5.00           1.00           3.45           
24        4         2014      23.20          33.00          0.00           88.00          8.00           0.00           4.12           
25        4         2014      23.00          33.20          0.00           86.00          8.50           1.00           4.34           
26        4         2014      23.00          32.75          0.00           85.28          6.44           0.00           3.63           
27        4         2014      23.80          33.20          0.00           86.00          6.44           0.00           3.68           
28        4         2014      23.60          33.40          24.30          86.00          7.00           1.00           3.97           
29        4         2014      22.55          32.75          0.00           79.00          6.00           0.00           3.39           
30        4         2014      22.55          33.60          0.00           81.00          8.50           0.00           4.06           
1         5         2014      22.40          32.80          0.00           82.00          6.70           0.00           3.56           
2         5         2014      22.20          34.20          4.40           82.00          7.00           1.00           3.98           
3         5         2014      22.40          33.20          0.00           81.00          6.50           1.00           3.80           
4         5         2014      23.20          33.40          0.00           86.00          7.00           0.00           3.71           
5         5         2014      23.00          32.40          0.00           84.00          7.32           1.00           3.89           
6         5         2014      21.60          33.40          0.00           79.00          8.00           1.00           4.11           
7         5         2014      23.00          34.80          0.00           82.00          8.00           1.00           4.22           
8         5         2014      23.30          34.20          0.00           84.00          8.00           1.00           4.15           
9         5         2014      24.00          33.40          28.10          83.00          8.00           1.00           4.12           
10        5         2014      21.80          34.10          0.00           81.00          8.00           1.00           4.10           
11        5         2014      21.80          33.40          0.00           81.00          8.00           1.00           4.03           
12        5         2014      23.20          32.20          0.00           79.00          6.00           2.00           3.86           
13        5         2014      22.60          33.20          0.00           81.00          6.50           1.00           3.69           
14        5         2014      22.80          33.50          3.00           85.00          7.32           1.00           3.84           
15        5         2014      23.20          33.80          37.80          83.00          7.00           0.00           3.55           
16        5         2014      23.20          32.00          0.00           80.00          7.50           1.00           3.83           
17        5         2014      24.40          32.20          0.00           81.00          5.00           1.00           3.30           
18        5         2014      23.80          32.20          0.00           83.00          8.00           1.00           3.91           
19        5         2014      22.40          34.00          0.00           77.00          8.00           1.00           4.05           
20        5         2014      22.40          32.60          0.00           82.00          8.00           1.00           3.88           
21        5         2014      22.00          32.20          13.80          82.00          6.00           1.00           3.41           
22        5         2014      22.40          32.80          0.00           76.00          7.60           1.00           3.86           
23        5         2014      22.60          32.60          0.00           81.00          7.50           0.00           3.48           
24        5         2014      22.80          33.40          0.00           85.00          7.00           1.00           3.66           
25        5         2014      23.10          32.80          0.00           79.00          7.50           1.00           3.80           
26        5         2014      23.20          33.20          0.00           82.00          7.40           1.00           3.76           
27        5         2014      23.60          33.20          0.00           81.00          7.50           2.00           4.05           
28        5         2014      22.40          33.60          0.00           82.00          6.70           1.00           3.60           
29        5         2014      22.80          32.60          0.00           80.00          8.00           2.00           4.09           
30        5         2014      21.80          31.80          0.00           73.00          8.00           2.00           4.21           
31        5         2014      20.40          31.80          0.00           76.00          8.00           2.00           4.08           
1         6         2014      20.80          31.20          0.00           81.00          7.50           0.00           3.25           
2         6         2014      21.20          33.20          0.00           78.00          7.50           0.00           3.31           
3         6         2014      23.20          34.60          0.00           83.00          6.50           0.00           3.29           
4         6         2014      23.20          33.00          48.20          84.00          8.00           0.00           3.57           
5         6         2014      22.80          32.00          0.00           82.00          8.00           2.00           3.93           
6         6         2014      21.20          32.00          0.00           81.00          6.50           1.00           3.37           
7         6         2014      21.40          35.00          0.00           79.00          8.00           2.00           4.27           
8         6         2014      21.20          34.00          0.00           81.00          7.50           0.00           3.35           
9         6         2014      22.80          33.00          0.00           82.00          8.00           0.00           3.50           
10        6         2014      23.40          33.00          0.00           81.00          5.40           0.00           2.92           
11        6         2014      21.40          35.40          0.00           84.00          8.00           0.00           3.56           
12        6         2014      21.80          32.80          0.00           80.00          8.00           0.00           3.40           
13        6         2014      22.80          32.00          0.00           80.00          8.00           1.00           3.70           
14        6         2014      22.00          31.80          0.00           77.00          6.00           1.00           3.31           
15        6         2014      21.80          31.60          0.00           82.00          4.50           0.00           2.62           
16        6         2014      22.40          31.80          1.00           80.00          8.00           1.00           3.67           
17        6         2014      18.40          32.80          0.00           84.00          7.00           0.00           3.07           
18        6         2014      23.80          31.40          0.00           86.00          5.50           0.00           2.93           
19        6         2014      23.20          34.00          34.90          84.00          4.50           0.00           2.75           
20        6         2014      22.20          32.40          1.80           84.00          7.00           0.00           3.21           
21        6         2014      22.80          33.20          0.00           83.00          7.30           1.00           3.59           
22        6         2014      22.00          32.00          0.00           87.00          5.00           0.00           2.78           
23        6         2014      21.00          33.20          0.00           80.00          8.00           0.00           3.36           
24        6         2014      21.20          32.40          0.00           82.00          5.80           1.00           3.21           
25        6         2014      22.60          32.40          0.80           82.00          5.70           2.00           3.48           
26        6         2014      23.00          32.00          0.00           83.00          7.50           0.00           3.33           
27        6         2014      21.00          31.20          0.00           79.00          7.30           2.00           3.75           
28        6         2014      19.80          31.00          0.00           82.00          8.00           1.00           3.50           
29        6         2014      18.60          34.20          0.00           77.00          8.00           0.00           3.27           
30        6         2014      19.20          31.20          0.00           79.00          8.00           1.00           3.54           
1         7         2014      21.00          32.20          0.00           78.00          8.00           0.00           3.30           
2         7         2014      21.60          30.80          0.00           80.00          5.00           2.00           3.30           
3         7         2014      21.20          33.20          0.00           81.00          1.50           3.00           3.12           
4         7         2014      22.00          30.80          2.10           81.00          4.80           2.00           3.24           
5         7         2014      23.00          33.40          0.00           80.00          8.00           0.00           3.49           
6         7         2014      22.80          32.40          0.00           82.00          5.50           0.00           2.92           
7         7         2014      22.40          31.00          0.00           82.00          5.50           0.00           2.86           
8         7         2014      22.40          30.00          5.30           82.00          5.00           1.00           2.98           
9         7         2014      21.60          27.40          0.00           83.00          1.00           0.00           1.82           
10        7         2014      21.20          32.80          0.00           82.00          5.50           0.00           2.89           
11        7         2014      21.00          32.20          0.00           81.00          8.00           0.00           3.40           
12        7         2014      21.80          33.20          0.00           81.00          6.30           1.00           3.45           
13        7         2014      21.60          31.20          0.00           84.00          4.50           3.00           3.32           
14        7         2014      20.40          26.00          1.00           84.00          0.50           1.00           1.93           
15        7         2014      20.20          29.40          0.00           82.00          7.00           1.00           3.31           
16        7         2014      18.40          30.20          0.00           71.00          8.00           0.00           3.12           
17        7         2014      19.20          30.80          0.00           80.00          8.00           0.00           3.29           
18        7         2014      20.00          32.60          0.00           82.00          7.50           0.00           3.33           
19        7         2014      22.00          31.60          0.00           83.00          7.00           0.00           3.28           
20        7         2014      21.20          32.30          0.00           84.00          5.50           0.00           2.96           
21        7         2014      21.40          32.40          29.00          82.00          8.00           0.00           3.52           
22        7         2014      22.80          31.60          0.00           82.00          7.80           2.00           3.95           
23        7         2014      20.20          30.40          0.80           82.00          4.00           0.00           2.55           
24        7         2014      20.60          31.40          0.00           82.00          8.00           1.00           3.72           
25        7         2014      21.80          30.20          1.60           82.00          3.50           0.00           2.49           
26        7         2014      22.00          31.30          0.00           76.00          8.00           1.00           3.85           
27        7         2014      21.40          32.60          0.00           79.00          7.20           1.00           3.73           
28        7         2014      20.20          30.00          0.00           78.00          7.00           2.00           3.78           
29        7         2014      20.20          32.20          0.00           81.00          6.50           1.00           3.52           
30        7         2014      20.00          32.80          0.00           81.00          8.00           2.00           4.15           
31        7         2014      19.80          31.80          0.00           83.00          7.00           2.00           3.80           
1         8         2014      19.80          30.40          0.00           83.00          7.44           0.00           3.37           
2         8         2014      21.40          31.80          0.00           85.00          7.44           1.00           3.71           
3         8         2014      21.00          31.20          0.00           81.00          6.50           1.00           3.53           
4         8         2014      21.80          32.30          0.00           79.00          5.20           1.00           3.38           
5         8         2014      21.40          32.50          0.00           78.00          7.50           1.00           3.90           
6         8         2014      21.40          31.35          0.00           74.00          7.50           1.00           3.88           
7         8         2014      21.20          31.40          0.00           83.00          7.00           1.00           3.67           
8         8         2014      21.20          30.60          0.00           82.00          7.44           2.00           3.92           
9         8         2014      22.00          30.80          0.00           79.00          7.44           2.00           4.07           
10        8         2014      21.00          30.40          0.00           79.00          7.50           2.00           4.03           
11        8         2014      22.20          30.00          0.00           75.00          7.44           1.00           3.85           
12        8         2014      18.60          30.00          0.00           79.00          4.00           1.00           3.01           
13        8         2014      20.20          30.30          0.00           76.00          9.00           1.00           4.13           
14        8         2014      20.20          30.40          0.00           78.00          8.50           0.00           3.74           
15        8         2014      20.20          30.40          0.00           78.00          9.00           2.00           4.39           
16        8         2014      19.80          30.00          0.00           77.00          7.44           1.00           3.81           
17        8         2014      19.20          31.00          0.00           78.00          7.44           1.00           3.86           
18        8         2014      17.40          32.20          0.00           79.00          7.44           1.00           3.89           
19        8         2014      18.00          30.40          0.00           79.00          7.44           1.00           3.79           
20        8         2014      19.40          32.20          0.00           84.00          7.44           1.00           3.91           
21        8         2014      20.80          33.20          0.00           76.00          6.50           1.00           3.93           
22        8         2014      20.20          32.30          0.00           78.00          6.00           1.00           3.72           
23        8         2014      20.18          30.60          0.00           80.00          8.00           1.00           4.03           
24        8         2014      22.60          31.35          0.00           77.00          8.20           1.00           4.27           
25        8         2014      18.80          31.60          0.00           77.00          8.50           2.00           4.53           
26        8         2014      21.40          31.40          0.00           76.00          7.44           1.00           4.09           
27        8         2014      18.80          35.40          0.00           80.00          7.44           2.00           4.65           
28        8         2014      18.20          33.00          0.00           79.00          7.44           1.00           4.10           
29        8         2014      20.30          30.60          0.00           76.00          7.44           1.00           4.03           
30        8         2014      18.20          32.40          0.00           76.00          9.00           0.00           4.05           
31        8         2014      18.60          30.40          0.00           76.00          8.50           1.00           4.22           
1         9         2014      17.80          36.00          0.00           78.00          8.50           1.00           4.64           
2         9         2014      20.00          32.00          0.00           79.00          8.30           0.00           4.03           
3         9         2014      19.80          33.00          0.00           80.00          7.00           1.00           4.10           
4         9         2014      19.00          32.20          0.00           80.00          8.02           1.00           4.26           
5         9         2014      19.80          31.80          0.00           80.00          7.00           1.00           4.03           
6         9         2014      19.80          31.40          0.00           80.00          8.02           0.00           3.99           
7         9         2014      19.20          31.80          0.00           81.00          8.02           0.00           4.00           
8         9         2014      20.00          33.20          0.00           78.00          8.00           1.00           4.44           
9         9         2014      17.40          30.30          0.00           88.00          8.80           1.00           4.20           
10        9         2014      18.60          32.00          0.00           76.00          8.20           1.00           4.39           
11        9         2014      19.20          30.40          0.00           79.00          8.50           1.00           4.33           
12        9         2014      20.80          32.40          0.00           78.00          7.50           1.00           4.32           
13        9         2014      20.00          33.40          0.00           75.00          8.02           1.00           4.55           
14        9         2014      19.40          32.40          0.00           77.00          8.02           2.00           4.75           
15        9         2014      20.00          33.40          0.00           77.00          8.02           1.00           4.54           
16        9         2014      19.00          32.40          0.00           76.00          8.02           1.00           4.46           
17        9         2014      19.60          33.40          0.00           80.00          8.02           0.00           4.20           
18        9         2014      20.20          35.30          0.00           78.00          7.80           1.00           4.67           
19        9         2014      20.80          33.20          0.00           76.00          8.00           1.00           4.60           
20        9         2014      22.60          33.60          0.00           75.00          7.50           1.00           4.59           
21        9         2014      21.40          32.40          0.00           78.00          7.00           1.00           4.31           
22        9         2014      20.40          33.20          0.00           73.00          8.02           2.00           5.05           
23        9         2014      19.83          32.60          0.00           75.00          8.02           2.00           4.92           
24        9         2014      20.20          32.80          0.00           76.00          9.00           1.00           4.84           
25        9         2014      19.20          32.40          0.00           71.00          8.02           1.00           4.60           
26        9         2014      17.40          30.20          0.00           76.00          9.00           1.00           4.54           
27        9         2014      19.00          33.40          0.00           74.00          8.80           1.00           4.84           
28        9         2014      21.40          33.60          0.00           76.00          8.00           1.00           4.73           
29        9         2014      22.40          34.40          0.00           74.00          7.50           1.00           4.72           
30        9         2014      20.80          33.80          0.00           78.00          8.02           1.00           4.72           
1         10        2014      21.80          34.00          0.00           75.00          9.00           2.00           5.40           
2         10        2014      20.40          33.40          0.00           79.00          8.29           1.00           4.74           
3         10        2014      20.40          34.40          0.00           76.00          8.00           1.00           4.79           
4         10        2014      22.40          31.00          0.00           76.00          7.80           1.00           4.56           
5         10        2014      21.40          33.20          0.00           73.00          9.00           2.00           5.39           
6         10        2014      20.80          33.00          0.00           77.00          9.00           1.00           4.95           
7         10        2014      21.00          33.80          0.00           75.00          8.29           1.00           4.87           
8         10        2014      19.20          32.20          0.00           78.00          8.50           1.00           4.70           
9         10        2014      20.20          32.20          0.00           78.00          8.29           1.00           4.69           
10        10        2014      22.00          34.80          0.00           70.00          8.29           0.00           4.51           
11        10        2014      22.20          35.40          0.00           69.00          8.29           1.00           5.13           
12        10        2014      22.80          35.80          0.00           74.00          8.50           0.00           4.73           
13        10        2014      22.00          34.80          0.00           76.00          7.00           1.00           4.66           
14        10        2014      22.00          34.40          0.00           78.00          7.00           2.00           4.92           
15        10        2014      21.80          35.00          0.00           77.00          6.00           1.00           4.39           
16        10        2014      23.40          33.60          0.00           74.00          8.29           0.00           4.60           
17        10        2014      22.40          34.00          0.00           74.00          8.29           1.00           4.99           
18        10        2014      23.00          34.40          0.00           75.00          8.29           1.00           5.04           
19        10        2014      23.00          33.80          0.00           74.00          9.00           1.00           5.19           
20        10        2014      22.40          34.00          0.00           75.00          8.29           1.00           4.99           
21        10        2014      21.80          35.00          0.00           74.00          8.29           1.00           5.06           
22        10        2014      22.80          33.60          0.00           73.00          8.29           1.00           5.00           
23        10        2014      22.10          37.00          0.00           72.00          8.29           1.00           5.26           
24        10        2014      22.40          35.40          0.00           74.00          9.00           1.00           5.31           
25        10        2014      21.00          34.20          0.00           77.00          7.50           1.00           4.73           
26        10        2014      22.20          36.60          0.00           68.00          8.70           1.00           5.38           
27        10        2014      22.60          35.40          0.00           75.00          8.29           1.00           5.12           
28        10        2014      23.80          33.60          0.00           71.00          9.50           0.00           4.95           
29        10        2014      21.40          36.60          0.00           70.00          8.29           1.00           5.23           
30        10        2014      22.80          36.00          0.00           70.00          9.00           1.00           5.42           
31        10        2014      21.00          37.10          0.00           72.00          8.50           1.00           5.30           
1         11        2014      22.40          37.40          0.00           75.00          5.48           1.00           4.49           
2         11        2014      22.00          35.60          0.00           76.00          8.00           1.00           5.03           
3         11        2014      22.60          35.50          0.00           74.00          7.50           1.00           4.92           
4         11        2014      22.40          34.60          0.00           74.00          5.48           1.00           4.31           
5         11        2014      22.00          37.10          0.00           70.00          5.48           1.00           4.53           
6         11        2014      22.80          35.20          0.00           74.00          8.00           0.00           4.59           
7         11        2014      22.80          35.00          0.00           79.00          5.48           1.00           4.27           
8         11        2014      23.40          34.20          0.00           80.00          4.50           1.00           3.94           
9         11        2014      25.00          35.00          0.00           73.00          5.48           1.00           4.42           
10        11        2014      25.20          34.10          0.00           82.00          5.48           1.00           4.23           
11        11        2014      21.20          34.00          35.00          81.00          5.48           0.00           3.81           
12        11        2014      22.80          35.00          0.00           79.00          5.48           0.00           3.90           
13        11        2014      22.40          36.30          0.00           80.00          5.48           1.00           4.33           
14        11        2014      22.60          31.00          4.50           88.00          5.48           1.00           3.86           
15        11        2014      21.80          31.40          33.50          87.00          1.50           0.00           2.63           
16        11        2014      21.20          31.80          0.00           83.00          5.48           0.00           3.74           
17        11        2014      22.60          32.00          35.50          88.00          6.00           0.00           4.00           
18        11        2014      22.00          34.00          0.30           72.00          5.48           0.00           3.75           
19        11        2014      23.10          33.00          54.20          83.00          5.48           1.00           4.08           
20        11        2014      23.20          33.80          12.00          82.00          5.48           1.00           4.15           
21        11        2014      22.30          33.40          0.00           76.00          5.48           0.00           3.77           
22        11        2014      22.30          35.20          0.80           78.00          5.48           0.00           3.86           
23        11        2014      23.40          33.20          14.20          83.00          6.50           0.00           4.18           
24        11        2014      23.00          33.40          2.00           79.00          5.48           1.00           4.16           
25        11        2014      24.60          29.20          0.00           90.00          5.00           0.00           3.68           
26        11        2014      23.20          32.00          5.30           84.00          5.48           1.00           3.99           
27        11        2014      24.20          34.20          0.00           84.00          5.50           0.00           3.96           
28        11        2014      22.40          31.40          2.70           85.00          5.30           1.00           3.87           
29        11        2014      22.20          34.00          0.00           81.00          5.48           1.00           4.14           
30        11        2014      22.00          29.20          12.00          91.00          2.50           0.00           2.87           
1         12        2014      23.00          23.10          25.80          95.00          3.23           0.00           2.94           
2         12        2014      22.60          28.00          34.00          94.00          3.23           0.00           3.07           
3         12        2014      22.40          28.00          24.20          88.00          0.00           0.00           2.15           
4         12        2014      22.20          33.00          2.60           86.00          3.23           0.00           3.17           
5         12        2014      23.60          31.10          12.10          88.00          4.80           0.00           3.63           
6         12        2014      23.20          29.00          10.50          91.00          3.00           0.00           3.04           
7         12        2014      23.00          31.60          10.60          89.00          3.23           0.00           3.17           
8         12        2014      22.80          31.40          1.00           86.00          3.23           1.00           3.30           
9         12        2014      23.20          32.00          0.00           82.00          0.50           1.00           2.69           
10        12        2014      24.20          33.00          0.00           90.00          3.23           0.00           3.26           
11        12        2014      23.40          25.20          30.00          90.00          3.23           0.00           2.99           
12        12        2014      22.00          32.00          31.80          89.00          0.00           0.00           2.21           
13        12        2014      22.81          30.89          4.70           88.00          3.23           0.00           3.14           
14        12        2014      23.20          32.00          2.90           89.00          6.00           0.00           4.01           
15        12        2014      22.00          32.80          2.50           89.00          3.00           0.00           3.11           
16        12        2014      22.10          32.40          25.20          88.00          3.23           0.00           3.16           
17        12        2014      23.00          30.60          5.00           85.00          3.23           0.00           3.12           
18        12        2014      22.81          32.60          0.10           82.00          5.00           0.00           3.67           
19        12        2014      23.20          33.20          1.80           86.00          3.23           0.00           3.21           
20        12        2014      22.00          31.20          2.40           90.00          3.50           0.00           3.21           
21        12        2014      23.00          32.40          0.60           84.00          4.50           0.00           3.54           
22        12        2014      23.00          31.20          2.00           92.00          6.00           0.00           4.00           
23        12        2014      22.60          32.20          18.60          95.00          3.10           0.00           3.18           
24        12        2014      22.20          33.40          93.50          89.00          4.00           0.00           3.44           
25        12        2014      23.00          30.00          27.00          89.00          3.23           0.00           3.12           
26        12        2014      22.60          30.60          0.40           87.00          0.50           0.00           2.34           
27        12        2014      22.80          31.00          0.30           92.00          4.50           0.00           3.54           
28        12        2014      22.30          29.00          48.70          96.00          3.23           0.00           3.11           
29        12        2014      23.00          33.00          59.10          91.00          3.23           1.00           3.30           
30        12        2014      23.00          31.80          0.00           87.00          3.23           0.00           3.17           
31        12        2014      23.00          29.80          2.00           87.00          3.23           0.00           3.11           
1         1         2015      23.00          31.20          0.00           85.00          0.00           1.00           2.46           
2         1         2015      23.80          30.60          10.00          85.00          2.50           1.00           3.12           
3         1         2015      23.10          30.00          0.00           90.00          3.71           1.00           3.31           
4         1         2015      22.80          31.10          8.80           87.00          3.71           1.00           3.41           
5         1         2015      23.80          31.00          8.70           85.00          3.71           0.00           3.31           
6         1         2015      21.20          31.00          0.00           81.00          3.71           0.00           3.20           
7         1         2015      22.00          32.00          0.00           77.00          4.50           0.00           3.45           
8         1         2015      22.60          32.00          0.00           84.00          3.71           1.00           3.51           
9         1         2015      22.40          30.80          0.00           80.00          3.71           0.00           3.23           
10        1         2015      22.40          33.30          0.00           77.00          3.71           1.00           3.70           
11        1         2015      22.20          33.80          0.00           85.00          6.50           0.00           4.19           
12        1         2015      22.80          31.60          6.30           87.00          3.71           0.00           3.32           
13        1         2015      22.60          30.40          13.50          89.00          3.71           1.00           3.34           
14        1         2015      23.00          30.00          21.40          87.00          1.00           0.00           2.49           
15        1         2015      22.80          30.40          9.80           89.00          3.50           0.00           3.23           
16        1         2015      22.20          33.00          14.20          85.00          1.80           1.00           3.03           
17        1         2015      22.20          32.20          0.00           87.00          7.50           0.00           4.44           
18        1         2015      22.60          31.00          21.50          89.00          4.50           0.00           3.54           
19        1         2015      22.60          33.20          4.00           85.00          2.50           1.00           3.24           
20        1         2015      22.80          32.40          16.00          85.00          3.50           0.00           3.28           
21        1         2015      22.80          32.00          2.60           86.00          0.50           0.00           2.39           
22        1         2015      24.00          31.86          0.80           87.00          1.00           1.00           2.74           
23        1         2015      22.20          32.00          4.00           88.00          5.50           0.00           3.86           
24        1         2015      23.00          31.80          2.50           87.00          3.10           1.00           3.31           
25        1         2015      22.40          34.00          0.00           87.00          2.60           1.00           3.28           
26        1         2015      21.00          31.80          12.80          85.00          7.00           0.00           4.21           
27        1         2015      22.68          33.00          0.00           84.00          5.00           0.00           3.74           
28        1         2015      23.20          32.30          0.00           85.00          6.70           0.00           4.26           
29        1         2015      23.00          33.60          8.00           86.00          5.00           0.00           3.80           
30        1         2015      23.40          33.00          6.00           89.00          3.71           1.00           3.52           
31        1         2015      22.40          31.20          68.40          92.00          3.71           0.00           3.34           
1         2         2015      22.00          31.00          32.00          85.00          0.50           0.00           2.35           
2         2         2015      22.00          32.40          1.50           90.00          4.48           0.00           3.59           
3         2         2015      22.00          32.20          0.30           85.00          3.50           1.00           3.46           
4         2         2015      22.80          32.60          7.00           85.00          8.00           1.00           4.75           
5         2         2015      23.20          32.40          39.00          87.00          4.48           0.00           3.62           
6         2         2015      22.00          31.40          7.30           84.00          4.48           0.00           3.51           
7         2         2015      21.80          30.00          0.00           89.00          4.48           0.00           3.49           
8         2         2015      21.60          32.10          27.00          84.00          4.48           0.00           3.53           
9         2         2015      21.60          32.20          0.00           88.00          4.48           0.00           3.56           
10        2         2015      21.20          32.00          18.40          90.00          2.00           0.00           2.81           
11        2         2015      22.80          32.80          14.00          88.00          4.48           0.00           3.63           
12        2         2015      22.00          32.20          9.70           89.00          4.48           1.00           3.67           
13        2         2015      22.20          30.80          49.50          89.00          4.48           0.00           3.54           
14        2         2015      22.20          31.40          36.00          92.00          3.00           0.00           3.13           
15        2         2015      22.40          33.40          3.70           78.00          2.00           0.00           2.83           
16        2         2015      22.00          32.60          0.00           82.00          6.00           1.00           4.22           
17        2         2015      22.00          33.00          0.00           81.00          4.48           0.00           3.55           
18        2         2015      21.80          32.20          0.00           82.00          4.48           1.00           3.77           
19        2         2015      22.80          33.00          0.00           85.00          4.48           0.00           3.60           
20        2         2015      22.20          31.40          9.00           84.00          4.48           0.00           3.51           
21        2         2015      22.80          32.00          0.00           86.00          6.50           1.00           4.28           
22        2         2015      22.00          33.20          0.00           82.00          7.50           0.00           4.45           
23        2         2015      23.20          33.20          0.00           85.00          4.48           0.00           3.62           
24        2         2015      21.40          33.00          0.00           86.00          4.48           0.00           3.55           
25        2         2015      22.00          31.40          28.00          86.00          4.48           0.00           3.51           
26        2         2015      22.10          32.80          0.00           83.00          4.48           0.00           3.54           
27        2         2015      22.40          37.40          0.00           87.00          6.30           0.00           4.34           
28        2         2015      22.00          32.00          0.60           88.00          4.00           0.00           3.40           
1         3         2015      23.00          32.40          3.00           83.00          5.80           0.00           3.94           
2         3         2015      21.80          32.20          20.40          81.00          5.80           1.00           4.11           
3         3         2015      22.00          31.80          0.00           86.00          5.80           0.00           3.89           
4         3         2015      22.20          34.60          39.00          84.00          5.80           0.00           4.00           
5         3         2015      22.00          35.40          0.00           88.00          5.80           0.00           4.06           
6         3         2015      22.20          30.20          29.70          92.00          3.00           1.00           3.06           
7         3         2015      22.20          30.60          11.40          84.00          5.80           0.00           3.82           
8         3         2015      22.60          32.40          16.00          84.00          5.80           2.00           4.24           
9         3         2015      22.80          32.00          1.00           82.00          5.80           0.00           3.87           
10        3         2015      22.30          33.20          0.00           85.00          5.80           0.00           3.92           
11        3         2015      23.00          33.00          0.00           88.00          6.00           1.00           4.12           
12        3         2015      23.00          33.00          0.90           86.00          1.00           1.00           2.75           
13        3         2015      23.20          32.60          21.90          86.00          5.80           0.00           3.93           
14        3         2015      22.80          32.40          0.00           89.00          6.00           1.00           4.04           
15        3         2015      22.80          32.00          5.50           89.00          5.80           0.00           3.90           
16        3         2015      22.40          32.20          5.20           84.00          5.80           0.00           3.84           
17        3         2015      22.00          35.00          5.10           82.00          8.00           0.00           4.56           
18        3         2015      23.20          33.60          0.00           85.00          8.50           0.00           4.74           
19        3         2015      24.20          31.40          0.00           88.00          5.80           0.00           3.90           
20        3         2015      22.60          31.40          11.70          86.00          5.80           1.00           3.91           
21        3         2015      20.80          32.00          6.70           83.00          5.80           0.00           3.71           
22        3         2015      20.30          34.00          1.00           84.00          5.80           1.00           4.04           
23        3         2015      22.20          33.20          5.10           87.00          7.00           0.00           4.20           
24        3         2015      22.80          32.60          6.00           90.00          7.00           0.00           4.22           
25        3         2015      22.00          32.80          61.00          86.00          5.80           0.00           3.79           
26        3         2015      22.20          32.60          0.00           85.00          5.80           1.00           3.95           
27        3         2015      22.00          33.40          0.00           86.00          5.80           0.00           3.80           
28        3         2015      21.80          33.30          0.00           86.00          5.80           0.00           3.78           
29        3         2015      22.00          33.00          4.50           82.00          5.50           0.00           3.64           
30        3         2015      22.80          33.60          0.00           86.00          6.00           0.00           3.87           
31        3         2015      22.80          24.50          0.20           83.00          5.80           0.00           3.40           
1         4         2015      22.60          34.00          0.00           86.00          5.48           1.00           3.89           
2         4         2015      22.40          32.60          30.00          85.00          5.48           1.00           3.80           
3         4         2015      23.80          32.20          0.00           91.00          7.50           0.00           4.30           
4         4         2015      22.40          33.20          0.00           85.00          4.50           0.00           3.35           
5         4         2015      22.20          34.80          0.60           86.00          6.00           0.00           3.83           
6         4         2015      23.20          33.40          4.80           89.00          5.48           0.00           3.68           
7         4         2015      22.00          33.00          52.90          94.00          5.48           0.00           3.65           
8         4         2015      21.10          30.80          51.20          86.00          5.48           0.00           3.44           
9         4         2015      21.20          32.30          0.00           86.00          5.48           0.00           3.49           
10        4         2015      21.10          32.60          32.30          83.00          5.50           0.00           3.47           
11        4         2015      22.40          32.60          0.00           87.00          9.00           0.00           4.51           
12        4         2015      22.60          32.80          7.00           87.00          6.50           0.00           3.83           
13        4         2015      22.40          31.40          12.30          90.00          5.50           0.00           3.50           
14        4         2015      21.80          32.40          20.90          82.00          2.00           0.00           2.51           
15        4         2015      22.00          33.20          0.00           88.00          6.00           0.00           3.65           
16        4         2015      23.40          34.00          15.00          86.00          6.00           0.00           3.72           
17        4         2015      22.40          32.00          31.60          88.00          6.00           0.00           3.60           
18        4         2015      22.00          33.00          0.00           86.00          5.48           0.00           3.45           
19        4         2015      22.60          32.40          62.80          87.00          4.50           0.00           3.18           
20        4         2015      22.40          32.60          11.70          82.00          5.48           0.00           3.39           
21        4         2015      22.20          33.60          33.50          87.00          6.00           0.00           3.59           
22        4         2015      23.00          34.00          0.00           84.00          4.00           0.00           3.06           
23        4         2015      22.40          32.00          31.60          88.00          6.00           0.00           3.52           
24        4         2015      22.20          31.40          24.90          85.00          5.48           0.00           3.31           
25        4         2015      22.40          31.40          28.90          89.00          6.00           0.00           3.48           
26        4         2015      22.40          32.60          0.00           85.00          7.50           1.00           4.03           
27        4         2015      22.40          32.20          0.00           88.00          0.00           0.00           1.92           
28        4         2015      22.40          30.30          0.00           87.00          7.00           0.00           3.63           
29        4         2015      22.80          33.40          2.40           82.00          2.00           0.00           2.43           
30        4         2015      22.60          32.20          0.00           89.00          7.50           0.00           3.85           
1         5         2015      22.00          33.00          89.90          88.00          6.83           0.00           3.66           
2         5         2015      23.00          31.80          5.50           89.00          5.50           0.00           3.30           
3         5         2015      22.40          30.00          0.00           88.00          4.50           0.00           2.94           
4         5         2015      22.80          30.40          0.00           84.00          0.50           0.00           1.96           
5         5         2015      21.40          33.00          1.40           80.00          2.50           0.00           2.45           
6         5         2015      21.00          31.60          0.00           76.00          7.50           1.00           3.89           
7         5         2015      20.60          32.00          0.00           77.00          9.00           1.00           4.20           
8         5         2015      20.40          32.20          0.00           77.00          9.00           0.00           3.83           
9         5         2015      20.40          32.40          0.00           83.00          9.50           0.00           4.02           
10        5         2015      20.40          32.10          0.00           81.00          5.00           0.00           2.94           
11        5         2015      21.60          33.20          0.00           80.00          5.00           0.00           3.00           
12        5         2015      23.00          33.00          4.20           85.00          7.50           0.00           3.69           
13        5         2015      23.20          33.00          33.00          82.00          3.50           0.00           2.68           
14        5         2015      23.20          33.00          0.00           79.00          2.50           0.00           2.41           
15        5         2015      23.10          32.40          0.00           80.00          8.00           0.00           3.68           
16        5         2015      20.80          31.10          0.00           82.00          9.00           0.00           3.75           
17        5         2015      20.80          32.00          0.00           76.00          9.50           1.00           4.19           
18        5         2015      19.20          32.30          0.00           73.00          9.00           2.00           4.49           
19        5         2015      17.50          31.20          0.00           73.00          8.00           1.00           3.75           
20        5         2015      18.20          32.60          0.00           75.00          8.50           1.00           3.93           
21        5         2015      18.00          32.20          0.00           73.00          8.00           0.00           3.29           
22        5         2015      17.60          32.30          0.00           74.00          6.83           0.00           3.04           
23        5         2015      20.40          32.20          0.00           82.00          8.50           0.00           3.59           
24        5         2015      21.20          32.80          0.00           83.00          8.00           0.00           3.55           
25        5         2015      21.40          32.20          0.30           82.00          6.83           1.00           3.53           
26        5         2015      22.80          31.80          0.00           86.00          6.00           0.00           3.13           
27        5         2015      22.40          33.40          1.00           81.00          4.50           0.00           2.78           
28        5         2015      23.20          32.20          0.00           82.00          8.50           1.00           3.91           
29        5         2015      22.00          31.80          0.00           83.00          8.70           1.00           3.86           
30        5         2015      22.80          32.00          0.00           84.00          9.00           1.00           3.95           
31        5         2015      22.00          30.40          0.00           86.00          6.50           1.00           3.27           
1         6         2015      22.80          32.60          0.00           80.00          4.00           1.00           2.98           
2         6         2015      22.00          32.20          0.00           85.00          4.50           0.00           2.72           
3         6         2015      23.00          32.40          0.00           83.00          4.50           1.00           3.02           
4         6         2015      22.80          32.80          0.00           81.00          6.50           1.00           3.48           
5         6         2015      22.80          31.00          0.00           83.00          7.00           1.00           3.44           
6         6         2015      22.40          30.40          0.00           83.00          7.50           1.00           3.48           
7         6         2015      23.20          31.00          0.00           82.00          4.00           0.00           2.56           
8         6         2015      23.10          30.60          0.00           85.00          5.50           0.00           2.89           
9         6         2015      22.40          29.20          3.00           85.00          7.00           1.00           3.27           
10        6         2015      23.00          30.00          0.00           82.00          0.50           1.00           2.10           
11        6         2015      20.20          30.20          0.00           78.00          6.50           1.00           3.25           
12        6         2015      20.20          30.20          0.00           79.00          9.00           1.00           3.69           
13        6         2015      19.80          30.60          0.00           81.00          7.50           0.00           3.12           
14        6         2015      19.40          32.60          0.00           77.00          8.50           1.00           3.76           
15        6         2015      19.40          31.00          0.00           79.00          9.00           1.00           3.71           
16        6         2015      17.40          31.20          0.00           82.00          9.00           1.00           3.63           
17        6         2015      18.40          33.20          0.00           78.00          9.00           2.00           4.22           
18        6         2015      18.80          33.80          0.00           82.00          8.50           1.00           3.77           
19        6         2015      20.00          30.30          0.00           77.00          9.00           1.00           3.70           
20        6         2015      19.60          32.20          0.00           80.00          8.50           0.00           3.36           
21        6         2015      20.00          30.00          0.00           82.00          6.00           1.00           3.07           
22        6         2015      20.40          30.40          0.00           80.00          6.00           1.00           3.13           
23        6         2015      18.60          30.60          0.00           81.00          7.50           1.00           3.36           
24        6         2015      17.80          30.20          0.00           80.00          9.00           2.00           3.84           
25        6         2015      19.00          31.00          0.00           82.00          8.50           0.00           3.30           
26        6         2015      19.00          34.20          0.00           80.00          7.50           0.00           3.21           
27        6         2015      21.20          31.30          0.00           82.00          5.50           1.00           3.09           
28        6         2015      20.00          31.20          0.00           79.00          8.50           0.00           3.32           
29        6         2015      20.20          31.00          0.00           81.00          9.00           1.00           3.72           
30        6         2015      20.80          30.00          0.00           84.00          9.00           0.00           3.48           
1         7         2015      20.40          30.00          0.00           77.00          5.50           0.00           2.69           
2         7         2015      19.40          32.00          0.00           78.00          7.09           0.00           3.05           
3         7         2015      20.00          31.00          0.00           76.00          8.80           1.00           3.74           
4         7         2015      18.20          31.40          0.00           75.00          9.00           1.00           3.76           
5         7         2015      18.00          31.20          0.00           79.00          9.00           1.00           3.70           
6         7         2015      17.80          31.20          0.00           80.00          8.00           1.00           3.51           
7         7         2015      19.80          30.80          0.00           78.00          9.00           1.00           3.75           
8         7         2015      20.00          31.20          0.00           85.00          8.50           1.00           3.62           
9         7         2015      20.00          29.30          0.00           76.00          4.50           1.00           2.89           
10        7         2015      18.40          30.80          0.00           77.00          5.00           1.00           3.03           
11        7         2015      18.20          32.60          0.00           80.00          8.00           1.00           3.65           
12        7         2015      19.40          32.40          0.00           74.00          5.00           1.00           3.19           
13        7         2015      20.00          31.60          0.00           80.00          7.50           1.00           3.55           
14        7         2015      20.00          32.00          0.00           77.00          6.00           0.00           2.90           
15        7         2015      21.00          30.20          0.00           81.00          7.50           2.00           3.71           
16        7         2015      19.80          31.00          0.00           83.00          6.00           1.00           3.20           
17        7         2015      18.00          32.00          0.00           78.00          6.20           1.00           3.34           
18        7         2015      19.80          30.40          0.00           84.00          7.50           1.00           3.45           
19        7         2015      20.20          31.20          0.00           81.00          7.60           0.00           3.30           
20        7         2015      20.00          31.80          0.00           79.00          6.50           0.00           3.07           
21        7         2015      19.60          32.80          0.00           77.00          6.50           0.00           3.08           
22        7         2015      20.20          32.60          0.00           83.00          8.50           0.00           3.61           
23        7         2015      17.60          31.60          0.00           82.00          6.80           1.00           3.41           
24        7         2015      18.80          31.00          0.00           81.00          6.00           1.00           3.26           
25        7         2015      20.60          32.60          0.00           76.00          7.09           1.00           3.70           
26        7         2015      19.20          32.20          0.00           80.00          9.00           0.00           3.65           
27        7         2015      19.60          30.40          0.00           79.00          7.20           1.00           3.53           
28        7         2015      21.00          32.40          0.00           79.00          8.00           1.00           3.88           
29        7         2015      19.40          32.60          0.00           83.00          6.00           1.00           3.40           
30        7         2015      21.20          30.60          0.00           84.00          8.50           1.00           3.83           
31        7         2015      22.00          31.00          0.00           80.00          4.10           1.00           3.03           
1         8         2015      19.40          32.00          0.00           80.00          7.00           1.00           3.63           
2         8         2015      18.00          30.40          0.00           76.00          9.00           2.00           4.24           
3         8         2015      18.60          29.60          0.00           79.00          9.50           1.00           3.96           
4         8         2015      19.80          30.00          0.00           82.00          7.00           1.00           3.51           
5         8         2015      18.60          30.40          0.00           80.00          6.50           1.00           3.45           
6         8         2015      20.60          32.40          0.00           80.00          8.00           0.00           3.65           
7         8         2015      22.10          32.40          0.00           79.00          8.00           1.00           4.03           
8         8         2015      19.20          34.60          0.00           80.00          6.00           1.00           3.68           
9         8         2015      19.80          31.10          0.00           80.00          8.00           1.00           3.88           
10        8         2015      19.80          33.00          0.00           81.00          3.00           1.00           2.93           
11        8         2015      21.20          33.00          0.00           78.00          5.50           1.00           3.56           
12        8         2015      21.20          29.80          0.00           80.00          8.20           0.00           3.68           
13        8         2015      22.20          33.00          0.00           76.00          2.00           0.00           2.35           
14        8         2015      22.00          36.20          0.00           77.00          8.70           1.00           4.60           
15        8         2015      22.00          35.10          0.00           80.00          7.50           1.00           4.20           
16        8         2015      20.20          34.00          0.00           79.00          6.50           1.00           3.87           
17        8         2015      19.60          35.00          0.00           82.00          8.00           1.00           4.25           
18        8         2015      21.00          31.60          0.00           77.00          5.00           0.00           3.05           
19        8         2015      19.00          34.00          0.00           80.00          6.50           0.00           3.46           
20        8         2015      17.60          33.30          0.00           81.00          7.50           1.00           4.00           
21        8         2015      18.80          31.00          0.00           75.00          9.00           1.00           4.25           
22        8         2015      18.20          31.20          0.00           78.00          8.50           1.00           4.13           
23        8         2015      17.80          31.80          0.00           76.00          7.00           1.00           3.88           
24        8         2015      19.10          31.80          0.00           74.00          6.50           1.00           3.85           
25        8         2015      19.60          32.80          0.00           78.00          8.00           1.00           4.22           
26        8         2015      20.40          34.00          0.00           81.00          7.60           1.00           4.22           
27        8         2015      19.80          31.00          0.00           83.00          8.00           1.00           4.06           
28        8         2015      20.80          34.80          0.00           80.00          4.50           1.00           3.58           
29        8         2015      20.80          32.60          0.00           81.00          8.00           1.00           4.26           
30        8         2015      20.80          32.40          0.00           76.00          8.70           1.00           4.48           
31        8         2015      19.30          31.40          0.00           74.00          9.00           0.00           4.05           
1         9         2015      21.80          32.00          0.00           77.00          9.00           1.00           4.57           
2         9         2015      21.60          30.80          0.00           79.00          8.00           1.00           4.23           
3         9         2015      20.40          31.20          0.00           78.00          5.70           2.00           4.01           
4         9         2015      20.20          32.00          0.00           76.00          8.00           2.00           4.65           
5         9         2015      20.40          33.50          0.00           74.00          9.00           2.00           5.10           
6         9         2015      20.00          35.00          0.00           76.00          8.50           1.00           4.70           
7         9         2015      21.20          34.10          0.00           77.00          8.04           1.00           4.56           
8         9         2015      20.20          34.00          0.00           75.00          8.00           1.00           4.54           
9         9         2015      19.00          33.60          0.00           76.00          9.00           1.00           4.71           
10        9         2015      18.80          33.00          0.00           72.00          8.50           2.00           5.02           
11        9         2015      20.10          33.40          0.00           73.00          8.50           1.00           4.66           
12        9         2015      21.20          31.40          0.00           80.00          6.00           1.00           3.88           
13        9         2015      21.20          31.40          0.00           73.00          8.20           2.00           4.85           
14        9         2015      20.90          31.00          0.00           72.00          8.50           2.00           4.91           
15        9         2015      18.00          32.00          0.00           72.00          9.00           1.00           4.65           
16        9         2015      18.90          33.60          0.00           72.00          8.50           1.00           4.71           
17        9         2015      19.60          33.20          0.00           81.00          7.80           1.00           4.43           
18        9         2015      20.60          33.20          0.00           78.00          8.50           1.00           4.68           
19        9         2015      21.00          33.60          0.00           75.00          8.60           1.00           4.80           
20        9         2015      21.80          34.00          0.00           74.00          8.00           1.00           4.73           
21        9         2015      21.20          33.70          0.00           70.00          7.50           1.00           4.62           
22        9         2015      22.00          34.00          0.00           73.00          7.00           0.00           4.03           
23        9         2015      21.20          34.20          0.00           72.00          9.00           1.00           5.02           
24        9         2015      20.00          33.40          0.00           71.00          9.50           1.00           5.05           
25        9         2015      18.80          33.00          0.00           75.00          8.00           1.00           4.58           
26        9         2015      21.00          32.80          0.00           73.00          8.00           1.00           4.67           
27        9         2015      20.60          32.20          0.00           75.00          9.50           1.00           4.96           
28        9         2015      21.20          33.40          0.00           74.00          5.00           1.00           3.97           
29        9         2015      21.00          33.20          0.00           78.00          8.50           1.00           4.79           
30        9         2015      21.80          34.00          0.00           74.00          6.00           0.00           3.82           
1         10        2015      21.26          34.80          0.00           73.00          6.00           1.00           4.36           
2         10        2015      22.00          34.20          0.00           76.00          7.99           1.00           4.82           
3         10        2015      22.10          33.40          0.00           69.00          6.00           1.00           4.35           
4         10        2015      21.10          34.60          0.00           71.00          6.50           1.00           4.51           
5         10        2015      20.20          33.20          0.00           80.00          8.00           1.00           4.65           
6         10        2015      20.80          34.40          0.00           71.00          6.50           0.00           3.93           
7         10        2015      20.80          34.00          0.00           74.00          9.00           0.00           4.64           
8         10        2015      21.60          34.40          0.00           73.00          9.00           1.00           5.15           
9         10        2015      20.80          33.00          0.00           74.00          8.00           1.00           4.75           
10        10        2015      22.40          35.00          0.00           73.00          6.00           1.00           4.44           
11        10        2015      20.40          36.40          0.00           68.00          7.00           1.00           4.83           
12        10        2015      21.20          34.80          0.00           74.00          8.50           1.00           5.05           
13        10        2015      20.60          34.40          0.00           72.00          9.00           2.00           5.57           
14        10        2015      20.80          33.80          0.00           72.00          7.99           1.00           4.85           
15        10        2015      20.60          32.40          0.00           68.00          7.99           2.00           5.25           
16        10        2015      21.20          35.40          0.00           73.00          8.00           1.00           4.99           
17        10        2015      20.40          35.40          0.00           72.00          8.50           1.00           5.11           
18        10        2015      22.60          34.80          0.00           70.00          9.50           1.00           5.42           
19        10        2015      21.26          36.00          0.00           73.00          9.50           1.00           5.45           
20        10        2015      22.20          35.40          0.00           73.00          7.80           2.00           5.41           
21        10        2015      22.20          32.60          0.00           73.00          9.50           1.00           5.20           
22        10        2015      19.80          35.40          0.00           73.00          5.00           0.00           3.59           
23        10        2015      20.00          34.40          0.00           70.00          8.00           0.00           4.35           
24        10        2015      20.20          35.60          0.00           68.00          8.00           0.00           4.39           
25        10        2015      20.00          35.80          0.00           69.00          9.00           1.00           5.31           
26        10        2015      22.00          34.80          0.00           75.00          10.00          1.00           5.50           
27        10        2015      21.00          36.40          0.00           73.00          8.00           1.00           5.09           
28        10        2015      21.20          37.00          0.00           70.00          9.00           1.00           5.45           
29        10        2015      23.20          36.30          0.00           73.00          9.50           1.00           5.57           
30        10        2015      22.80          35.40          0.00           74.00          8.50           1.00           5.20           
31        10        2015      22.20          36.60          0.00           70.00          6.50           1.00           4.78           
1         11        2015      23.00          37.00          0.00           70.00          9.00           1.00           5.52           
2         11        2015      22.40          35.00          0.00           69.00          8.00           1.00           5.07           
3         11        2015      21.80          35.10          0.00           73.00          8.20           1.00           5.06           
4         11        2015      21.00          35.00          0.00           72.00          6.00           1.00           4.47           
5         11        2015      21.20          36.00          0.00           70.00          6.00           0.00           3.93           
6         11        2015      21.20          34.80          0.00           75.00          7.00           0.00           4.22           
7         11        2015      21.40          35.00          1.00           78.00          4.00           1.00           3.85           
8         11        2015      22.60          34.20          0.00           80.00          3.50           1.00           3.65           
9         11        2015      22.40          32.80          41.20          81.00          3.00           0.00           3.09           
10        11        2015      23.00          33.20          0.00           85.00          7.60           0.00           4.52           
11        11        2015      23.00          32.80          0.00           85.00          5.00           0.00           3.73           
12        11        2015      23.70          33.00          2.00           80.00          1.20           1.00           2.97           
13        11        2015      23.80          33.40          0.50           78.00          5.00           1.00           4.07           
14        11        2015      22.80          34.40          0.00           81.00          7.50           1.00           4.75           
15        11        2015      23.00          35.00          2.10           72.00          6.00           0.00           3.98           
16        11        2015      23.00          34.40          0.00           75.00          9.50           1.00           5.37           
17        11        2015      23.20          33.20          0.00           80.00          7.50           0.00           4.44           
18        11        2015      23.80          32.20          23.50          83.00          5.00           0.00           3.71           
19        11        2015      23.00          33.80          0.00           78.00          6.20           1.00           4.40           
20        11        2015      23.00          34.20          0.10           77.00          7.40           1.00           4.76           
21        11        2015      24.40          35.20          0.50           81.00          7.50           0.00           4.60           
22        11        2015      24.00          35.10          0.00           74.00          6.00           1.00           4.52           
23        11        2015      22.80          35.20          0.00           72.00          8.00           0.00           4.54           
24        11        2015      23.20          35.20          0.00           74.00          7.50           1.00           4.90           
25        11        2015      22.80          34.80          0.00           81.00          8.60           1.00           5.08           
26        11        2015      23.20          34.00          0.50           80.00          5.50           1.00           4.19           
27        11        2015      24.20          34.40          5.00           79.00          3.00           0.00           3.17           
28        11        2015      24.00          34.80          0.00           81.00          5.50           1.00           4.25           
29        11        2015      23.80          35.00          5.30           84.00          6.50           1.00           4.50           
30        11        2015      22.40          32.20          42.40          82.00          6.50           0.00           4.07           
1         12        2015      23.80          34.20          0.00           85.00          4.70           1.00           3.91           
2         12        2015      23.20          32.80          4.30           85.00          6.20           1.00           4.22           
3         12        2015      22.30          33.00          3.80           84.00          5.00           0.00           3.68           
4         12        2015      24.00          32.20          1.50           85.00          2.50           1.00           3.19           
5         12        2015      23.80          33.00          0.00           84.00          5.15           1.00           3.98           
6         12        2015      23.80          29.80          0.00           91.00          6.00           0.00           3.96           
7         12        2015      23.00          33.00          11.80          86.00          0.50           1.00           2.64           
8         12        2015      23.00          32.60          0.20           89.00          4.00           0.00           3.43           
9         12        2015      24.00          33.20          14.00          90.00          4.50           0.00           3.65           
10        12        2015      23.20          33.20          1.10           89.00          5.50           1.00           3.99           
11        12        2015      23.20          32.40          0.00           88.00          3.50           0.00           3.28           
12        12        2015      22.80          32.40          44.00          93.00          3.50           0.00           3.30           
13        12        2015      22.80          33.00          21.10          88.00          3.00           0.00           3.14           
14        12        2015      23.60          30.40          1.00           92.00          4.00           0.00           3.40           
15        12        2015      23.10          32.00          39.00          89.00          2.50           0.00           2.97           
16        12        2015      23.20          31.20          12.60          89.00          3.50           0.00           3.24           
17        12        2015      22.20          32.60          0.00           89.00          2.50           0.00           2.96           
18        12        2015      22.20          31.20          7.30           91.00          5.50           0.00           3.81           
19        12        2015      22.00          31.60          0.90           85.00          0.60           1.00           2.62           
20        12        2015      24.00          31.80          5.30           88.00          4.60           0.00           3.61           
21        12        2015      23.20          33.00          12.40          76.00          3.00           0.00           3.08           
22        12        2015      23.00          34.00          0.00           83.00          8.50           0.00           4.78           
23        12        2015      23.60          32.80          46.00          81.00          7.50           0.00           4.43           
24        12        2015      23.00          32.80          0.00           81.00          6.50           1.00           4.35           
25        12        2015      23.00          34.20          8.00           86.00          7.90           1.00           4.77           
26        12        2015      23.40          31.80          3.20           84.00          5.50           1.00           3.99           
27        12        2015      24.20          31.80          0.00           84.00          7.00           0.00           4.30           
28        12        2015      23.00          33.40          0.00           80.00          9.00           1.00           5.09           
29        12        2015      22.80          33.00          0.00           76.00          9.00           0.00           4.77           
30        12        2015      23.80          34.00          0.00           77.00          9.50           1.00           5.34           
31        12        2015      23.60          34.40          0.00           81.00          9.00           1.00           5.19           
1         1         2016      23.80          32.80          0.00           82.00          8.50           1.00           4.92           
2         1         2016      22.30          31.80          3.80           83.00          7.00           1.00           4.37           
3         1         2016      22.80          33.00          0.40           81.00          5.50           1.00           4.10           
4         1         2016      23.80          33.40          0.00           86.00          7.50           1.00           4.64           
5         1         2016      23.40          32.40          0.00           85.00          4.00           0.00           3.43           
6         1         2016      23.40          33.80          57.00          83.00          5.20           1.00           4.06           
7         1         2016      22.40          33.80          0.00           79.00          4.50           1.00           3.91           
8         1         2016      23.10          33.80          4.10           85.00          6.00           1.00           4.25           
9         1         2016      23.00          32.40          0.00           83.00          4.00           1.00           3.64           
10        1         2016      22.80          33.00          0.00           82.00          8.50           0.00           4.73           
11        1         2016      23.40          31.80          46.50          90.00          3.50           0.00           3.30           
12        1         2016      22.60          33.40          56.60          85.00          2.00           1.00           3.10           
13        1         2016      22.00          34.20          0.00           81.00          7.50           1.00           4.72           
14        1         2016      22.00          33.20          7.80           73.00          7.00           1.00           4.61           
15        1         2016      22.40          34.10          0.00           82.00          3.50           1.00           3.61           
16        1         2016      21.80          33.40          6.90           78.00          4.00           0.00           3.37           
17        1         2016      23.20          33.20          0.00           82.00          9.00           0.00           4.93           
18        1         2016      23.00          33.80          0.00           85.00          7.80           1.00           4.77           
19        1         2016      24.00          33.00          12.00          89.00          4.50           1.00           3.75           
20        1         2016      23.30          33.00          1.00           89.00          3.00           0.00           3.19           
21        1         2016      23.00          32.20          57.30          92.00          5.00           0.00           3.78           
22        1         2016      23.80          33.40          11.50          88.00          5.17           0.00           3.89           
23        1         2016      23.60          33.40          11.50          88.00          6.00           0.00           4.13           
24        1         2016      23.00          30.60          21.00          83.00          3.20           0.00           3.13           
25        1         2016      22.80          30.00          0.00           87.00          0.50           0.00           2.35           
26        1         2016      23.10          29.60          0.80           83.00          0.00           1.00           2.46           
27        1         2016      23.60          31.10          0.00           90.00          1.50           1.00           2.79           
28        1         2016      22.60          32.60          0.00           82.00          2.50           1.00           3.27           
29        1         2016      23.00          33.00          0.00           83.00          7.50           1.00           4.67           
30        1         2016      23.20          33.40          0.00           82.00          8.50           0.00           4.82           
31        1         2016      23.00          32.30          0.00           88.00          8.00           1.00           4.70           
1         2         2016      22.40          31.80          43.00          88.00          2.00           0.00           2.83           
2         2         2016      24.00          33.00          14.00          90.00          3.50           0.00           3.38           
3         2         2016      23.00          27.10          45.00          95.00          0.50           0.00           2.32           
4         2         2016      22.80          32.00          6.00           86.00          0.00           0.00           2.24           
5         2         2016      23.60          29.00          2.20           90.00          1.50           1.00           2.71           
6         2         2016      23.40          30.00          4.30           86.00          0.00           0.00           2.22           
7         2         2016      23.03          31.58          0.00           90.00          0.20           0.00           2.31           
8         2         2016      24.20          30.00          4.00           89.00          0.50           0.00           2.39           
9         2         2016      24.00          33.40          1.00           88.00          2.50           0.00           3.07           
10        2         2016      23.40          32.20          14.70          90.00          4.50           1.00           3.69           
11        2         2016      23.20          30.80          98.00          90.00          0.50           1.00           2.49           
12        2         2016      23.20          28.00          9.90           92.00          0.50           0.00           2.33           
13        2         2016      23.30          29.20          0.30           92.00          0.00           0.00           2.21           
14        2         2016      23.00          32.80          1.00           78.00          0.00           0.00           2.24           
15        2         2016      22.60          32.20          0.00           85.00          6.50           0.00           4.17           
16        2         2016      22.80          32.20          6.00           89.00          3.00           1.00           3.27           
17        2         2016      22.80          33.00          13.30          84.00          5.00           1.00           3.96           
18        2         2016      22.20          33.20          0.00           85.00          8.00           1.00           4.77           
19        2         2016      22.40          33.40          0.00           84.00          9.50           1.00           5.23           
20        2         2016      23.60          32.30          0.00           83.00          9.00           0.00           4.95           
21        2         2016      23.40          32.40          37.10          86.00          3.00           0.00           3.16           
22        2         2016      21.60          32.40          0.00           78.00          2.50           1.00           3.32           
23        2         2016      22.60          32.00          0.00           86.00          7.00           0.00           4.31           
24        2         2016      22.60          33.00          0.00           85.00          5.00           0.00           3.74           
25        2         2016      22.60          33.60          0.00           86.00          5.50           0.00           3.93           
26        2         2016      23.60          31.50          0.00           88.00          3.10           1.00           3.28           
27        2         2016      21.80          30.00          41.90          91.00          2.50           0.00           2.91           
28        2         2016      23.00          32.00          0.00           89.00          0.50           1.00           2.54           
29        2         2016      23.60          31.80          74.00          90.00          3.50           1.00           3.36           
1         3         2016      24.00          32.00          14.20          77.00          5.00           1.00           4.01           
2         3         2016      24.10          33.40          0.00           88.00          6.50           0.00           4.29           
3         3         2016      23.60          32.60          5.50           86.00          3.00           1.00           3.33           
4         3         2016      23.00          31.60          0.00           91.00          4.50           1.00           3.59           
5         3         2016      24.00          32.20          6.00           90.00          3.00           0.00           3.16           
6         3         2016      24.00          31.80          0.00           89.00          3.50           0.00           3.29           
7         3         2016      23.40          33.00          63.30          91.00          3.00           0.00           3.16           
8         3         2016      23.60          32.80          24.40          91.00          2.50           0.00           3.00           
9         3         2016      22.80          32.00          5.00           83.00          2.50           0.00           2.91           
10        3         2016      23.80          33.20          0.00           88.00          6.00           0.00           4.08           
11        3         2016      23.80          33.00          2.10           86.00          6.00           1.00           4.17           
12        3         2016      23.40          33.40          0.00           87.00          5.50           0.00           3.89           
13        3         2016      23.00          34.00          0.00           83.00          4.95           0.00           3.69           
14        3         2016      24.20          32.00          0.00           83.00          7.70           1.00           4.61           
15        3         2016      23.00          32.20          1.00           83.00          5.50           1.00           3.97           
16        3         2016      21.80          32.20          0.00           83.00          7.50           0.00           4.28           
17        3         2016      23.60          33.00          0.00           83.00          5.50           0.00           3.81           
18        3         2016      23.00          34.20          0.00           83.00          6.50           0.00           4.12           
19        3         2016      23.00          33.80          0.00           81.00          8.50           1.00           4.89           
20        3         2016      24.00          34.20          0.00           82.00          3.50           1.00           3.55           
21        3         2016      25.00          34.00          0.00           86.00          4.00           1.00           3.63           
22        3         2016      23.80          32.60          39.20          87.00          4.50           0.00           3.50           
23        3         2016      23.80          32.00          4.50           86.00          3.50           0.00           3.17           
24        3         2016      24.00          32.60          0.00           87.00          0.50           0.00           2.30           
25        3         2016      23.80          35.00          4.00           84.00          6.00           1.00           4.23           
26        3         2016      23.80          33.60          0.00           88.00          5.80           1.00           4.01           
27        3         2016      22.00          33.20          3.80           85.00          6.00           1.00           4.02           
28        3         2016      23.00          33.40          0.00           83.00          6.50           1.00           4.21           
29        3         2016      23.80          30.40          1.00           88.00          6.00           1.00           3.83           
30        3         2016      23.52          31.20          0.00           93.00          6.00           0.00           3.86           
31        3         2016      23.60          31.40          29.50          88.00          4.00           0.00           3.24           
1         4         2016      24.00          31.60          1.20           84.00          3.00           0.00           2.94           
2         4         2016      22.80          33.20          0.00           83.00          4.00           1.00           3.49           
3         4         2016      24.00          33.40          24.80          85.00          7.00           0.00           4.14           
4         4         2016      23.60          33.00          32.80          84.00          6.00           1.00           3.99           
5         4         2016      23.80          34.00          0.00           83.00          8.00           0.00           4.40           
6         4         2016      23.60          33.00          20.60          87.00          7.70           0.00           4.29           
7         4         2016      23.10          32.40          30.80          88.00          5.00           1.00           3.58           
8         4         2016      23.40          33.00          13.50          86.00          4.50           1.00           3.51           
9         4         2016      24.00          32.80          5.00           87.00          5.00           1.00           3.62           
10        4         2016      24.20          33.40          27.40          85.00          3.00           0.00           2.92           
11        4         2016      23.32          34.00          0.80           84.00          5.00           0.00           3.46           
12        4         2016      23.00          33.00          29.00          86.00          7.10           1.00           4.13           
13        4         2016      23.80          33.20          0.00           89.00          5.50           1.00           3.70           
14        4         2016      23.40          31.80          37.70          89.00          1.00           0.00           2.29           
15        4         2016      23.40          32.40          68.00          89.00          1.00           0.00           2.29           
16        4         2016      23.80          33.40          2.00           83.00          5.00           0.00           3.39           
17        4         2016      23.30          33.20          23.00          87.00          7.00           0.00           3.94           
18        4         2016      23.00          31.20          0.00           83.00          5.50           0.00           3.38           
19        4         2016      23.00          33.40          3.70           80.00          3.50           0.00           2.90           
20        4         2016      23.80          33.20          0.00           80.00          8.20           1.00           4.42           
21        4         2016      23.00          33.40          0.00           81.00          8.50           1.00           4.45           
22        4         2016      23.60          31.80          0.00           85.00          3.00           0.00           2.74           
23        4         2016      22.40          33.00          0.00           83.00          2.50           0.00           2.59           
24        4         2016      22.80          33.40          15.20          80.00          5.50           0.00           3.36           
25        4         2016      23.20          34.00          0.00           82.00          6.00           0.00           3.54           
26        4         2016      23.40          31.00          0.00           84.00          5.26           0.00           3.24           
27        4         2016      22.20          31.80          14.50          85.00          4.50           1.00           3.24           
28        4         2016      22.80          33.20          0.00           79.00          6.00           1.00           3.77           
29        4         2016      23.00          33.60          0.00           75.00          8.00           0.00           3.88           
30        4         2016      23.00          34.00          0.00           83.00          6.50           0.00           3.60           
1         5         2016      23.00          32.80          0.00           84.00          6.00           0.00           3.42           
2         5         2016      24.00          33.20          0.00           82.00          6.50           0.00           3.57           
3         5         2016      23.00          32.40          0.00           82.00          8.00           1.00           4.08           
4         5         2016      23.20          33.80          0.00           79.00          6.00           1.00           3.75           
5         5         2016      23.00          32.40          31.20          84.00          8.20           0.00           3.90           
6         5         2016      23.00          32.20          0.00           87.00          5.50           0.00           3.24           
7         5         2016      22.30          33.20          0.00           80.00          4.00           0.00           2.81           
8         5         2016      23.20          31.00          0.00           86.00          6.50           1.00           3.54           
9         5         2016      23.00          31.20          29.50          90.00          6.50           0.00           3.44           
10        5         2016      23.00          32.00          7.00           88.00          2.00           1.00           2.51           
11        5         2016      23.80          33.20          23.80          89.00          2.00           0.00           2.37           
12        5         2016      23.40          32.40          47.80          86.00          2.00           0.00           2.32           
13        5         2016      22.40          33.20          18.00          79.00          3.00           0.00           2.51           
14        5         2016      24.00          32.40          0.00           85.00          5.00           1.00           3.26           
15        5         2016      23.21          31.60          1.20           86.00          5.00           1.00           3.17           
16        5         2016      24.00          32.80          0.00           84.00          4.00           1.00           3.05           
17        5         2016      23.40          32.80          0.00           80.00          6.50           1.00           3.65           
18        5         2016      22.80          33.80          0.00           79.00          9.00           0.00           3.91           
19        5         2016      23.60          34.00          0.00           79.00          7.20           1.00           3.88           
20        5         2016      23.00          32.00          0.00           85.00          8.50           1.00           3.92           
21        5         2016      23.60          33.40          0.00           82.00          7.00           1.00           3.74           
22        5         2016      24.00          33.00          0.00           78.00          7.00           1.00           3.76           
23        5         2016      23.20          33.30          0.00           80.00          4.50           1.00           3.19           
24        5         2016      23.00          33.80          0.00           75.00          8.00           0.00           3.56           
25        5         2016      22.60          34.00          0.00           74.00          8.30           0.00           3.59           
26        5         2016      22.80          33.40          0.00           78.00          7.50           1.00           3.82           
27        5         2016      23.80          33.00          0.00           81.00          5.50           0.00           3.04           
28        5         2016      22.80          31.80          30.90          83.00          5.50           0.00           2.97           
29        5         2016      23.20          31.40          0.00           81.00          3.50           1.00           2.82           
30        5         2016      23.20          32.00          1.00           92.00          4.50           0.00           2.82           
31        5         2016      23.10          32.20          19.40          91.00          3.00           0.00           2.45           
1         6         2016      23.20          32.40          6.80           84.00          3.50           0.00           2.53           
2         6         2016      23.00          33.20          0.00           81.00          7.50           1.00           3.73           
3         6         2016      22.00          32.80          0.00           77.00          4.50           1.00           3.11           
4         6         2016      20.00          32.00          0.00           78.00          8.50           0.00           3.40           
5         6         2016      20.20          32.00          0.00           82.00          8.00           0.00           3.35           
6         6         2016      20.40          33.00          0.00           81.00          4.50           0.00           2.64           
7         6         2016      22.20          32.20          0.00           84.00          5.50           1.00           3.16           
8         6         2016      24.00          32.20          0.00           82.00          5.00           1.00           3.13           
9         6         2016      22.00          31.00          0.00           88.00          1.50           1.00           2.21           
10        6         2016      22.00          32.00          11.50          82.00          1.00           0.00           1.89           
11        6         2016      21.60          32.40          0.00           81.00          9.00           0.00           3.60           
12        6         2016      21.30          32.40          0.00           78.00          7.50           0.00           3.22           
13        6         2016      22.20          33.00          0.00           84.00          6.50           0.00           3.14           
14        6         2016      22.40          32.00          52.80          86.00          7.00           0.00           3.24           
15        6         2016      22.00          31.00          15.80          85.00          5.00           1.00           2.95           
16        6         2016      23.00          32.00          0.00           84.00          4.00           0.00           2.57           
17        6         2016      22.80          33.00          0.00           84.00          4.00           0.00           2.59           
18        6         2016      24.00          32.60          0.00           86.00          6.50           0.00           3.21           
19        6         2016      22.00          25.10          6.50           95.00          6.50           0.00           2.91           
20        6         2016      21.40          30.00          82.80          88.00          0.00           0.00           1.64           
21        6         2016      21.20          32.00          0.00           84.00          2.00           0.00           2.09           
22        6         2016      21.40          31.80          0.00           84.00          7.50           1.00           3.48           
23        6         2016      22.80          31.20          0.00           84.00          5.00           0.00           2.76           
24        6         2016      22.20          32.20          0.00           78.00          4.50           1.00           3.02           
25        6         2016      22.60          32.00          0.00           80.00          9.00           1.00           3.88           
26        6         2016      23.60          30.20          0.00           85.00          8.50           1.00           3.65           
27        6         2016      22.40          30.00          0.30           83.00          4.00           1.00           2.74           
28        6         2016      23.20          30.20          0.00           91.00          5.00           0.00           2.80           
29        6         2016      23.20          31.40          0.00           87.00          5.00           0.00           2.81           
30        6         2016      22.10          32.00          1.40           85.00          3.00           0.00           2.34           
1         7         2016      22.20          30.00          0.50           83.00          1.50           0.00           1.97           
2         7         2016      22.20          33.20          18.80          81.00          6.50           1.00           3.45           
3         7         2016      23.40          33.20          0.00           83.00          6.00           0.00           3.08           
4         7         2016      23.00          33.20          0.00           80.00          6.00           0.00           3.04           
5         7         2016      21.00          32.40          0.00           74.00          7.50           0.00           3.18           
6         7         2016      21.00          32.20          0.00           80.00          8.50           1.00           3.78           
7         7         2016      21.20          32.60          0.00           80.00          9.00           0.00           3.60           
8         7         2016      22.60          32.80          0.00           81.00          7.00           1.00           3.57           
9         7         2016      22.20          33.40          0.00           79.00          8.00           0.00           3.47           
10        7         2016      22.80          31.00          0.00           80.00          6.50           0.00           3.09           
11        7         2016      22.20          32.00          0.00           87.00          6.00           0.00           3.07           
12        7         2016      22.10          32.40          29.00          90.00          4.80           0.00           2.84           
13        7         2016      22.40          31.20          0.00           89.00          0.50           0.00           1.83           
14        7         2016      21.90          32.20          21.30          84.00          4.00           1.00           2.89           
15        7         2016      22.60          32.20          0.00           83.00          6.00           0.00           3.08           
16        7         2016      23.00          31.40          0.00           86.00          6.00           0.00           3.11           
17        7         2016      23.00          32.20          2.40           82.00          2.50           1.00           2.64           
18        7         2016      22.40          30.00          4.90           82.00          4.00           1.00           2.84           
19        7         2016      23.80          29.30          0.00           85.00          1.50           1.00           2.28           
20        7         2016      23.00          30.40          0.00           89.00          3.00           1.00           2.56           
21        7         2016      23.00          31.20          0.00           88.00          3.50           0.00           2.57           
22        7         2016      22.40          31.60          0.00           84.00          4.00           0.00           2.66           
23        7         2016      22.20          32.20          0.00           83.00          6.50           0.00           3.25           
24        7         2016      21.00          31.20          0.00           79.00          9.00           0.00           3.67           
25        7         2016      21.20          30.30          0.00           82.00          9.00           1.00           3.88           
26        7         2016      21.40          31.60          0.00           87.00          9.00           1.00           3.94           
27        7         2016      22.22          31.80          0.00           76.00          7.00           1.00           3.71           
28        7         2016      22.20          32.00          0.00           81.00          7.00           1.00           3.67           
29        7         2016      21.20          32.20          0.00           75.00          8.50           1.00           4.04           
30        7         2016      22.30          31.60          0.00           75.00          9.00           1.00           4.15           
31        7         2016      21.60          31.10          0.00           80.00          8.50           1.00           3.94           
1         8         2016      22.40          29.40          0.00           84.00          9.00           1.00           3.93           
2         8         2016      21.20          27.00          0.00           85.00          7.20           0.00           3.28           
3         8         2016      21.20          28.40          0.00           89.00          0.50           0.00           1.87           
4         8         2016      21.00          30.20          0.00           88.00          0.00           0.00           1.79           
5         8         2016      21.30          31.60          7.00           84.00          2.00           0.00           2.28           
6         8         2016      21.20          31.40          0.00           83.00          2.00           0.00           2.28           
7         8         2016      22.40          32.40          0.30           84.00          4.00           1.00           3.09           
8         8         2016      21.60          32.40          0.00           85.00          6.00           1.00           3.52           
9         8         2016      21.80          32.60          16.00          78.00          5.50           0.00           3.15           
10        8         2016      21.80          31.00          0.00           78.00          8.00           1.00           3.99           
11        8         2016      20.10          31.00          0.00           84.00          9.80           1.00           4.26           
12        8         2016      22.00          29.00          0.00           85.00          3.00           0.00           2.53           
13        8         2016      23.20          31.00          31.70          85.00          2.00           2.00           2.81           
14        8         2016      23.00          28.40          2.00           86.00          5.00           2.00           3.25           
15        8         2016      22.00          30.00          0.20           89.00          0.50           0.00           1.99           
16        8         2016      22.20          31.00          8.70           82.00          4.00           0.00           2.86           
17        8         2016      25.00          31.60          0.00           77.00          5.50           1.00           3.67           
18        8         2016      23.00          29.40          0.00           84.00          9.50           1.00           4.30           
19        8         2016      22.00          30.00          0.00           71.00          9.50           2.00           4.79           
20        8         2016      21.60          30.20          0.00           71.00          9.50           1.00           4.45           
21        8         2016      22.40          29.60          0.00           76.00          9.50           0.00           4.13           
22        8         2016      20.40          30.00          0.00           76.00          9.00           0.00           3.95           
23        8         2016      20.30          30.20          0.00           76.00          9.50           1.00           4.39           
24        8         2016      21.20          29.30          0.00           81.00          9.00           1.00           4.21           
25        8         2016      21.20          30.80          0.00           76.00          9.50           1.00           4.50           
26        8         2016      22.00          31.80          0.00           78.00          8.20           1.00           4.30           
27        8         2016      21.87          32.60          0.00           85.00          6.50           0.00           3.69           
28        8         2016      22.20          33.00          0.00           80.00          5.50           0.00           3.42           
29        8         2016      22.00          33.20          0.00           85.00          7.00           0.00           3.88           
30        8         2016      22.00          33.00          0.00           84.00          5.50           0.00           3.47           
31        8         2016      22.40          32.40          0.00           85.00          7.00           1.00           4.05           
1         9         2016      22.80          31.60          0.90           80.00          6.00           1.00           3.84           
2         9         2016      22.00          32.00          0.00           83.00          8.50           1.00           4.42           
3         9         2016      21.40          32.40          0.00           82.00          7.50           0.00           3.98           
4         9         2016      22.00          32.00          0.00           82.00          6.50           0.00           3.73           
5         9         2016      22.00          32.30          0.50           78.00          5.50           0.00           3.45           
6         9         2016      20.80          33.00          0.00           77.00          6.50           1.00           4.09           
7         9         2016      23.00          33.20          0.00           75.00          6.60           2.00           4.59           
8         9         2016      22.00          32.80          0.00           77.00          9.50           1.00           4.87           
9         9         2016      22.00          31.20          0.00           74.00          7.00           2.00           4.53           
10        9         2016      22.10          32.00          0.00           76.00          7.50           1.00           4.36           
11        9         2016      20.20          31.30          0.00           77.00          9.50           1.00           4.70           
12        9         2016      22.09          28.00          12.50          88.00          9.50           1.00           4.44           
13        9         2016      20.80          28.60          6.00           87.00          1.00           1.00           2.42           
14        9         2016      22.40          30.80          0.00           84.00          0.00           1.00           2.34           
15        9         2016      22.09          31.20          0.00           83.00          4.50           1.00           3.51           
16        9         2016      23.00          32.60          15.00          81.00          3.60           1.00           3.42           
17        9         2016      22.60          32.10          54.00          87.00          4.00           1.00           3.39           
18        9         2016      22.20          32.00          0.00           79.00          4.50           0.00           3.31           
19        9         2016      22.20          32.80          0.00           81.00          6.50           1.00           4.18           
20        9         2016      21.40          31.00          0.00           81.00          6.50           0.00           3.82           
21        9         2016      22.90          32.60          0.00           78.00          4.00           1.00           3.60           
22        9         2016      22.20          31.70          0.00           84.00          5.00           1.00           3.70           
23        9         2016      22.20          32.10          6.90           84.00          5.50           0.00           3.67           
24        9         2016      22.20          30.80          39.10          88.00          4.00           0.00           3.24           
25        9         2016      22.80          30.60          46.40          91.00          3.50           0.00           3.14           
26        9         2016      23.20          30.60          0.00           95.00          1.00           0.00           2.44           
27        9         2016      22.50          32.40          41.00          83.00          2.70           1.00           3.19           
28        9         2016      22.10          33.20          0.00           84.00          5.20           1.00           3.88           
29        9         2016      21.80          33.20          16.60          81.00          5.50           1.00           4.01           
30        9         2016      21.80          31.00          0.00           84.00          4.50           1.00           3.57           
1         10        2016      22.80          32.60          13.90          83.00          4.50           1.00           3.71           
2         10        2016      22.20          31.00          23.00          91.00          5.00           0.00           3.60           
3         10        2016      22.60          30.00          28.90          90.00          4.50           0.00           3.43           
4         10        2016      23.30          30.20          1.20           88.00          1.00           0.00           2.44           
5         10        2016      22.50          32.00          2.30           86.00          1.00           1.00           2.69           
6         10        2016      23.00          32.40          6.30           85.00          7.00           1.00           4.37           
7         10        2016      21.80          32.90          48.00          85.00          5.50           1.00           3.97           
8         10        2016      22.20          32.30          0.00           90.00          3.00           0.00           3.08           
9         10        2016      23.60          30.40          1.40           88.00          1.00           0.00           2.47           
10        10        2016      23.00          30.50          53.00          85.00          4.00           1.00           3.47           
11        10        2016      23.40          31.60          0.00           90.00          3.00           2.00           3.23           
12        10        2016      22.60          32.80          74.50          78.00          3.50           0.00           3.19           
13        10        2016      22.81          31.00          0.00           79.00          7.50           0.00           4.28           
14        10        2016      22.40          33.10          0.00           75.00          4.00           1.00           3.78           
15        10        2016      23.00          32.60          0.00           82.00          9.00           1.00           5.01           
16        10        2016      23.00          33.10          6.10           80.00          5.00           1.00           3.98           
17        10        2016      22.80          32.80          35.00          79.00          4.00           1.00           3.71           
18        10        2016      22.40          31.80          0.00           80.00          8.50           0.00           4.61           
19        10        2016      24.80          33.20          0.00           83.00          8.50           0.00           4.86           
20        10        2016      24.60          32.00          29.90          80.00          5.00           2.00           4.20           
21        10        2016      23.20          32.20          0.00           82.00          7.10           1.00           4.48           
22        10        2016      22.20          32.60          0.00           84.00          0.50           0.00           2.36           
23        10        2016      22.80          30.00          1.60           84.00          6.00           1.00           4.00           
24        10        2016      22.00          31.10          0.00           89.00          2.00           0.00           2.78           
25        10        2016      22.00          31.80          25.70          92.00          2.50           1.00           3.01           
26        10        2016      22.20          32.00          25.20          92.00          2.00           0.00           2.82           
27        10        2016      23.00          29.00          14.00          90.00          2.40           1.00           2.91           
28        10        2016      23.00          32.00          0.00           84.00          3.00           0.00           3.10           
29        10        2016      23.00          31.40          0.00           84.00          3.50           1.00           3.43           
30        10        2016      23.20          32.80          0.00           82.00          4.50           1.00           3.82           
31        10        2016      21.80          32.20          5.40           83.00          7.00           1.00           4.40           
1         11        2016      24.40          31.80          22.70          85.00          2.50           1.00           3.19           
2         11        2016      21.80          30.40          0.00           88.00          1.50           0.00           2.61           
3         11        2016      22.10          31.60          16.00          85.00          2.00           0.00           2.78           
4         11        2016      23.10          32.40          25.00          83.00          4.50           0.00           3.55           
5         11        2016      24.00          32.00          0.00           84.00          4.00           1.00           3.62           
6         11        2016      23.80          32.40          0.00           82.00          7.00           1.00           4.50           
7         11        2016      24.00          34.00          0.00           83.00          8.50           1.00           5.03           
8         11        2016      23.30          32.40          31.50          85.00          5.00           2.00           4.03           
9         11        2016      23.00          29.60          3.00           92.00          5.70           1.00           3.79           
10        11        2016      22.40          31.20          12.60          85.00          0.90           0.00           2.46           
11        11        2016      22.40          30.80          23.70          81.00          3.00           1.00           3.31           
12        11        2016      23.00          30.20          0.00           84.00          7.50           1.00           4.42           
13        11        2016      23.00          31.00          26.00          90.00          3.00           0.00           3.11           
14        11        2016      22.80          32.00          4.90           89.00          0.50           1.00           2.54           
15        11        2016      22.10          28.80          10.30          95.00          4.00           1.00           3.21           
16        11        2016      23.00          31.40          4.00           83.00          0.50           0.00           2.36           
17        11        2016      22.80          31.80          25.80          89.00          4.50           1.00           3.63           
18        11        2016      23.00          32.00          85.30          83.00          4.00           1.00           3.61           
19        11        2016      22.80          32.40          31.20          84.00          6.00           1.00           4.15           
20        11        2016      23.00          33.00          0.00           79.00          6.00           1.00           4.27           
21        11        2016      23.40          32.00          33.00          84.00          7.70           1.00           4.61           
22        11        2016      23.20          30.10          2.10           85.00          6.00           0.00           3.91           
23        11        2016      23.20          29.20          18.00          91.00          3.00           1.00           3.06           
24        11        2016      23.20          30.40          32.50          88.00          0.50           1.00           2.50           
25        11        2016      23.80          29.80          0.00           88.00          3.00           1.00           3.16           
26        11        2016      23.40          33.20          9.70           86.00          0.20           1.00           2.57           
27        11        2016      22.80          32.40          18.00          83.00          5.50           1.00           4.03           
28        11        2016      22.20          32.00          18.40          86.00          5.50           1.00           3.94           
29        11        2016      22.40          32.20          22.50          89.00          6.00           1.00           4.04           
30        11        2016      23.00          31.40          35.20          92.00          5.50           1.00           3.83           
1         12        2016      22.30          29.60          29.00          91.00          1.20           0.00           2.52           
2         12        2016      22.00          26.80          76.50          94.00          0.00           0.00           2.13           
3         12        2016      22.80          29.40          0.50           90.00          0.40           0.00           2.30           
4         12        2016      23.00          30.00          26.30          90.00          1.60           0.00           2.66           
5         12        2016      23.00          31.00          1.00           86.00          1.20           0.00           2.55           
6         12        2016      23.60          31.80          1.50           87.00          2.00           0.00           2.82           
7         12        2016      22.80          33.20          1.00           81.00          5.20           1.00           4.02           
8         12        2016      23.20          32.00          0.60           86.00          2.40           0.00           2.93           
9         12        2016      22.00          28.20          64.00          89.00          0.40           0.00           2.26           
10        12        2016      23.20          30.00          3.90           86.00          0.40           0.00           2.31           
11        12        2016      22.80          29.40          2.00           87.00          1.20           0.00           2.51           
12        12        2016      23.40          29.40          0.00           87.00          0.80           1.00           2.56           
13        12        2016      22.80          31.00          0.00           88.00          0.40           0.00           2.32           
14        12        2016      23.20          29.80          5.30           88.00          0.80           0.00           2.42           
15        12        2016      22.20          31.40          0.00           88.00          1.60           0.00           2.66           
16        12        2016      23.40          31.00          9.50           87.00          3.20           1.00           3.27           
17        12        2016      23.80          32.00          1.30           80.00          5.20           2.00           4.22           
18        12        2016      24.80          32.60          0.00           71.00          6.80           3.00           5.37           
19        12        2016      23.80          32.80          0.00           80.00          3.60           2.00           3.88           
20        12        2016      23.80          32.60          4.80           76.00          7.00           2.00           4.86           
21        12        2016      22.80          33.00          0.00           76.00          7.00           2.00           4.87           
22        12        2016      22.80          32.60          4.20           75.00          4.40           1.00           3.87           
23        12        2016      22.80          31.20          0.00           80.00          2.80           2.00           3.56           
24        12        2016      22.80          31.60          0.00           78.00          6.40           2.00           4.53           
25        12        2016      23.40          31.60          0.30           79.00          6.40           1.00           4.29           
26        12        2016      23.80          32.20          0.00           77.00          6.80           2.00           4.75           
27        12        2016      23.40          31.80          0.00           82.00          3.80           1.00           3.57           
28        12        2016      22.80          30.20          1.00           83.00          1.20           0.00           2.52           
29        12        2016      23.80          31.60          1.50           84.00          4.40           2.00           3.85           
30        12        2016      22.20          32.00          0.00           93.00          0.00           1.00           2.31           
31        12        2016      23.60          30.40          18.40          85.00          0.60           1.00           2.60           
1         1         2017      24.40          30.60          2.00           83.00          4.00           1.00           3.57           
2         1         2017      23.00          30.00          0.00           86.00          2.80           0.00           2.99           
3         1         2017      23.30          29.20          0.50           86.00          3.20           1.00           3.21           
4         1         2017      23.20          32.00          3.70           83.00          7.20           1.00           4.48           
5         1         2017      22.80          33.00          0.00           85.00          4.00           0.00           3.43           
6         1         2017      23.40          31.20          29.00          86.00          3.60           1.00           3.42           
7         1         2017      23.10          31.80          0.00           83.00          3.60           0.00           3.27           
8         1         2017      22.80          33.20          0.00           80.00          4.40           1.00           3.84           
9         1         2017      23.80          32.60          0.00           80.00          4.40           0.00           3.53           
10        1         2017      22.80          33.20          4.00           84.00          4.40           1.00           3.77           
11        1         2017      23.60          32.20          19.70          82.00          5.60           1.00           4.10           
12        1         2017      22.80          33.00          2.60           83.00          4.00           1.00           3.67           
13        1         2017      22.00          32.60          46.70          84.00          2.80           1.00           3.29           
14        1         2017      22.20          31.20          11.10          89.00          1.20           0.00           2.56           
15        1         2017      22.40          29.80          65.70          89.00          0.20           0.00           2.25           
16        1         2017      23.00          30.00          4.80           94.00          0.40           1.00           2.34           
17        1         2017      22.20          30.60          7.50           86.00          2.80           0.00           3.00           
18        1         2017      23.00          31.00          10.50          84.00          2.80           1.00           3.23           
19        1         2017      23.60          30.60          0.00           88.00          4.20           1.00           3.54           
20        1         2017      23.00          31.00          8.70           87.00          2.40           1.00           3.07           
21        1         2017      23.40          30.30          0.00           87.00          3.20           1.00           3.27           
22        1         2017      23.20          31.00          2.10           89.00          3.60           1.00           3.37           
23        1         2017      22.40          28.00          7.70           92.00          0.40           0.00           2.29           
24        1         2017      23.20          31.80          7.80           84.00          4.40           1.00           3.72           
25        1         2017      22.60          30.80          99.00          92.00          0.60           1.00           2.47           
26        1         2017      22.00          30.00          56.60          87.00          1.00           2.00           2.78           
27        1         2017      22.60          31.00          2.00           86.00          4.00           1.00           3.52           
28        1         2017      23.00          32.00          18.20          89.00          1.20           2.00           2.87           
29        1         2017      22.60          30.40          22.00          87.00          0.60           2.00           2.71           
30        1         2017      23.00          32.20          3.60           82.00          2.00           1.00           3.13           
31        1         2017      23.00          28.80          28.20          89.00          0.00           0.00           2.20           
1         2         2017      23.00          31.20          0.70           86.00          0.00           2.00           2.65           
2         2         2017      22.10          26.20          21.30          95.00          3.90           1.00           3.09           
3         2         2017      21.80          29.20          11.00          92.00          0.00           1.00           2.24           
4         2         2017      21.60          29.60          9.30           85.00          0.00           1.00           2.41           
5         2         2017      22.60          31.00          0.90           78.00          1.50           2.00           3.34           
6         2         2017      22.60          32.20          0.00           82.00          3.50           1.00           3.53           
7         2         2017      23.20          32.20          0.00           80.00          4.20           2.00           4.02           
8         2         2017      22.00          32.00          61.50          84.00          7.00           3.00           4.65           
9         2         2017      21.80          30.20          14.80          81.00          2.50           2.00           3.40           
10        2         2017      22.80          31.00          23.30          83.00          1.50           2.00           3.14           
11        2         2017      23.00          31.00          0.00           85.00          4.50           1.00           3.69           
12        2         2017      23.60          29.60          4.80           88.00          3.20           0.00           3.16           
13        2         2017      22.40          30.20          11.40          86.00          0.40           1.00           2.52           
14        2         2017      22.80          32.00          0.00           83.00          3.00           1.00           3.37           
15        2         2017      22.80          31.00          17.90          84.00          4.00           1.00           3.57           
16        2         2017      23.20          30.00          0.00           85.00          5.50           1.00           3.91           
17        2         2017      22.80          31.20          0.00           84.00          5.00           0.00           3.69           
18        2         2017      22.60          32.40          0.00           79.00          7.00           0.00           4.26           
19        2         2017      23.30          32.80          0.00           91.00          7.00           0.00           4.45           
20        2         2017      23.60          31.80          53.60          90.00          3.00           1.00           3.24           
21        2         2017      23.40          30.80          25.60          91.00          1.50           1.00           2.74           
22        2         2017      23.00          32.00          23.20          86.00          1.50           1.00           2.89           
23        2         2017      23.00          31.20          0.00           85.00          3.00           1.00           3.28           
24        2         2017      23.00          32.80          0.00           82.00          7.50           1.00           4.66           
25        2         2017      22.40          33.20          0.00           80.00          8.50           1.00           4.97           
26        2         2017      22.60          34.30          0.00           84.00          7.50           0.00           4.55           
27        2         2017      22.40          31.80          2.40           88.00          6.50           1.00           4.20           
28        2         2017      23.00          31.80          1.50           87.00          3.50           1.00           3.40           
1         3         2017      22.80          32.00          24.30          85.00          4.50           1.00           3.72           
2         3         2017      22.60          31.60          2.50           80.00          4.00           1.00           3.64           
3         3         2017      22.40          32.20          0.00           79.00          6.50           1.00           4.34           
4         3         2017      22.40          32.20          0.00           88.00          8.00           0.00           4.60           
5         3         2017      22.20          32.60          10.20          85.00          5.50           1.00           4.00           
6         3         2017      22.80          32.40          0.00           83.00          6.40           1.00           4.28           
7         3         2017      23.00          32.80          0.00           84.00          5.50           0.00           3.85           
8         3         2017      22.80          32.00          0.00           82.00          7.10           1.00           4.44           
9         3         2017      22.00          31.40          0.00           81.00          7.00           1.00           4.35           
10        3         2017      22.20          31.60          0.00           79.00          5.00           1.00           3.87           
11        3         2017      22.00          33.40          0.00           82.00          4.50           0.00           3.50           
12        3         2017      23.40          32.00          9.30           87.00          6.50           0.00           4.14           
13        3         2017      22.60          31.80          0.00           86.00          2.00           2.00           3.13           
14        3         2017      23.00          30.20          8.80           88.00          5.00           0.00           3.60           
15        3         2017      22.30          31.80          0.00           84.00          3.00           1.00           3.25           
16        3         2017      22.40          31.80          33.30          89.00          5.00           1.00           3.70           
17        3         2017      22.20          29.00          0.00           90.00          4.00           0.00           3.23           
18        3         2017      23.00          30.60          0.00           93.00          0.50           1.00           2.34           
19        3         2017      23.00          30.40          3.60           89.00          4.00           0.00           3.29           
20        3         2017      23.20          30.20          3.00           91.00          1.50           1.00           2.63           
21        3         2017      22.10          32.20          9.30           83.00          4.50           1.00           3.65           
22        3         2017      22.00          32.20          0.00           78.00          3.00           0.00           2.94           
23        3         2017      22.80          32.60          0.00           82.00          4.00           1.00           3.56           
24        3         2017      23.40          32.80          0.00           84.00          3.00           1.00           3.27           
25        3         2017      22.40          33.20          1.70           84.00          3.50           1.00           3.40           
26        3         2017      22.20          30.20          22.00          87.00          5.50           0.00           3.61           
27        3         2017      22.40          30.60          15.00          86.00          1.00           1.00           2.57           
28        3         2017      21.60          32.10          0.00           82.00          0.00           1.00           2.45           
29        3         2017      22.40          32.00          0.00           82.00          8.50           1.00           4.62           
30        3         2017      21.80          32.00          0.00           79.00          7.00           1.00           4.25           
31        3         2017      23.40          32.20          0.00           85.00          7.50           1.00           4.36           
1         4         2017      22.50          32.60          0.40           81.00          4.00           0.00           3.19           
2         4         2017      22.00          30.40          0.00           91.00          4.50           0.00           3.30           
3         4         2017      22.80          31.20          23.70          87.00          3.00           1.00           3.05           
4         4         2017      22.00          29.40          34.40          87.00          2.00           1.00           2.69           
5         4         2017      22.80          31.20          19.50          85.00          3.00           1.00           3.07           
6         4         2017      23.20          31.40          0.00           85.00          6.50           1.00           3.97           
7         4         2017      23.10          31.20          0.00           87.00          4.00           0.00           3.15           
8         4         2017      23.40          32.20          0.00           87.00          2.00           0.00           2.62           
9         4         2017      23.60          32.40          0.00           83.00          1.00           0.00           2.33           
10        4         2017      22.80          31.00          0.00           85.00          4.00           1.00           3.27           
11        4         2017      23.00          32.80          1.80           82.00          3.40           1.00           3.26           
12        4         2017      23.00          32.40          0.00           80.00          7.50           1.00           4.28           
13        4         2017      24.30          30.40          0.00           83.00          9.00           1.00           4.52           
14        4         2017      24.00          31.40          0.00           77.00          5.00           1.00           3.66           
15        4         2017      21.00          32.40          0.00           79.00          3.00           1.00           3.13           
16        4         2017      19.20          33.40          0.00           74.00          10.00          1.00           4.81           
17        4         2017      23.40          33.00          0.00           77.00          9.50           1.00           4.80           
18        4         2017      24.40          32.40          0.00           89.00          9.00           0.00           4.54           
19        4         2017      23.00          31.40          44.00          92.00          9.00           0.00           4.43           
20        4         2017      22.20          32.40          6.00           89.00          3.50           1.00           3.04           
21        4         2017      23.20          33.00          37.80          84.00          6.50           0.00           3.71           
22        4         2017      22.00          33.00          0.00           78.00          6.00           1.00           3.83           
23        4         2017      23.90          31.60          2.50           90.00          7.80           1.00           4.07           
24        4         2017      22.00          32.60          28.50          86.00          4.50           1.00           3.31           
25        4         2017      22.40          32.80          54.40          82.00          5.40           0.00           3.31           
26        4         2017      22.30          33.40          1.30           83.00          6.50           0.00           3.61           
27        4         2017      22.00          32.00          0.40           83.00          6.00           1.00           3.64           
28        4         2017      23.40          32.40          0.00           80.00          9.50           1.00           4.55           
29        4         2017      23.00          33.00          0.80           80.00          8.50           1.00           4.33           
30        4         2017      23.00          33.20          0.30           80.00          5.00           1.00           3.51           
1         5         2017      22.90          32.20          0.00           79.00          6.50           0.00           3.48           
2         5         2017      24.00          32.40          5.00           85.00          8.00           1.00           4.11           
3         5         2017      23.80          31.20          0.20           90.00          3.00           0.00           2.66           
4         5         2017      23.40          32.20          10.00          85.00          2.00           1.00           2.64           
5         5         2017      22.20          33.00          1.00           82.00          6.50           1.00           3.74           
6         5         2017      22.00          32.00          0.00           78.00          7.50           1.00           3.93           
7         5         2017      23.80          31.20          0.00           81.00          8.00           1.00           4.00           
8         5         2017      22.00          31.40          0.00           82.00          6.80           1.00           3.66           
9         5         2017      22.80          33.20          0.00           77.00          6.98           2.00           4.24           
10        5         2017      20.30          33.00          0.00           80.00          5.50           1.00           3.45           
11        5         2017      22.00          32.20          0.00           77.00          9.00           1.00           4.21           
12        5         2017      22.00          31.00          0.00           82.00          8.00           1.00           3.85           
13        5         2017      20.50          31.20          0.00           81.00          9.00           1.00           4.01           
14        5         2017      19.40          31.80          0.00           76.00          8.50           1.00           3.96           
15        5         2017      21.80          31.40          0.00           84.00          10.00          1.00           4.23           
16        5         2017      22.10          31.20          0.00           83.00          8.50           1.00           3.91           
17        5         2017      20.80          32.80          0.00           75.00          9.50           2.00           4.62           
18        5         2017      21.20          32.00          0.00           77.00          10.00          1.00           4.28           
19        5         2017      21.10          32.00          0.00           77.00          9.00           1.00           4.06           
20        5         2017      19.00          30.30          0.00           74.00          6.98           2.00           3.89           
21        5         2017      20.20          32.00          0.00           83.00          7.50           1.00           3.64           
22        5         2017      19.80          31.80          0.00           77.00          7.00           1.00           3.58           
23        5         2017      21.20          31.60          0.00           74.00          9.80           2.00           4.53           
24        5         2017      19.80          32.60          0.00           78.00          9.50           2.00           4.41           
25        5         2017      19.50          31.40          0.00           79.00          9.40           1.00           3.96           
26        5         2017      19.20          32.00          0.00           86.00          8.00           0.00           3.43           
27        5         2017      22.20          30.10          0.10           85.00          1.90           1.00           2.36           
28        5         2017      21.90          31.60          0.00           88.00          3.50           2.00           2.85           
29        5         2017      22.80          28.20          5.80           90.00          3.50           0.00           2.46           
30        5         2017      22.80          31.00          8.10           87.00          0.00           1.00           1.95           
31        5         2017      22.80          31.20          0.00           75.00          6.98           1.00           3.58           
1         6         2017      22.30          31.60          0.00           83.00          4.50           0.00           2.70           
2         6         2017      22.60          30.00          0.00           81.00          2.00           1.00           2.43           
3         6         2017      21.00          31.00          0.00           78.00          4.50           1.00           2.98           
4         6         2017      19.80          30.30          0.00           80.00          9.10           2.00           3.97           
5         6         2017      20.00          32.40          0.00           78.00          4.50           1.00           3.04           
6         6         2017      21.10          31.60          0.00           80.00          7.00           1.00           3.46           
7         6         2017      20.40          32.60          0.00           83.00          7.00           0.00           3.17           
8         6         2017      22.80          30.00          3.10           84.00          6.00           1.00           3.15           
9         6         2017      22.30          31.00          0.80           85.00          3.50           1.00           2.67           
10        6         2017      21.10          32.40          0.00           83.00          5.50           2.00           3.41           
11        6         2017      21.00          31.60          0.00           82.00          7.50           0.00           3.23           
12        6         2017      22.10          31.00          0.00           85.00          7.00           0.00           3.18           
13        6         2017      19.00          32.00          0.30           91.00          1.10           0.00           1.88           
14        6         2017      22.80          33.00          1.50           83.00          0.00           1.00           2.08           
15        6         2017      22.80          33.40          0.00           82.00          9.00           1.00           3.98           
16        6         2017      22.80          32.60          0.00           82.00          6.00           2.00           3.56           
17        6         2017      21.80          30.80          0.00           76.00          7.00           1.00           3.44           
18        6         2017      20.00          30.00          0.00           78.00          10.00          0.00           3.54           
19        6         2017      21.00          30.60          0.00           81.00          7.00           2.00           3.57           
20        6         2017      21.00          32.00          0.00           78.00          6.00           1.00           3.27           
21        6         2017      22.80          31.60          0.00           82.00          7.50           1.00           3.54           
22        6         2017      21.80          31.60          0.00           85.00          3.50           1.00           2.67           
23        6         2017      22.40          31.20          17.70          80.00          3.00           1.00           2.65           
24        6         2017      21.00          31.40          0.00           83.00          7.50           1.00           3.46           
25        6         2017      22.00          30.20          0.00           83.00          6.00           1.00           3.12           
26        6         2017      22.00          31.20          0.00           84.00          5.50           1.00           3.07           
27        6         2017      21.70          30.00          0.00           84.00          2.50           2.00           2.64           
28        6         2017      21.40          31.60          0.00           78.00          7.00           3.00           4.04           
29        6         2017      20.60          30.80          0.00           76.00          9.50           0.00           3.49           
30        6         2017      19.10          31.20          0.00           77.00          8.00           1.00           3.56           
1         7         2017      19.00          31.30          0.00           78.00          8.50           2.00           3.96           
2         7         2017      21.00          31.30          0.00           81.00          5.50           1.00           3.11           
3         7         2017      21.00          33.20          0.00           84.00          6.00           1.00           3.28           
4         7         2017      21.60          30.40          0.00           81.00          6.00           1.00           3.17           
5         7         2017      21.40          29.20          0.00           84.00          8.90           1.00           3.61           
6         7         2017      21.20          30.60          0.00           77.00          3.20           1.00           2.72           
7         7         2017      20.40          29.20          0.00           84.00          7.50           1.00           3.32           
8         7         2017      21.00          27.40          0.00           84.00          1.20           1.00           2.09           
9         7         2017      22.20          27.80          4.00           84.00          3.00           2.00           2.64           
10        7         2017      21.80          29.00          0.00           80.00          0.50           1.00           2.11           
11        7         2017      21.20          27.40          0.00           84.00          0.50           1.00           1.97           
12        7         2017      19.60          28.00          0.00           84.00          2.20           1.00           2.29           
13        7         2017      21.20          30.80          0.00           84.00          3.00           1.00           2.59           
14        7         2017      21.00          27.40          2.70           89.00          4.50           1.00           2.64           
15        7         2017      21.80          31.20          0.00           80.00          1.50           4.00           3.29           
16        7         2017      19.60          29.20          0.00           81.00          9.00           5.00           4.28           
17        7         2017      19.00          28.60          0.00           83.00          7.50           1.00           3.31           
18        7         2017      19.20          28.80          0.00           81.00          4.00           1.00           2.73           
19        7         2017      20.40          31.20          0.00           82.00          5.00           1.00           3.06           
20        7         2017      21.00          32.00          8.20           84.00          5.20           1.00           3.14           
21        7         2017      20.80          30.00          0.00           81.00          7.00           1.00           3.42           
22        7         2017      21.40          32.40          0.00           79.00          6.00           3.00           4.02           
23        7         2017      19.80          31.00          0.00           78.00          5.50           1.00           3.22           
24        7         2017      18.40          30.00          0.00           74.00          9.00           2.00           4.18           
25        7         2017      18.30          30.40          0.00           79.00          10.00          1.00           4.00           
26        7         2017      20.00          31.40          0.00           85.00          9.00           2.00           4.03           
27        7         2017      22.20          29.20          0.00           84.00          5.00           2.00           3.19           
28        7         2017      22.80          32.30          43.30          85.00          0.50           1.00           2.21           
29        7         2017      23.20          26.20          0.00           84.00          4.00           2.00           2.87           
30        7         2017      20.80          29.00          0.00           83.00          2.00           1.00           2.42           
31        7         2017      19.10          30.00          0.00           83.00          4.50           2.00           3.17           
1         8         2017      20.00          28.00          0.00           80.00          9.00           2.00           3.94           
2         8         2017      19.80          27.00          0.00           83.00          6.50           2.00           3.33           
3         8         2017      21.80          26.00          2.00           86.00          1.00           2.00           2.24           
4         8         2017      20.40          27.80          0.00           84.00          0.00           1.00           1.99           
5         8         2017      21.40          30.00          0.00           78.00          4.00           1.00           3.02           
6         8         2017      21.00          28.60          0.00           83.00          9.80           1.00           4.04           
7         8         2017      21.20          32.00          0.00           77.00          4.00           1.00           3.15           
8         8         2017      20.90          30.20          0.00           85.00          6.50           1.00           3.46           
9         8         2017      21.40          29.00          0.00           85.00          5.00           2.00           3.23           
10        8         2017      21.80          30.40          0.00           83.00          5.00           1.00           3.22           
11        8         2017      19.40          30.40          0.00           77.00          9.00           1.00           4.08           
12        8         2017      19.10          32.00          0.00           82.00          10.00          0.00           4.13           
13        8         2017      19.90          30.00          0.40           82.00          6.50           1.00           3.51           
14        8         2017      20.40          30.20          0.00           78.00          6.50           1.00           3.61           
15        8         2017      18.00          29.40          0.00           80.00          10.00          2.00           4.36           
16        8         2017      19.60          29.40          0.00           77.00          9.50           1.00           4.18           
17        8         2017      18.60          30.20          0.00           80.00          9.50           1.00           4.18           
18        8         2017      18.40          31.40          0.00           82.00          6.90           1.00           3.71           
19        8         2017      21.80          28.20          0.00           82.00          2.50           1.00           2.68           
20        8         2017      21.80          31.00          0.00           83.00          1.50           2.00           2.82           
21        8         2017      19.20          31.00          0.00           82.00          8.50           2.00           4.27           
22        8         2017      20.40          30.00          0.00           80.00          8.00           2.00           4.18           
23        8         2017      20.20          30.00          0.00           76.00          7.00           1.00           3.82           
24        8         2017      21.20          32.40          0.00           76.00          8.50           1.00           4.37           
25        8         2017      20.40          31.30          0.00           82.00          10.00          0.00           4.36           
26        8         2017      20.40          32.00          0.00           74.00          8.50           2.00           4.71           
27        8         2017      20.80          32.80          0.00           78.00          9.80           1.00           4.70           
28        8         2017      19.60          30.80          0.00           81.00          9.00           1.00           4.30           
29        8         2017      21.00          30.40          0.00           76.00          8.50           1.00           4.28           
30        8         2017      17.40          32.20          0.00           81.00          9.50           0.00           4.19           
31        8         2017      19.40          32.00          0.00           79.00          6.00           1.00           3.77           
1         9         2017      18.20          30.40          0.00           84.00          6.00           1.00           3.57           
2         9         2017      20.50          31.00          0.00           77.00          6.50           2.00           4.19           
3         9         2017      20.40          32.00          0.00           76.00          9.20           1.00           4.60           
4         9         2017      20.70          31.40          0.00           74.00          9.00           1.00           4.55           
5         9         2017      21.00          32.00          0.00           75.00          6.50           1.00           4.03           
6         9         2017      20.40          31.60          0.00           79.00          4.00           1.00           3.36           
7         9         2017      20.40          33.00          0.00           78.00          7.50           0.00           3.95           
8         9         2017      19.60          32.80          0.00           80.00          7.00           1.00           4.13           
9         9         2017      19.10          32.60          0.00           80.00          8.00           3.00           4.84           
10        9         2017      23.00          32.00          0.00           78.00          5.50           0.00           3.52           
11        9         2017      20.80          31.00          0.00           77.00          2.50           1.00           3.05           
12        9         2017      20.20          30.80          0.00           75.00          7.50           1.00           4.23           
13        9         2017      20.00          32.00          0.00           79.00          6.50           2.00           4.31           
14        9         2017      20.10          34.20          0.00           73.00          7.60           3.00           5.37           
15        9         2017      20.40          33.20          0.00           79.00          9.50           1.00           4.88           
16        9         2017      21.40          33.40          0.00           76.00          9.50           1.00           4.98           
17        9         2017      23.00          32.70          0.00           73.00          9.00           4.00           5.83           
18        9         2017      20.00          33.00          0.00           74.00          7.50           1.00           4.45           
19        9         2017      17.00          33.00          0.00           73.00          9.20           1.00           4.78           
20        9         2017      18.40          32.20          0.00           74.00          9.00           1.00           4.71           
21        9         2017      22.20          32.40          0.00           70.00          9.50           1.00           5.04           
22        9         2017      19.00          31.40          0.00           78.00          7.30           0.00           3.92           
23        9         2017      23.20          32.80          0.00           77.00          9.00           1.00           4.94           
24        9         2017      18.40          32.00          0.00           74.00          5.50           3.00           4.67           
25        9         2017      22.00          30.20          4.50           91.00          5.00           1.00           3.51           
26        9         2017      22.00          30.80          24.20          82.00          4.00           1.00           3.44           
27        9         2017      23.00          30.00          0.00           84.00          4.50           0.00           3.36           
28        9         2017      22.80          31.80          0.40           82.00          4.50           1.00           3.66           
29        9         2017      22.00          32.40          0.20           82.00          4.20           1.00           3.60           
30        9         2017      22.00          31.40          0.00           80.00          6.91           0.00           4.03           
1         10        2017      23.80          31.20          0.50           79.00          4.50           1.00           3.72           
2         10        2017      23.00          31.00          0.00           81.00          5.50           0.00           3.69           
3         10        2017      22.00          32.00          0.00           77.00          3.50           2.00           3.84           
4         10        2017      23.20          31.20          12.30          78.00          5.50           1.00           3.99           
5         10        2017      23.00          32.10          0.00           80.00          3.50           1.00           3.48           
6         10        2017      22.80          31.20          0.00           80.00          5.50           1.00           3.95           
7         10        2017      21.60          30.80          0.00           81.00          7.30           0.00           4.15           
8         10        2017      22.80          32.00          1.00           86.00          6.00           1.00           4.06           
9         10        2017      20.10          32.20          25.00          82.00          4.00           2.00           3.79           
10        10        2017      23.80          32.20          0.80           82.00          7.50           1.00           4.58           
11        10        2017      23.80          32.40          3.30           81.00          6.00           1.00           4.20           
12        10        2017      22.20          33.00          0.00           81.00          7.00           1.00           4.46           
13        10        2017      23.90          32.20          0.00           75.00          9.00           1.00           5.08           
14        10        2017      21.40          31.40          0.00           71.00          8.20           1.00           4.75           
15        10        2017      22.00          31.40          0.00           79.00          9.50           2.00           5.20           
16        10        2017      22.00          31.60          0.00           80.00          6.00           2.00           4.34           
17        10        2017      23.60          28.20          1.50           87.00          5.00           2.00           3.64           
18        10        2017      22.00          26.20          8.00           91.00          1.50           2.00           2.52           
19        10        2017      19.40          29.40          8.00           85.00          0.50           1.00           2.48           
20        10        2017      23.00          30.30          3.80           81.00          4.50           1.00           3.68           
21        10        2017      22.90          31.00          0.00           81.00          8.00           1.00           4.64           
22        10        2017      22.80          31.60          0.00           80.00          9.20           1.00           5.01           
23        10        2017      23.20          30.40          0.00           82.00          7.60           2.00           4.61           
24        10        2017      18.40          27.00          0.00           90.00          4.00           0.00           3.10           
25        10        2017      21.80          32.40          4.70           84.00          0.00           0.00           2.20           
26        10        2017      21.90          32.00          3.50           85.00          5.00           0.00           3.65           
27        10        2017      19.00          31.00          4.50           83.00          5.69           0.00           3.68           
28        10        2017      22.80          32.20          0.00           80.00          5.50           1.00           4.07           
29        10        2017      23.80          32.00          0.00           78.00          6.00           2.00           4.52           
30        10        2017      22.60          32.10          0.00           76.00          6.50           1.00           4.38           
31        10        2017      22.80          31.60          0.00           78.00          9.00           1.00           4.98           
1         11        2017      21.00          32.40          0.00           80.00          7.50           0.00           4.30           
2         11        2017      22.80          31.60          0.00           80.00          8.50           1.00           4.83           
3         11        2017      19.00          29.80          0.00           79.00          2.50           1.00           3.11           
4         11        2017      23.60          32.20          0.00           83.00          4.50           2.00           3.97           
5         11        2017      22.60          32.40          3.10           89.00          4.00           0.00           3.43           
6         11        2017      23.00          30.80          22.60          86.00          2.50           1.00           3.10           
7         11        2017      22.80          32.00          0.00           87.00          2.00           1.00           2.99           
8         11        2017      19.00          31.60          22.20          84.00          2.50           0.00           2.83           
9         11        2017      22.90          32.10          7.20           85.00          5.00           2.00           4.00           
10        11        2017      22.80          32.30          1.40           80.00          6.50           2.00           4.57           
11        11        2017      23.80          31.80          0.00           81.00          5.50           1.00           4.06           
12        11        2017      23.80          30.40          0.00           83.00          8.00           1.00           4.62           
13        11        2017      22.40          29.80          7.10           92.00          2.50           1.00           2.92           
14        11        2017      23.40          30.40          1.00           83.00          2.00           2.00           3.21           
15        11        2017      23.00          30.90          0.70           87.00          2.00           1.00           2.94           
16        11        2017      23.60          28.20          2.10           91.00          1.00           1.00           2.50           
17        11        2017      22.20          29.60          35.40          88.00          2.50           1.00           2.98           
18        11        2017      18.10          30.20          19.50          84.00          4.70           0.00           3.35           
19        11        2017      23.20          29.30          1.40           94.00          2.50           0.00           2.93           
20        11        2017      22.80          30.30          69.50          90.00          2.00           1.00           2.85           
21        11        2017      23.00          28.20          35.10          89.00          3.00           0.00           3.01           
22        11        2017      23.20          29.80          31.50          88.00          0.30           1.00           2.43           
23        11        2017      19.30          29.20          2.00           90.00          3.20           0.00           2.99           
24        11        2017      23.60          30.30          2.00           92.00          0.00           1.00           2.28           
25        11        2017      22.80          30.10          26.90          88.00          1.00           1.00           2.62           
26        11        2017      23.00          29.80          12.80          92.00          3.00           0.00           3.07           
27        11        2017      22.80          30.00          0.00           92.00          3.00           1.00           3.07           
28        11        2017      18.40          28.00          0.00           90.00          0.50           0.00           2.21           
29        11        2017      22.90          30.20          24.30          88.00          0.00           1.00           2.36           
30        11        2017      22.80          32.40          0.40           84.00          2.00           2.00           3.29           
1         12        2017      24.20          28.00          2.80           86.00          3.50           0.00           3.16           
2         12        2017      22.68          31.40          0.70           77.00          0.00           1.00           2.64           
3         12        2017      22.00          32.00          0.00           79.00          3.20           1.00           3.44           
4         12        2017      23.40          33.20          0.00           84.00          3.50           0.00           3.29           
5         12        2017      18.00          32.20          3.00           85.00          5.50           0.00           3.63           
6         12        2017      24.00          31.30          1.10           83.00          7.50           1.00           4.53           
7         12        2017      24.00          32.20          0.00           80.00          6.50           1.00           4.36           
8         12        2017      24.60          31.80          0.00           79.00          4.22           1.00           3.76           
9         12        2017      22.80          31.01          0.00           82.00          7.50           0.00           4.31           
10        12        2017      23.00          31.01          2.00           84.00          7.00           1.00           4.32           
11        12        2017      22.68          30.40          0.00           83.00          3.50           0.00           3.17           
12        12        2017      23.00          28.80          3.40           86.00          2.00           1.00           2.87           
13        12        2017      23.20          30.10          30.50          88.00          2.00           1.00           2.88           
14        12        2017      23.00          31.01          49.20          89.00          4.50           0.00           3.52           
15        12        2017      22.80          31.80          0.10           85.00          2.00           0.00           2.79           
16        12        2017      23.00          31.40          6.20           88.00          6.50           0.00           4.11           
17        12        2017      23.00          31.01          0.00           91.00          6.00           1.00           3.95           
18        12        2017      23.60          30.20          5.20           90.00          4.00           1.00           3.40           
19        12        2017      18.40          31.20          14.50          82.00          2.00           1.00           2.99           
20        12        2017      23.80          32.00          10.00          87.00          5.00           0.00           3.72           
21        12        2017      23.40          30.00          3.70           87.00          2.50           1.00           3.04           
22        12        2017      23.80          29.40          0.10           81.00          2.00           0.00           2.74           
23        12        2017      22.80          30.20          0.00           83.00          0.50           1.00           2.59           
24        12        2017      21.20          30.80          0.30           80.00          7.80           1.00           4.50           
25        12        2017      20.20          29.80          0.00           82.00          9.50           1.00           4.78           
26        12        2017      18.30          31.80          0.00           83.00          1.50           1.00           2.88           
27        12        2017      23.40          32.00          7.80           84.00          5.50           2.00           4.15           
28        12        2017      23.40          33.20          0.40           82.00          5.00           2.00           4.19           
29        12        2017      24.00          32.00          0.00           83.00          4.22           0.00           3.48           
30        12        2017      24.00          30.20          45.70          86.00          3.50           0.00           3.23           
31        12        2017      23.40          30.00          2.20           86.00          3.00           1.00           3.19           
1         1         2018      23.00          27.40          25.00          91.00          3.50           0.00           3.13           
2         1         2018      22.40          30.20          3.60           89.00          0.50           1.00           2.47           
3         1         2018      22.20          22.90          44.50          90.00          3.50           1.00           2.92           
4         1         2018      23.40          32.00          0.40           91.00          5.00           0.00           3.76           
5         1         2018      23.20          32.20          4.50           88.00          3.50           0.00           3.28           
6         1         2018      22.80          31.60          0.00           89.00          5.50           0.00           3.85           
7         1         2018      22.00          29.40          13.50          90.00          3.00           0.00           3.03           
8         1         2018      22.20          31.00          9.00           85.00          1.80           0.00           2.71           
9         1         2018      22.60          31.00          0.00           92.00          4.50           0.00           3.55           
10        1         2018      20.20          29.40          7.20           88.00          5.00           0.00           3.51           
11        1         2018      23.00          29.50          9.00           88.00          3.80           0.00           3.28           
12        1         2018      21.60          31.80          37.00          85.00          0.00           0.00           2.21           
13        1         2018      22.00          30.80          2.70           87.00          1.00           1.00           2.67           
14        1         2018      22.00          30.00          11.50          83.00          1.00           0.00           2.46           
15        1         2018      22.10          29.00          0.00           84.00          2.00           1.00           2.91           
16        1         2018      22.00          29.00          0.00           88.00          0.00           0.00           2.17           
17        1         2018      22.40          31.20          1.80           84.00          0.00           0.00           2.21           
18        1         2018      23.20          31.00          2.00           92.00          4.20           1.00           3.48           
19        1         2018      22.20          28.40          13.50          93.00          2.00           1.00           2.72           
20        1         2018      21.80          26.80          0.00           90.00          3.00           0.00           2.96           
21        1         2018      22.20          27.60          6.80           91.00          0.00           1.00           2.21           
22        1         2018      22.60          29.40          0.80           86.00          0.00           1.00           2.38           
23        1         2018      23.40          31.20          4.50           87.00          0.50           1.00           2.57           
24        1         2018      22.20          31.00          0.00           88.00          4.50           0.00           3.53           
25        1         2018      22.60          29.60          4.30           88.00          2.00           1.00           2.88           
26        1         2018      23.00          30.20          11.50          92.00          1.50           1.00           2.70           
27        1         2018      22.20          31.60          0.00           85.00          2.00           1.00           3.02           
28        1         2018      22.40          31.60          0.00           78.00          5.00           4.00           4.68           
29        1         2018      22.20          30.00          0.00           78.00          7.50           1.00           4.49           
30        1         2018      23.20          31.10          0.00           81.00          1.00           2.00           3.10           
31        1         2018      23.00          30.20          3.20           85.00          4.00           1.00           3.51           
1         2         2018      21.80          29.40          0.00           88.00          4.50           1.00           3.52           
2         2         2018      22.00          29.20          31.00          91.00          1.00           1.00           2.53           
3         2         2018      22.40          30.10          25.70          91.00          1.00           1.00           2.57           
4         2         2018      22.60          32.00          0.00           86.00          0.50           1.00           2.62           
5         2         2018      22.00          29.80          32.00          87.00          4.00           0.00           3.34           
6         2         2018      22.00          29.40          0.00           87.00          1.00           1.00           2.62           
7         2         2018      22.00          30.20          3.00           87.00          2.50           1.00           3.05           
8         2         2018      23.80          28.00          6.50           91.00          3.95           0.00           3.35           
9         2         2018      23.00          28.40          12.00          92.00          0.50           0.00           2.34           
10        2         2018      21.60          31.00          21.60          85.00          0.00           1.00           2.46           
11        2         2018      21.60          32.20          0.00           82.00          6.50           1.00           4.31           
12        2         2018      22.80          31.00          19.30          85.00          6.00           1.00           4.10           
13        2         2018      19.10          30.00          9.80           89.00          4.00           0.00           3.26           
14        2         2018      24.80          30.50          0.70           86.00          2.30           1.00           3.09           
15        2         2018      22.40          30.30          0.00           90.00          1.20           0.00           2.56           
16        2         2018      22.00          30.40          12.80          87.00          0.50           1.00           2.53           
17        2         2018      22.00          30.60          4.00           86.00          5.00           0.00           3.65           
18        2         2018      22.80          31.60          13.60          84.00          3.00           1.00           3.32           
19        2         2018      22.40          31.40          0.00           80.00          9.00           1.00           4.97           
20        2         2018      22.00          32.00          0.00           83.00          7.00           1.00           4.43           
21        2         2018      22.60          32.10          0.00           81.00          8.50           1.00           4.89           
22        2         2018      23.40          32.00          1.40           85.00          7.00           1.00           4.45           
23        2         2018      22.60          32.00          3.00           85.00          3.00           1.00           3.32           
24        2         2018      22.20          30.40          90.50          91.00          5.50           1.00           3.80           
25        2         2018      21.40          30.20          9.30           89.00          4.70           0.00           3.53           
26        2         2018      23.00          31.00          13.00          81.00          5.00           1.00           3.87           
27        2         2018      20.80          31.40          0.00           82.00          5.50           1.00           3.95           
28        2         2018      21.00          31.60          0.00           82.00          8.00           0.00           4.44           
1         3         2018      21.60          32.20          0.00           85.00          7.00           1.00           4.38           
2         3         2018      21.00          31.40          10.00          85.00          5.37           0.00           3.71           
3         3         2018      22.20          31.00          0.20           85.00          6.00           0.00           3.92           
4         3         2018      24.00          31.20          48.30          88.00          0.00           1.00           2.39           
5         3         2018      23.40          31.60          0.00           89.00          3.50           1.00           3.35           
6         3         2018      23.80          32.40          1.50           82.00          3.50           1.00           3.52           
7         3         2018      23.00          29.20          0.00           90.00          6.00           1.00           3.87           
8         3         2018      22.80          31.00          9.30           83.00          1.50           1.00           2.87           
9         3         2018      23.00          31.40          0.50           83.00          7.00           1.00           4.36           
10        3         2018      22.60          32.00          0.00           82.00          8.50           1.00           4.80           
11        3         2018      23.60          33.00          0.00           83.00          9.00           0.00           4.90           
12        3         2018      24.00          31.80          0.00           84.00          5.00           0.00           3.68           
13        3         2018      23.00          30.80          0.00           88.00          2.50           1.00           3.01           
14        3         2018      22.00          32.00          38.00          82.00          4.00           1.00           3.56           
15        3         2018      22.20          31.80          0.00           82.00          8.20           0.00           4.48           
16        3         2018      22.00          31.40          1.70           82.00          7.20           1.00           4.35           
17        3         2018      23.00          33.00          0.00           85.00          5.50           1.00           3.98           
18        3         2018      21.80          31.20          0.50           87.00          5.00           0.00           3.56           
19        3         2018      21.80          31.00          10.20          84.00          4.50           1.00           3.56           
20        3         2018      21.40          31.60          0.80           82.00          6.50           1.00           4.13           
21        3         2018      21.40          32.60          0.00           79.00          9.00           2.00           5.10           
22        3         2018      22.20          30.10          0.00           87.00          8.00           1.00           4.36           
23        3         2018      22.20          31.60          8.00           81.00          0.50           1.00           2.60           
24        3         2018      22.20          30.60          0.40           85.00          7.00           1.00           4.14           
25        3         2018      23.20          29.00          3.00           92.00          4.50           1.00           3.32           
26        3         2018      22.60          30.60          53.20          88.00          0.00           1.00           2.27           
27        3         2018      22.00          29.40          0.00           87.00          3.50           1.00           3.12           
28        3         2018      22.60          30.80          0.80           81.00          4.00           1.00           3.43           
29        3         2018      22.80          31.20          0.00           82.00          7.80           1.00           4.40           
30        3         2018      23.20          32.00          9.70           84.00          9.50           1.00           4.89           
31        3         2018      23.80          31.80          0.00           86.00          7.00           0.00           4.11           
1         4         2018      22.00          32.60          1.20           81.00          4.80           1.00           3.69           
2         4         2018      22.00          32.60          0.00           84.00          7.00           1.00           4.20           
3         4         2018      22.20          31.00          22.50          83.00          6.00           1.00           3.85           
4         4         2018      23.00          32.00          0.00           81.00          7.00           1.00           4.21           
5         4         2018      23.00          32.00          0.00           82.00          8.00           1.00           4.44           
6         4         2018      23.80          32.60          0.00           82.00          9.00           1.00           4.76           
7         4         2018      23.00          32.40          0.00           81.00          7.00           1.00           4.20           
8         4         2018      22.40          31.60          3.20           83.00          6.50           1.00           3.97           
9         4         2018      21.80          32.20          45.30          81.00          4.50           1.00           3.51           
10        4         2018      22.40          31.60          5.20           82.00          7.00           1.00           4.08           
11        4         2018      23.00          32.30          16.20          81.00          4.00           1.00           3.40           
12        4         2018      23.80          33.00          0.20           82.00          7.50           0.00           4.11           
13        4         2018      24.00          32.80          0.00           80.00          7.00           2.00           4.44           
14        4         2018      23.20          33.60          0.00           82.00          8.50           1.00           4.58           
15        4         2018      23.80          32.60          0.00           80.00          7.20           1.00           4.21           
16        4         2018      23.80          32.20          0.00           85.00          6.00           1.00           3.80           
17        4         2018      23.60          32.40          1.00           85.00          4.00           1.00           3.29           
18        4         2018      23.80          33.00          0.00           82.00          6.00           0.00           3.62           
19        4         2018      23.20          33.00          0.00           80.00          7.50           1.00           4.24           
20        4         2018      23.60          32.20          0.00           85.00          9.00           1.00           4.50           
21        4         2018      24.00          33.00          0.00           81.00          5.50           0.00           3.45           
22        4         2018      23.00          31.60          0.00           86.00          5.60           0.00           3.42           
23        4         2018      24.00          32.20          22.40          81.00          3.50           1.00           3.18           
24        4         2018      24.00          33.00          0.00           77.00          6.50           1.00           4.00           
25        4         2018      24.00          32.30          0.00           79.00          7.00           0.00           3.74           
26        4         2018      22.80          33.60          0.00           80.00          8.00           1.00           4.29           
27        4         2018      22.20          32.80          0.00           79.00          9.50           1.00           4.56           
28        4         2018      22.80          32.40          0.00           77.00          7.00           2.00           4.30           
29        4         2018      20.40          32.80          0.00           75.00          10.00          1.00           4.60           
30        4         2018      20.00          32.40          0.00           78.00          10.00          1.00           4.51           
1         5         2018      21.20          31.20          0.00           75.00          9.60           1.00           4.39           
2         5         2018      21.00          32.30          0.00           72.00          9.50           1.00           4.46           
3         5         2018      20.00          32.60          0.00           75.00          10.00          2.00           4.86           
4         5         2018      20.00          33.00          0.00           71.00          9.50           2.00           4.91           
5         5         2018      20.00          33.20          0.00           77.00          9.50           0.00           4.02           
6         5         2018      20.80          33.20          0.00           80.00          8.00           0.00           3.73           
7         5         2018      20.30          32.20          1.70           81.00          7.00           1.00           3.73           
8         5         2018      23.00          33.00          0.00           77.00          9.60           1.00           4.48           
9         5         2018      21.00          33.00          0.00           78.00          9.50           1.00           4.36           
10        5         2018      21.40          32.60          0.00           78.00          10.00          1.00           4.43           
11        5         2018      20.00          31.20          0.00           77.00          6.50           1.00           3.56           
12        5         2018      21.20          31.60          0.00           75.00          9.50           1.00           4.24           
13        5         2018      22.00          31.80          0.00           79.00          9.00           1.00           4.14           
14        5         2018      22.40          33.40          0.00           79.00          8.50           2.00           4.44           
15        5         2018      24.30          30.40          0.00           81.00          7.60           2.00           3.98           
16        5         2018      24.20          31.20          0.00           84.00          6.50           1.00           3.54           
17        5         2018      23.80          31.60          0.20           79.00          3.50           1.00           2.96           
18        5         2018      23.00          30.60          0.00           80.00          4.00           1.00           2.98           
19        5         2018      21.40          32.60          0.00           78.00          3.50           1.00           2.97           
20        5         2018      21.40          32.80          0.00           78.00          7.50           1.00           3.80           
21        5         2018      21.60          31.40          0.40           85.00          5.50           0.00           2.99           
22        5         2018      23.00          32.40          0.00           80.00          3.50           0.00           2.57           
23        5         2018      23.20          32.00          2.50           83.00          6.00           0.00           3.15           
24        5         2018      23.40          30.60          14.00          84.00          8.00           1.00           3.72           
25        5         2018      22.40          32.80          0.20           83.00          4.00           1.00           2.98           
26        5         2018      23.00          29.40          2.80           83.00          6.00           2.00           3.39           
27        5         2018      23.40          29.80          0.00           83.00          3.00           1.00           2.63           
28        5         2018      21.80          30.40          0.00           80.00          7.50           1.00           3.56           
29        5         2018      21.60          30.60          0.00           78.00          7.00           2.00           3.77           
30        5         2018      19.00          29.40          0.00           78.00          8.50           1.00           3.59           
31        5         2018      19.40          32.00          0.00           76.00          9.00           1.00           3.90           
1         6         2018      18.80          31.00          0.00           77.00          9.00           1.00           3.79           
2         6         2018      19.40          32.20          0.00           77.00          9.20           1.00           3.92           
3         6         2018      20.60          32.20          0.00           80.00          9.00           1.00           3.89           
4         6         2018      22.00          32.40          0.00           83.00          7.00           0.00           3.25           
5         6         2018      22.20          33.80          0.00           83.00          5.40           0.00           2.95           
6         6         2018      22.60          32.00          0.00           84.00          8.50           0.00           3.59           
7         6         2018      20.40          33.60          0.00           77.00          4.50           1.00           3.12           
8         6         2018      21.40          31.60          0.00           80.00          8.00           1.00           3.65           
9         6         2018      21.80          31.40          0.00           80.00          8.50           1.00           3.74           
10        6         2018      20.20          31.20          0.00           81.00          7.50           0.00           3.17           
11        6         2018      20.00          29.80          0.00           80.00          6.37           1.00           3.17           
12        6         2018      23.40          30.00          0.00           80.00          7.00           1.00           3.40           
13        6         2018      20.80          31.10          0.00           79.00          5.50           1.00           3.12           
14        6         2018      21.00          32.60          0.00           72.00          6.50           2.00           3.97           
15        6         2018      20.00          32.30          0.00           82.00          9.50           2.00           4.12           
16        6         2018      19.80          32.80          0.00           80.00          9.50           1.00           3.94           
17        6         2018      19.00          33.00          0.00           76.00          7.00           1.00           3.51           
18        6         2018      20.20          32.00          0.00           77.00          6.37           0.00           2.91           
19        6         2018      22.40          30.60          0.00           83.00          8.00           1.00           3.55           
20        6         2018      22.60          31.10          6.10           89.00          5.20           1.00           2.94           
21        6         2018      22.60          28.20          14.10          88.00          1.00           1.00           2.00           
22        6         2018      22.60          28.00          4.70           88.00          0.50           0.00           1.74           
23        6         2018      21.00          28.80          0.00           84.00          6.37           1.00           3.07           
24        6         2018      22.20          28.00          0.00           84.00          4.50           1.00           2.72           
25        6         2018      22.40          27.60          0.80           81.00          2.50           1.00           2.39           
26        6         2018      21.80          29.00          0.00           84.00          2.50           0.00           2.14           
27        6         2018      21.80          28.20          0.00           84.00          3.20           1.00           2.48           
28        6         2018      20.80          30.20          0.00           80.00          7.00           3.00           3.79           
29        6         2018      20.40          29.20          0.00           81.00          9.50           2.00           3.87           
30        6         2018      20.20          29.40          0.00           84.00          6.37           1.00           3.09           
1         7         2018      20.00          32.20          0.00           72.00          8.00           0.00           3.18           
2         7         2018      19.40          30.20          0.00           81.00          9.50           1.00           3.73           
3         7         2018      20.60          30.00          0.00           84.00          9.00           1.00           3.64           
4         7         2018      20.60          29.20          0.00           80.00          8.00           1.00           3.45           
5         7         2018      21.60          29.60          0.00           70.00          8.50           2.00           4.13           
6         7         2018      18.80          28.60          0.00           79.00          9.50           2.00           3.86           
7         7         2018      19.00          29.20          0.00           80.00          8.50           1.00           3.50           
8         7         2018      19.80          29.80          0.00           83.00          7.50           0.00           3.14           
9         7         2018      19.80          29.80          0.00           78.00          7.00           2.00           3.62           
10        7         2018      20.40          29.40          0.00           77.00          9.80           2.00           4.11           
11        7         2018      20.20          29.00          0.00           80.00          9.50           1.00           3.74           
12        7         2018      19.40          30.00          0.00           80.00          8.50           1.00           3.60           
13        7         2018      19.60          29.60          0.00           80.00          8.00           2.00           3.73           
14        7         2018      19.20          30.00          0.00           80.00          9.50           1.00           3.79           
15        7         2018      21.80          28.40          0.00           72.00          7.50           1.00           3.51           
16        7         2018      19.40          29.20          0.00           77.00          7.80           1.00           3.48           
17        7         2018      21.20          31.40          0.00           76.00          9.50           1.00           4.03           
18        7         2018      20.60          31.60          0.00           80.00          8.50           2.00           4.05           
19        7         2018      20.20          30.40          0.00           79.00          8.00           1.00           3.63           
20        7         2018      20.60          31.00          0.00           81.00          5.50           1.00           3.17           
21        7         2018      21.20          30.30          0.00           77.00          5.00           2.00           3.45           
22        7         2018      22.00          31.40          0.00           78.00          5.00           2.00           3.52           
23        7         2018      22.40          30.00          4.30           81.00          8.50           2.00           3.98           
24        7         2018      19.80          31.20          0.00           77.00          9.00           1.00           3.93           
25        7         2018      16.80          29.60          0.00           81.00          9.80           1.00           3.83           
26        7         2018      16.80          30.20          0.00           79.00          9.50           2.00           4.12           
27        7         2018      16.80          29.80          0.00           81.00          9.50           1.00           3.81           
28        7         2018      20.30          29.00          0.00           81.00          9.00           1.00           3.79           
29        7         2018      21.00          30.20          0.00           76.00          6.50           0.00           3.10           
30        7         2018      21.00          31.80          0.00           77.00          8.00           1.00           3.88           
31        7         2018      21.00          29.40          0.00           81.00          6.50           1.00           3.38           
1         8         2018      20.20          30.80          0.00           80.00          6.50           1.00           3.47           
2         8         2018      20.40          29.40          0.00           74.00          10.00          2.00           4.45           
3         8         2018      20.40          26.60          0.00           77.00          7.47           1.00           3.47           
4         8         2018      18.20          23.10          0.00           78.00          7.47           2.00           3.35           
5         8         2018      18.60          26.80          0.00           81.00          8.50           2.00           3.72           
6         8         2018      17.00          28.40          0.00           71.00          4.00           2.00           3.41           
7         8         2018      17.40          29.40          0.00           78.00          6.50           2.00           3.69           
8         8         2018      20.60          31.00          0.00           77.00          8.50           2.00           4.31           
9         8         2018      20.80          31.40          0.00           79.00          6.50           1.00           3.63           
10        8         2018      21.40          29.40          0.00           77.00          9.00           1.00           4.07           
11        8         2018      21.60          30.40          0.00           82.00          9.00           2.00           4.26           
12        8         2018      21.80          31.00          0.00           77.00          2.50           1.00           2.84           
13        8         2018      21.00          32.20          0.00           78.00          8.50           1.00           4.18           
14        8         2018      21.00          31.40          0.00           77.00          8.50           1.00           4.14           
15        8         2018      19.80          30.80          0.00           74.00          9.00           1.00           4.20           
16        8         2018      17.80          29.80          0.00           76.00          9.50           2.00           4.43           
17        8         2018      17.00          29.20          0.00           74.00          9.80           1.00           4.17           
18        8         2018      16.40          30.20          0.00           77.00          8.50           1.00           3.96           
19        8         2018      18.20          32.20          0.00           77.00          10.00          2.00           4.80           
20        8         2018      20.20          31.00          0.00           76.00          9.50           1.00           4.39           
21        8         2018      21.80          31.40          0.00           78.00          7.47           1.00           4.02           
22        8         2018      21.00          32.00          0.00           76.00          7.00           1.00           3.97           
23        8         2018      19.00          32.40          0.00           75.00          6.00           1.00           3.75           
24        8         2018      20.10          30.16          0.00           68.00          9.50           3.00           5.24           
25        8         2018      19.98          31.40          0.00           75.00          9.80           1.00           4.56           
26        8         2018      20.40          30.40          0.00           79.00          10.00          2.00           4.71           
27        8         2018      21.20          32.00          0.00           76.00          6.00           1.00           3.81           
28        8         2018      23.00          31.40          0.00           74.00          7.00           2.00           4.44           
29        8         2018      21.80          29.00          0.00           81.00          5.00           1.00           3.37           
30        8         2018      21.00          30.16          0.00           82.00          2.00           1.00           2.72           
31        8         2018      20.30          30.00          0.00           79.00          2.50           0.00           2.52           
1         9         2018      23.00          31.00          0.00           81.00          3.50           1.00           3.18           
2         9         2018      21.60          30.40          0.00           78.00          0.50           1.00           2.49           
3         9         2018      20.40          31.77          0.00           77.00          6.50           1.00           3.95           
4         9         2018      20.20          27.80          0.00           79.00          7.00           1.00           3.78           
5         9         2018      20.60          29.80          0.00           80.00          4.50           2.00           3.59           
6         9         2018      21.20          30.40          0.00           77.00          6.50           1.00           3.92           
7         9         2018      21.10          29.80          0.00           80.00          5.50           1.00           3.61           
8         9         2018      22.00          30.40          2.30           80.00          5.10           1.00           3.59           
9         9         2018      20.60          32.80          0.00           76.00          7.50           1.00           4.34           
10        9         2018      21.20          32.40          0.00           76.00          9.50           1.00           4.82           
11        9         2018      21.80          32.60          0.00           76.00          5.50           2.00           4.25           
12        9         2018      22.00          30.60          0.00           71.00          10.00          2.00           5.24           
13        9         2018      19.80          30.20          0.00           77.00          9.60           1.00           4.64           
14        9         2018      19.30          31.77          0.00           75.00          8.50           0.00           4.14           
15        9         2018      19.20          30.40          0.00           74.00          7.50           1.00           4.21           
16        9         2018      19.00          31.20          0.00           75.00          7.00           1.00           4.14           
17        9         2018      20.60          32.00          0.00           76.00          8.50           1.00           4.60           
18        9         2018      22.80          33.00          1.80           77.00          7.00           1.00           4.38           
19        9         2018      22.00          31.30          0.00           82.00          5.00           0.00           3.44           
20        9         2018      23.00          33.00          0.00           79.00          1.50           1.00           2.95           
21        9         2018      21.10          33.40          0.00           69.00          4.00           0.00           3.12           
22        9         2018      20.00          33.00          0.00           74.00          8.70           1.00           4.78           
23        9         2018      21.00          33.20          0.00           75.00          9.50           1.00           5.03           
24        9         2018      22.20          31.77          0.00           72.00          7.50           1.00           4.51           
25        9         2018      23.80          34.20          0.00           73.00          9.00           1.00           5.14           
26        9         2018      21.10          33.40          0.00           72.00          9.50           2.00           5.49           
27        9         2018      19.60          33.40          0.00           75.00          10.00          1.00           5.15           
28        9         2018      20.40          31.77          0.00           68.00          9.00           1.00           4.88           
29        9         2018      21.10          33.20          0.00           75.00          9.50           1.00           5.08           
30        9         2018      21.40          33.00          0.00           73.00          7.00           1.00           4.48           
1         10        2018      22.20          34.40          0.00           74.00          7.25           1.00           4.67           
2         10        2018      21.40          35.20          0.00           74.00          7.50           1.00           4.77           
3         10        2018      22.00          34.00          0.00           72.00          8.50           1.00           4.99           
4         10        2018      20.20          34.20          0.00           70.00          7.50           1.00           4.72           
5         10        2018      19.00          33.40          0.00           72.00          9.50           0.00           4.61           
6         10        2018      20.30          33.40          0.00           80.00          7.20           1.00           4.47           
7         10        2018      20.00          33.60          0.00           74.00          6.00           2.00           4.68           
8         10        2018      21.00          33.80          0.00           75.00          9.50           2.00           5.52           
9         10        2018      21.95          32.80          0.00           77.00          9.00           2.00           5.26           
10        10        2018      21.95          32.98          0.00           74.00          9.50           2.00           5.50           
11        10        2018      22.80          34.00          0.00           73.00          9.50           1.00           5.31           
12        10        2018      21.95          34.00          0.00           78.00          8.00           1.00           4.83           
13        10        2018      22.60          32.98          0.00           73.00          8.50           1.00           4.97           
14        10        2018      20.80          33.40          0.00           76.00          9.50           1.00           5.16           
15        10        2018      22.20          33.00          0.00           74.00          7.00           1.00           4.56           
16        10        2018      23.00          32.80          0.00           76.00          7.25           1.00           4.62           
17        10        2018      23.20          32.00          0.00           76.00          8.10           2.00           5.07           
18        10        2018      23.60          31.00          0.00           75.00          6.00           2.00           4.52           
19        10        2018      23.00          31.00          0.00           73.00          3.50           2.00           3.98           
20        10        2018      20.40          34.00          0.00           75.00          7.00           1.00           4.58           
21        10        2018      22.20          32.20          0.00           77.00          7.25           1.00           4.55           
22        10        2018      23.20          32.60          0.00           77.00          5.00           1.00           4.01           
23        10        2018      24.00          33.60          0.00           74.00          6.50           2.00           4.92           
24        10        2018      23.20          32.20          0.50           77.00          4.50           2.00           4.18           
25        10        2018      23.80          31.60          0.00           79.00          5.00           0.00           3.66           
26        10        2018      22.10          32.60          0.00           75.00          4.00           2.00           4.14           
27        10        2018      22.60          33.40          0.00           76.00          7.20           1.00           4.66           
28        10        2018      23.40          32.00          0.00           76.00          8.00           2.00           5.07           
29        10        2018      21.60          30.30          0.00           76.00          8.00           1.00           4.60           
30        10        2018      20.80          33.60          0.00           73.00          5.00           3.00           4.92           
31        10        2018      20.00          32.40          0.00           72.00          8.50           2.00           5.25           
1         11        2018      22.00          33.40          0.00           73.00          8.20           1.00           4.94           
2         11        2018      21.50          35.00          0.00           74.00          6.50           1.00           4.58           
3         11        2018      22.97          34.00          0.00           74.00          5.00           3.00           4.93           
4         11        2018      23.00          32.20          0.00           76.00          8.00           2.00           5.07           
5         11        2018      23.10          33.00          0.00           76.00          5.00           1.00           4.06           
6         11        2018      24.70          33.20          2.00           85.00          0.00           2.00           2.78           
7         11        2018      23.80          32.00          0.00           84.00          0.50           1.00           2.66           
8         11        2018      23.00          31.80          5.20           88.00          4.00           1.00           3.52           
9         11        2018      23.60          30.80          36.10          92.00          2.50           1.00           2.99           
10        11        2018      22.60          32.20          6.30           90.00          2.50           1.00           3.08           
11        11        2018      22.80          32.50          57.00          81.00          0.00           1.00           2.60           
12        11        2018      22.80          33.00          0.10           83.00          6.00           1.00           4.21           
13        11        2018      22.80          33.20          0.00           86.00          4.66           1.00           3.81           
14        11        2018      22.80          32.80          32.30          79.00          5.00           1.00           3.99           
15        11        2018      22.20          31.20          0.30           79.00          7.00           1.00           4.39           
16        11        2018      23.60          32.20          0.00           77.00          4.00           1.00           3.74           
17        11        2018      24.20          33.80          0.00           84.00          8.50           1.00           5.01           
18        11        2018      23.80          32.80          5.00           82.00          8.00           1.00           4.79           
19        11        2018      23.20          33.60          0.00           76.00          0.80           1.00           2.97           
20        11        2018      23.20          34.00          0.00           77.00          8.50           1.00           5.05           
21        11        2018      22.40          32.00          0.00           82.28          9.50           1.00           5.07           
22        11        2018      24.00          32.80          0.00           82.00          7.50           1.00           4.66           
23        11        2018      20.60          32.20          8.70           78.00          4.00           1.00           3.65           
24        11        2018      22.00          31.00          0.00           82.00          8.50           1.00           4.71           
25        11        2018      23.20          31.60          1.70           83.00          6.00           1.00           4.12           
26        11        2018      23.00          30.40          0.00           92.00          4.00           0.00           3.38           
27        11        2018      22.40          33.20          47.70          85.00          2.50           0.00           2.97           
28        11        2018      23.60          29.00          35.00          89.00          3.00           0.00           3.05           
29        11        2018      23.20          27.80          1.10           91.00          0.00           0.00           2.16           
30        11        2018      23.10          29.20          14.20          88.00          0.00           1.00           2.32           
1         12        2018      23.00          27.00          43.30          93.00          0.00           0.00           2.15           
2         12        2018      23.00          30.20          0.00           84.00          0.00           1.00           2.44           
3         12        2018      22.90          29.80          3.80           85.00          3.50           1.00           3.32           
4         12        2018      23.60          31.00          7.00           86.00          1.50           1.00           2.84           
5         12        2018      23.30          31.40          7.80           89.00          4.80           1.00           3.69           
6         12        2018      22.10          31.00          37.80          88.00          2.00           0.00           2.77           
7         12        2018      22.10          32.60          7.50           87.00          5.00           1.00           3.82           
8         12        2018      23.60          31.00          23.60          86.00          3.00           0.00           3.09           
9         12        2018      23.20          31.40          0.00           86.00          4.50           0.00           3.52           
10        12        2018      23.60          31.20          11.20          85.00          5.00           1.00           3.80           
11        12        2018      23.00          30.90          0.00           85.00          6.00           1.00           4.03           
12        12        2018      24.80          30.60          0.00           83.00          7.50           1.00           4.51           
13        12        2018      25.20          31.40          0.00           83.00          4.50           1.00           3.76           
14        12        2018      25.00          31.60          3.00           86.00          1.20           0.00           2.61           
15        12        2018      23.40          29.40          9.90           90.00          3.00           1.00           3.09           
16        12        2018      24.00          28.80          5.70           87.00          4.50           1.00           3.52           
17        12        2018      23.40          31.00          0.00           82.00          0.00           0.00           2.21           
18        12        2018      22.30          30.20          0.00           82.00          7.00           2.00           4.40           
19        12        2018      23.40          30.80          0.00           80.00          7.50           1.00           4.51           
20        12        2018      22.60          30.60          0.00           86.00          5.50           1.00           3.86           
21        12        2018      23.10          30.60          36.00          82.00          1.50           1.00           2.89           
22        12        2018      23.00          31.00          32.10          88.00          4.00           1.00           3.46           
23        12        2018      22.90          29.20          2.50           86.00          1.00           2.00           2.77           
24        12        2018      23.80          28.00          7.80           89.00          0.50           1.00           2.40           
25        12        2018      23.20          29.60          5.90           87.00          0.00           1.00           2.36           
26        12        2018      22.80          30.40          0.00           86.00          1.00           1.00           2.67           
27        12        2018      22.60          31.40          5.00           82.00          4.00           1.00           3.58           
28        12        2018      22.90          30.40          0.00           80.00          9.00           2.00           4.99           
29        12        2018      23.80          32.40          0.00           78.00          5.00           1.00           4.00           
30        12        2018      24.20          29.70          0.00           96.00          3.50           1.00           3.15           
31        12        2018      21.80          31.80          0.00           82.00          0.00           0.00           2.20           
1         1         2019      21.10          30.60          2.60           86.00          8.50           1.00           4.59           
2         1         2019      22.20          31.00          7.80           80.00          2.00           1.00           3.07           
3         1         2019      23.20          28.80          0.00           89.00          3.00           1.00           3.08           
4         1         2019      21.20          31.60          6.60           82.00          0.10           0.00           2.21           
5         1         2019      21.00          32.80          10.60          82.00          6.50           1.00           4.29           
6         1         2019      23.00          34.20          10.80          85.00          6.20           1.00           4.32           
7         1         2019      22.40          32.40          16.00          82.00          2.70           2.00           3.55           
8         1         2019      23.00          32.20          0.00           83.00          9.00           1.00           4.98           
9         1         2019      22.80          33.20          0.00           81.00          9.50           1.00           5.21           
10        1         2019      23.00          32.80          4.80           85.00          7.50           1.00           4.59           
11        1         2019      21.10          33.00          6.30           82.00          6.50           1.00           4.31           
12        1         2019      23.80          32.00          0.00           88.00          4.70           1.00           3.75           
13        1         2019      22.80          32.20          5.80           88.00          5.50           1.00           3.96           
14        1         2019      22.60          32.40          24.10          88.00          5.50           1.00           3.96           
15        1         2019      21.40          32.40          14.50          84.00          4.00           0.00           3.36           
16        1         2019      22.00          28.30          58.00          93.00          6.00           1.00           3.75           
17        1         2019      23.00          29.40          8.70           87.00          0.00           1.00           2.36           
18        1         2019      22.80          32.40          23.20          86.00          2.50           1.00           3.18           
19        1         2019      23.20          32.30          10.00          88.00          6.20           1.00           4.18           
20        1         2019      23.20          31.20          0.00           84.00          0.50           1.00           2.63           
21        1         2019      23.00          27.40          3.00           94.00          8.50           0.00           4.61           
22        1         2019      23.20          27.60          52.40          88.00          0.00           1.00           2.29           
23        1         2019      22.00          30.10          7.70           79.00          0.00           2.00           2.87           
24        1         2019      22.00          29.60          23.00          88.00          0.00           0.00           2.19           
25        1         2019      22.10          29.60          46.50          92.00          5.00           1.00           3.60           
26        1         2019      22.20          31.40          27.20          90.00          1.00           1.00           2.64           
27        1         2019      22.40          31.60          16.50          83.00          6.50           2.00           4.42           
28        1         2019      23.00          31.80          0.00           77.00          7.50           2.00           4.91           
29        1         2019      23.80          33.00          0.00           80.00          8.50           1.00           5.02           
30        1         2019      24.00          31.60          0.00           86.00          8.00           1.00           4.71           
31        1         2019      22.40          30.00          33.00          88.00          3.50           0.00           3.22           
1         2         2019      22.20          31.90          0.20           88.00          2.00           1.00           2.98           
2         2         2019      23.10          31.40          57.80          87.00          5.40           1.00           3.93           
3         2         2019      22.80          31.20          5.50           84.00          5.30           1.00           3.93           
4         2         2019      23.00          30.20          1.00           89.00          5.50           1.00           3.85           
5         2         2019      22.80          30.00          15.40          92.00          3.00           1.00           3.10           
6         2         2019      22.80          31.00          3.00           86.00          1.50           1.00           2.85           
7         2         2019      23.00          31.60          1.20           83.00          6.00           0.00           4.00           
8         2         2019      23.40          29.20          0.00           90.00          7.00           0.00           4.27           
9         2         2019      23.60          30.20          0.00           86.00          1.60           0.00           2.70           
10        2         2019      23.00          31.30          2.80           84.00          4.00           1.00           3.59           
11        2         2019      24.00          31.20          0.30           80.00          5.50           1.00           4.09           
12        2         2019      23.40          31.60          0.00           82.00          5.50           1.00           4.06           
13        2         2019      23.60          31.40          0.00           89.00          5.20           1.00           3.86           
14        2         2019      23.20          29.70          5.00           86.00          4.50           1.00           3.61           
15        2         2019      23.90          31.70          1.20           86.00          1.00           1.00           2.76           
16        2         2019      23.10          32.60          0.00           84.00          6.50           0.00           4.20           
17        2         2019      23.00          33.00          3.10           82.00          5.00           0.00           3.75           
18        2         2019      23.00          31.80          0.00           84.00          7.50           0.00           4.46           
19        2         2019      22.20          31.30          0.00           86.00          5.00           1.00           3.80           
20        2         2019      21.80          31.60          5.90           86.00          3.20           0.00           3.15           
21        2         2019      22.20          31.60          30.10          86.00          5.00           1.00           3.82           
22        2         2019      21.80          32.00          1.00           84.00          6.00           1.00           4.13           
23        2         2019      22.00          32.30          8.50           83.00          5.50           1.00           4.04           
24        2         2019      22.30          32.00          0.00           84.00          6.50           1.00           4.28           
25        2         2019      22.20          31.60          0.40           85.00          6.50           1.00           4.23           
26        2         2019      22.80          33.20          1.10           82.00          7.50           1.00           4.68           
27        2         2019      23.80          32.80          0.00           85.00          7.50           1.00           4.65           
28        2         2019      23.80          32.20          13.50          87.00          7.00           1.00           4.44           
1         3         2019      23.20          32.40          0.00           88.00          5.00           1.00           3.84           
2         3         2019      22.80          31.20          51.30          90.00          5.40           1.00           3.84           
3         3         2019      23.10          29.00          24.90          92.00          6.00           0.00           3.93           
4         3         2019      23.40          31.20          2.50           84.00          0.50           0.00           2.35           
5         3         2019      23.60          33.20          0.00           86.00          5.00           1.00           3.92           
6         3         2019      23.10          29.60          14.30          92.00          6.20           1.00           3.92           
7         3         2019      21.80          27.00          21.90          91.00          0.00           1.00           2.16           
8         3         2019      21.40          29.20          3.20           83.00          0.00           1.00           2.39           
9         3         2019      20.20          31.30          0.80           82.00          0.80           1.00           2.69           
10        3         2019      20.80          30.60          0.50           87.00          4.50           0.00           3.40           
11        3         2019      22.00          32.20          0.00           82.00          4.50           1.00           3.72           
12        3         2019      23.40          34.00          0.20           88.00          7.80           1.00           4.71           
13        3         2019      22.30          32.20          40.90          84.00          6.50           0.00           4.06           
14        3         2019      23.20          31.80          0.00           80.00          6.00           1.00           4.14           
15        3         2019      23.60          28.00          2.00           93.00          6.50           0.00           4.00           
16        3         2019      22.20          31.20          29.60          88.00          1.00           1.00           2.60           
17        3         2019      21.40          28.80          64.00          92.00          8.50           0.00           4.47           
18        3         2019      22.40          29.20          19.80          90.00          1.20           1.00           2.53           
19        3         2019      22.40          29.60          10.30          91.00          4.20           1.00           3.31           
20        3         2019      22.60          30.40          51.50          88.00          3.00           1.00           3.08           
21        3         2019      22.50          31.40          2.90           88.00          4.00           1.00           3.39           
22        3         2019      23.40          31.80          27.10          87.00          5.50           1.00           3.85           
23        3         2019      23.30          32.00          26.00          88.00          5.80           2.00           3.98           
24        3         2019      23.60          31.20          20.00          87.00          4.50           1.00           3.54           
25        3         2019      23.80          32.30          0.00           84.00          3.00           1.00           3.25           
26        3         2019      23.80          30.80          0.00           87.00          7.20           1.00           4.23           
27        3         2019      23.80          31.40          22.00          85.00          5.00           0.00           3.55           
28        3         2019      22.80          30.30          2.70           88.00          4.00           1.00           3.29           
29        3         2019      22.60          32.00          5.00           81.00          4.50           1.00           3.62           
30        3         2019      22.00          32.20          0.00           76.00          8.50           1.00           4.68           
31        3         2019      22.00          33.20          0.00           82.00          8.50           1.00           4.68           
1         4         2019      22.90          32.20          1.00           78.00          6.50           1.00           4.17           
2         4         2019      23.20          30.80          0.00           87.00          9.00           1.00           4.60           
3         4         2019      22.80          31.00          0.00           86.00          6.50           1.00           3.95           
4         4         2019      23.20          31.40          27.40          86.00          5.50           1.00           3.72           
5         4         2019      22.80          31.00          1.00           89.00          6.00           1.00           3.76           
6         4         2019      22.80          31.20          22.80          86.00          3.50           1.00           3.17           
7         4         2019      22.20          31.40          0.00           85.00          4.80           1.00           3.50           
8         4         2019      24.20          31.60          0.00           88.00          7.00           0.00           4.05           
9         4         2019      24.20          31.60          6.80           86.00          4.50           0.00           3.31           
10        4         2019      24.10          31.00          2.00           87.00          3.50           1.00           3.14           
11        4         2019      22.30          31.40          0.00           87.00          3.00           0.00           2.82           
12        4         2019      22.40          32.00          0.30           82.00          4.50           1.00           3.47           
13        4         2019      22.40          32.20          0.00           92.00          6.50           0.00           3.83           
14        4         2019      23.00          29.00          28.80          88.00          4.00           1.00           3.08           
15        4         2019      23.00          31.20          4.00           88.00          2.00           1.00           2.69           
16        4         2019      22.80          32.20          4.00           87.00          5.00           1.00           3.49           
17        4         2019      23.20          32.80          28.70          87.00          6.00           1.00           3.78           
18        4         2019      23.20          32.20          15.30          82.00          3.20           0.00           2.82           
19        4         2019      23.80          33.20          0.00           82.00          6.50           1.00           4.00           
20        4         2019      23.00          30.90          11.00          84.00          7.50           2.00           4.15           
21        4         2019      23.20          32.00          0.00           79.00          4.00           1.00           3.33           
22        4         2019      23.40          31.80          0.00           78.00          6.50           1.00           3.91           
23        4         2019      23.00          35.00          0.00           76.00          8.20           1.00           4.54           
24        4         2019      22.90          32.80          0.00           82.00          7.10           1.00           4.03           
25        4         2019      22.40          34.00          37.50          80.00          5.50           1.00           3.72           
26        4         2019      21.90          33.20          0.00           78.00          8.50           1.00           4.37           
27        4         2019      23.50          32.40          0.00           79.00          9.50           2.00           4.81           
28        4         2019      23.40          32.40          0.00           88.00          8.00           2.00           4.17           
29        4         2019      22.40          31.90          14.80          86.00          5.00           1.00           3.34           
30        4         2019      22.60          31.00          3.40           83.00          2.50           1.00           2.76           
1         5         2019      22.90          33.10          0.00           84.00          6.50           1.00           3.79           
2         5         2019      22.80          32.40          0.00           82.00          8.50           2.00           4.40           
3         5         2019      22.40          32.40          0.00           79.00          9.50           1.00           4.44           
4         5         2019      22.00          32.40          0.00           79.00          9.00           1.00           4.30           
5         5         2019      22.00          32.40          0.00           78.00          9.50           1.00           4.41           
6         5         2019      22.00          32.20          0.00           83.00          8.20           1.00           4.04           
7         5         2019      23.00          32.30          0.30           81.00          7.00           1.00           3.82           
8         5         2019      22.00          32.60          0.00           77.00          7.50           1.00           3.96           
9         5         2019      22.00          30.00          0.20           80.00          7.50           1.00           3.73           
10        5         2019      22.00          31.20          0.50           79.00          4.00           2.00           3.38           
11        5         2019      21.00          32.20          0.00           78.00          8.50           2.00           4.35           
12        5         2019      22.00          31.80          0.00           76.00          7.90           1.00           3.95           
13        5         2019      21.00          31.60          0.00           80.00          9.00           2.00           4.30           
14        5         2019      23.00          32.20          0.00           75.00          7.00           1.00           3.81           
15        5         2019      24.00          32.60          0.00           78.00          7.00           1.00           3.82           
16        5         2019      23.00          31.40          0.00           78.00          9.00           2.00           4.38           
17        5         2019      22.00          31.00          0.00           79.00          8.50           2.00           4.17           
18        5         2019      20.00          31.00          0.00           77.00          8.70           1.00           3.90           
19        5         2019      20.00          32.00          0.00           76.00          9.10           1.00           4.05           
20        5         2019      21.00          32.20          0.00           78.00          9.50           2.00           4.44           
21        5         2019      23.00          32.40          0.00           77.00          9.20           1.00           4.18           
22        5         2019      21.00          33.00          0.00           78.00          9.00           1.00           4.09           
23        5         2019      23.00          31.40          0.00           80.00          9.00           2.00           4.24           
24        5         2019      23.00          32.00          0.00           75.00          7.00           1.00           3.70           
25        5         2019      21.00          32.00          0.00           75.00          8.20           2.00           4.23           
26        5         2019      20.00          31.20          0.00           80.00          9.00           1.00           3.86           
27        5         2019      24.00          30.20          0.00           79.00          5.00           1.00           3.14           
28        5         2019      23.00          31.60          0.50           79.00          2.50           1.00           2.67           
29        5         2019      23.00          30.40          0.00           82.00          6.00           2.00           3.47           
30        5         2019      22.00          31.40          0.00           76.00          5.40           2.00           3.62           
31        5         2019      22.00          31.20          0.00           81.00          9.00           2.00           4.09           
1         6         2019      21.00          30.20          0.00           81.00          5.00           2.00           3.25           
2         6         2019      21.00          29.00          0.00           80.00          5.00           1.00           2.94           
3         6         2019      23.00          28.90          0.00           83.00          3.00           2.00           2.76           
4         6         2019      22.00          32.20          0.00           78.00          1.00           1.00           2.37           
5         6         2019      22.00          32.00          0.00           80.00          7.60           1.00           3.63           
6         6         2019      21.00          33.20          0.00           78.00          5.80           1.00           3.35           
7         6         2019      22.00          32.20          0.00           79.00          8.00           1.00           3.73           
8         6         2019      20.00          31.60          0.00           82.00          8.00           1.00           3.58           
9         6         2019      21.00          30.20          0.00           81.00          6.50           2.00           3.48           
10        6         2019      21.00          32.50          0.00           79.00          3.50           1.00           2.83           
11        6         2019      21.00          32.00          0.00           78.00          8.40           2.00           4.06           
12        6         2019      21.00          32.00          0.00           79.00          8.20           1.00           3.70           
13        6         2019      22.00          30.20          0.00           84.00          7.50           1.00           3.41           
14        6         2019      22.00          26.80          1.00           86.00          2.00           2.00           2.32           
15        6         2019      20.00          30.40          1.00           76.00          0.00           2.00           2.56           
16        6         2019      17.00          32.30          0.00           73.00          9.00           1.00           3.80           
17        6         2019      20.00          31.20          0.00           76.00          8.70           1.00           3.72           
18        6         2019      19.00          31.20          0.00           80.00          8.90           1.00           3.68           
19        6         2019      19.00          31.20          0.00           80.00          8.50           1.00           3.61           
20        6         2019      18.00          30.00          0.00           76.00          9.00           1.00           3.62           
21        6         2019      18.00          31.00          0.00           78.00          8.50           1.00           3.58           
22        6         2019      18.00          31.10          0.00           77.00          8.80           1.00           3.65           
23        6         2019      18.00          30.20          0.00           76.00          6.60           1.00           3.23           
24        6         2019      18.00          31.20          0.00           82.00          8.20           1.00           3.50           
25        6         2019      18.00          31.80          0.00           77.00          8.00           1.00           3.57           
26        6         2019      19.00          32.00          0.00           81.00          8.50           1.00           3.65           
27        6         2019      19.00          29.00          0.00           80.00          5.00           1.00           2.85           
28        6         2019      18.00          29.60          0.00           77.00          9.00           1.00           3.59           
29        6         2019      19.00          29.40          0.00           83.00          8.50           1.00           3.45           
30        6         2019      18.00          29.30          0.00           76.00          8.30           1.00           3.46           
1         7         2019      17.00          30.40          0.00           79.00          6.50           1.00           3.17           
2         7         2019      18.00          30.40          0.00           81.00          6.50           1.00           3.17           
3         7         2019      20.00          30.90          0.00           81.00          6.50           1.00           3.25           
4         7         2019      22.00          30.20          0.00           83.00          4.50           1.00           2.85           
5         7         2019      22.00          31.20          0.00           81.00          3.90           1.00           2.82           
6         7         2019      21.00          31.20          0.00           78.00          6.60           1.00           3.37           
7         7         2019      21.00          32.00          0.00           78.00          7.00           1.00           3.50           
8         7         2019      20.00          31.00          0.00           77.00          7.50           1.00           3.51           
9         7         2019      19.00          29.40          0.00           77.00          9.00           2.00           3.93           
10        7         2019      20.00          30.20          0.00           78.00          9.00           2.00           4.00           
11        7         2019      20.00          29.80          0.00           78.00          7.10           2.00           3.65           
12        7         2019      19.00          30.20          0.00           77.00          5.10           1.00           3.03           
13        7         2019      19.00          30.40          0.00           70.00          7.00           2.00           3.94           
14        7         2019      17.00          30.60          0.00           76.00          10.00          2.00           4.23           
15        7         2019      17.00          30.20          0.00           74.00          9.50           2.00           4.17           
16        7         2019      17.00          29.20          0.00           77.00          7.00           3.00           3.87           
17        7         2019      17.00          29.70          0.00           78.00          9.00           2.00           3.94           
18        7         2019      18.00          29.00          0.00           78.00          6.90           2.00           3.56           
19        7         2019      20.00          27.00          0.00           83.00          5.10           3.00           3.13           
20        7         2019      22.00          28.40          0.00           83.00          0.50           2.00           2.31           
21        7         2019      21.00          28.80          0.00           80.00          4.00           2.00           3.06           
22        7         2019      20.00          31.40          0.00           77.00          5.40           2.00           3.60           
23        7         2019      20.00          31.00          0.00           79.00          8.50           1.00           3.79           
24        7         2019      21.00          28.60          0.00           80.00          8.00           2.00           3.77           
25        7         2019      20.00          31.00          0.00           76.00          5.10           2.00           3.57           
26        7         2019      20.00          31.20          0.00           78.00          8.50           1.00           3.85           
27        7         2019      20.00          31.60          0.00           77.00          8.00           1.00           3.80           
28        7         2019      19.00          29.00          0.00           82.00          8.00           2.00           3.72           
29        7         2019      19.00          30.00          0.00           78.00          9.00           1.00           3.86           
30        7         2019      20.00          30.80          0.00           77.00          9.50           2.00           4.35           
31        7         2019      20.00          30.40          0.00           83.00          9.20           2.00           4.09           
1         8         2019      20.00          30.20          0.00           80.00          8.50           2.00           4.04           
2         8         2019      21.00          29.20          0.00           78.00          9.00           2.00           4.15           
3         8         2019      19.00          29.60          0.00           78.00          9.50           2.00           4.23           
4         8         2019      20.00          28.20          0.00           74.00          8.50           4.00           4.56           
5         8         2019      19.00          30.20          0.00           66.00          7.00           3.00           4.70           
6         8         2019      17.00          31.60          0.00           72.00          9.00           2.00           4.52           
7         8         2019      17.00          29.80          0.00           76.00          9.30           2.00           4.27           
8         8         2019      18.00          30.00          0.00           80.00          9.20           1.00           3.96           
9         8         2019      19.00          30.00          0.00           75.00          8.50           2.00           4.25           
10        8         2019      20.00          31.60          0.00           74.00          9.50           1.00           4.31           
11        8         2019      19.00          30.40          0.00           79.00          9.00           1.00           4.04           
12        8         2019      19.00          31.40          0.00           78.00          5.50           1.00           3.42           
13        8         2019      20.00          32.60          0.00           83.00          7.00           1.00           3.79           
14        8         2019      20.00          33.20          0.00           77.00          4.70           1.00           3.42           
15        8         2019      20.00          32.00          0.00           76.00          7.00           2.00           4.21           
16        8         2019      21.00          30.90          0.00           77.00          9.00           2.00           4.51           
17        8         2019      22.00          30.60          0.00           72.00          9.10           2.00           4.70           
18        8         2019      20.03          30.20          0.00           74.00          9.50           3.00           4.89           
19        8         2019      20.00          29.80          0.00           76.00          9.50           2.00           4.54           
20        8         2019      21.00          30.80          0.00           75.00          9.90           2.00           4.79           
21        8         2019      20.00          33.00          0.00           76.00          9.30           1.00           4.51           
22        8         2019      21.00          32.00          0.00           79.00          6.90           2.00           4.19           
23        8         2019      21.00          30.40          0.00           75.00          8.50           2.00           4.51           
24        8         2019      21.00          31.00          0.00           75.00          8.80           2.00           4.64           
25        8         2019      21.00          30.40          0.00           77.00          5.50           2.00           3.86           
26        8         2019      22.00          29.60          0.00           78.00          8.00           2.00           4.31           
27        8         2019      22.00          30.60          0.00           71.00          2.50           2.00           3.52           
28        8         2019      19.00          32.00          0.00           74.00          8.80           1.00           4.40           
29        8         2019      20.00          32.00          0.00           75.00          8.50           0.00           3.98           
30        8         2019      21.00          31.40          0.00           75.00          7.50           2.00           4.48           
31        8         2019      21.00          30.40          0.00           76.00          9.00           2.00           4.68           
1         9         2019      20.00          31.40          0.00           72.00          7.00           2.00           4.47           
2         9         2019      21.00          32.90          0.00           72.00          10.00          2.00           5.29           
3         9         2019      21.00          33.00          0.00           72.00          9.70           1.00           4.86           
4         9         2019      21.00          31.40          0.00           68.00          6.10           2.00           4.48           
5         9         2019      17.00          31.40          0.00           57.00          8.50           1.00           4.50           
6         9         2019      17.00          30.80          0.00           75.00          9.00           2.00           4.71           
7         9         2019      20.00          30.80          0.00           79.00          7.50           2.00           4.35           
8         9         2019      21.00          32.00          0.00           72.00          8.00           2.00           4.84           
9         9         2019      21.00          33.00          0.00           74.00          7.00           1.00           4.27           
10        9         2019      19.00          32.20          0.00           71.00          8.50           1.00           4.54           
11        9         2019      19.00          33.00          0.00           74.00          9.00           2.00           5.08           
12        9         2019      18.00          30.00          0.00           73.00          8.50           2.00           4.67           
13        9         2019      19.00          32.00          0.00           72.00          9.50           1.00           4.77           
14        9         2019      20.00          31.80          0.00           76.00          6.50           2.00           4.40           
15        9         2019      21.00          31.00          0.00           76.00          9.00           1.00           4.64           
16        9         2019      20.00          32.60          0.00           76.00          8.00           1.00           4.50           
17        9         2019      20.00          33.20          0.00           74.00          7.90           1.00           4.55           
18        9         2019      21.00          34.00          0.00           74.00          6.50           1.00           4.31           
19        9         2019      20.00          32.40          0.00           74.00          9.00           2.00           5.12           
20        9         2019      21.00          31.00          0.00           77.00          9.20           2.00           4.96           
21        9         2019      22.00          30.80          0.00           73.00          7.00           1.00           4.28           
22        9         2019      22.00          31.80          0.00           75.00          7.00           1.00           4.33           
23        9         2019      22.00          31.60          0.00           74.00          7.00           1.00           4.34           
24        9         2019      21.00          33.80          0.00           76.00          5.50           1.00           4.06           
25        9         2019      22.00          34.00          0.00           71.00          8.60           2.00           5.40           
26        9         2019      23.00          32.60          0.00           74.00          10.00          2.00           5.53           
27        9         2019      23.00          30.60          0.00           74.00          9.20           2.00           5.15           
28        9         2019      23.00          31.40          0.00           74.00          6.50           2.00           4.60           
29        9         2019      23.00          30.60          0.00           77.00          7.00           1.00           4.31           
30        9         2019      22.00          32.70          0.00           71.00          7.50           2.00           5.04           
1         10        2019      20.00          33.20          0.00           75.00          8.80           2.00           5.22           
2         10        2019      20.00          33.40          0.00           72.00          8.50           2.00           5.27           
3         10        2019      22.00          34.40          1.00           75.00          8.50           2.00           5.34           
4         10        2019      22.00          33.40          0.00           66.00          9.50           4.00           6.59           
5         10        2019      19.00          32.60          0.00           72.00          9.50           2.00           5.40           
6         10        2019      21.00          32.00          0.00           74.00          9.20           1.00           4.96           
7         10        2019      22.00          34.10          0.00           72.00          9.50           1.00           5.28           
8         10        2019      23.00          33.40          0.00           71.00          8.00           2.00           5.30           
9         10        2019      21.00          33.40          0.00           70.00          9.50           1.00           5.20           
10        10        2019      23.00          33.60          0.00           72.00          6.50           1.00           4.51           
11        10        2019      22.00          36.20          0.00           64.00          8.50           2.00           5.94           
12        10        2019      21.00          36.00          0.00           71.00          9.30           1.00           5.38           
13        10        2019      23.00          34.00          0.00           73.00          8.90           2.00           5.54           
14        10        2019      23.00          32.80          0.00           76.00          9.00           2.00           5.35           
15        10        2019      22.00          32.10          0.00           72.00          5.50           2.00           4.55           
16        10        2019      22.00          34.40          0.00           69.00          8.50           2.00           5.59           
17        10        2019      22.00          32.60          0.00           72.00          9.50           1.00           5.19           
18        10        2019      21.00          35.00          0.00           72.00          8.00           2.00           5.42           
19        10        2019      20.00          34.20          0.00           72.00          6.50           1.00           4.49           
20        10        2019      21.00          33.00          0.00           77.00          9.00           2.00           5.29           
21        10        2019      23.00          34.80          0.00           62.00          8.50           3.00           6.46           
22        10        2019      21.00          33.80          0.00           75.00          9.50           2.00           5.56           
23        10        2019      20.00          35.40          0.00           72.00          9.50           2.00           5.82           
24        10        2019      22.00          35.10          0.00           74.00          9.00           2.00           5.65           
25        10        2019      22.00          34.00          0.00           72.00          9.50           1.00           5.33           
26        10        2019      23.00          33.40          0.00           73.00          8.00           2.00           5.28           
27        10        2019      21.00          34.20          0.00           70.00          8.50           2.00           5.53           
28        10        2019      23.00          33.70          0.00           74.00          8.50           2.00           5.41           
29        10        2019      23.00          34.80          0.00           70.00          9.10           1.00           5.35           
30        10        2019      21.00          34.20          0.00           74.00          8.10           1.00           4.92           
31        10        2019      23.00          33.80          0.00           71.00          8.50           2.00           5.52           
1         11        2019      23.00          32.40          0.00           74.00          8.50           2.00           5.28           
2         11        2019      23.00          28.40          0.00           91.00          6.00           2.00           3.76           
3         11        2019      23.00          27.40          0.00           87.00          2.20           0.00           2.76           
4         11        2019      23.00          32.00          1.20           78.00          0.50           2.00           3.14           
5         11        2019      23.00          33.20          0.00           67.00          4.50           1.00           4.08           
6         11        2019      20.00          33.20          0.00           77.00          8.50           1.00           4.88           
7         11        2019      22.00          34.20          0.00           71.00          8.50           1.00           5.10           
8         11        2019      24.00          33.40          0.00           74.00          8.20           2.00           5.34           
9         11        2019      23.00          33.60          0.00           72.00          6.00           2.00           4.85           
10        11        2019      24.00          34.00          0.00           69.00          10.00          2.00           6.00           
11        11        2019      24.00          34.00          0.00           69.00          9.50           2.00           5.88           
12        11        2019      25.00          33.80          0.00           72.00          8.50           1.00           5.18           
13        11        2019      24.00          34.20          0.00           76.00          4.50           2.00           4.40           
14        11        2019      25.00          35.50          0.00           74.00          4.10           1.00           4.05           
15        11        2019      22.00          32.80          32.50          74.00          7.00           1.00           4.56           
16        11        2019      21.00          33.40          0.00           72.00          8.50           1.00           4.98           
17        11        2019      23.00          35.40          0.00           73.00          9.50           1.00           5.47           
18        11        2019      24.00          35.20          0.00           78.00          8.50           2.00           5.46           
19        11        2019      24.00          35.00          16.00          78.00          7.00           1.00           4.74           
20        11        2019      24.00          36.30          0.00           76.00          6.30           2.00           5.06           
21        11        2019      23.00          33.40          0.00           74.00          7.20           2.00           5.05           
22        11        2019      22.00          33.20          0.00           74.00          9.50           1.00           5.23           
23        11        2019      22.00          34.20          0.00           73.00          9.00           1.00           5.19           
24        11        2019      22.00          34.00          0.00           77.00          8.00           2.00           5.17           
25        11        2019      21.00          33.80          0.00           74.00          8.50           1.00           4.98           
26        11        2019      21.00          35.00          0.00           76.00          9.00           1.00           5.19           
27        11        2019      23.00          33.80          0.00           75.00          9.80           2.00           5.69           
28        11        2019      23.00          34.20          0.00           75.00          7.00           2.00           5.03           
29        11        2019      24.00          33.80          15.60          74.00          6.80           2.00           5.00           
30        11        2019      25.00          32.80          0.00           80.00          9.80           1.00           5.35           
1         12        2019      23.00          33.30          1.20           75.00          4.50           2.00           4.33           
2         12        2019      24.00          34.60          0.00           78.00          7.00           1.00           4.69           
3         12        2019      24.00          34.60          0.00           72.00          6.50           1.00           4.63           
4         12        2019      23.00          35.00          0.00           70.00          9.60           1.00           5.47           
5         12        2019      23.00          34.20          0.00           73.00          10.00          1.00           5.48           
6         12        2019      24.00          33.80          0.00           82.00          6.50           2.00           4.64           
7         12        2019      23.00          33.60          13.00          81.00          6.00           1.00           4.27           
8         12        2019      24.00          34.60          2.50           75.00          7.50           1.00           4.86           
9         12        2019      23.00          34.20          0.00           78.00          6.50           1.00           4.49           
10        12        2019      25.00          34.50          0.00           75.00          7.90           1.00           5.00           
11        12        2019      24.00          34.80          0.80           79.00          7.50           2.00           5.10           
12        12        2019      23.00          32.80          10.30          83.00          7.00           1.00           4.46           
13        12        2019      21.00          32.40          48.50          87.00          6.50           1.00           4.17           
14        12        2019      22.00          31.80          41.70          84.00          6.50           1.00           4.20           
15        12        2019      23.00          30.90          5.00           91.00          2.50           1.00           2.99           
16        12        2019      22.00          31.00          15.80          94.00          1.30           1.00           2.60           
17        12        2019      23.00          34.10          50.50          87.00          2.00           1.00           3.09           
18        12        2019      22.00          31.60          4.20           84.00          4.00           0.00           3.33           
19        12        2019      23.00          33.20          0.00           82.00          6.50           0.00           4.14           
20        12        2019      23.00          33.30          1.00           79.00          7.00           2.00           4.80           
21        12        2019      23.00          34.00          0.00           77.00          9.10           1.00           5.19           
22        12        2019      24.00          32.00          0.00           84.00          7.10           1.00           4.45           
23        12        2019      23.00          33.00          3.90           82.00          4.50           1.00           3.81           
24        12        2019      23.00          33.60          41.50          82.00          6.00           1.00           4.26           
25        12        2019      22.00          33.00          0.00           85.00          6.70           1.00           4.33           
26        12        2019      23.00          32.20          3.80           85.00          5.30           1.00           3.93           
27        12        2019      23.00          32.50          9.00           84.00          4.20           1.00           3.67           
28        12        2019      23.00          31.80          37.50          88.00          5.90           1.00           4.02           
29        12        2019      23.00          32.60          0.00           86.00          3.50           1.00           3.45           
30        12        2019      23.00          32.20          16.30          87.00          5.50           2.00           4.05           
31        12        2019      23.00          31.00          81.00          90.00          4.00           1.00           3.43           
1         1         2020      22.90          30.50          41.70          90.00          4.50           2.00           3.55           
2         1         2020      22.60          31.60          11.60          87.00          4.00           1.00           3.51           
3         1         2020      23.20          31.20          25.40          87.00          7.50           2.00           4.48           
4         1         2020      23.00          28.80          9.30           88.00          5.50           0.00           3.73           
5         1         2020      24.00          30.70          3.50           86.00          0.50           2.00           2.74           
6         1         2020      23.00          30.40          11.50          85.00          3.00           1.00           3.23           
7         1         2020      23.00          31.40          0.30           83.00          5.00           1.00           3.85           
8         1         2020      24.00          30.80          0.00           84.00          6.00           1.00           4.10           
9         1         2020      23.10          31.20          6.20           82.00          3.10           0.00           3.10           
10        1         2020      23.60          33.00          0.50           84.00          4.50           1.00           3.81           
11        1         2020      23.60          31.00          0.00           82.00          6.50           1.00           4.26           
12        1         2020      23.20          31.60          0.00           81.00          3.50           1.00           3.50           
13        1         2020      22.81          32.00          0.00           80.00          5.50           2.00           4.30           
14        1         2020      22.00          33.20          0.00           82.00          5.50           1.00           4.09           
15        1         2020      22.40          33.00          0.00           80.00          7.80           1.00           4.74           
16        1         2020      20.10          33.00          0.00           74.00          6.50           1.00           4.40           
17        1         2020      21.80          33.40          0.00           72.00          8.10           1.00           4.92           
18        1         2020      23.20          33.20          0.00           74.00          9.00           1.00           5.18           
19        1         2020      22.60          33.20          0.00           74.00          10.00          1.00           5.42           
20        1         2020      22.90          33.40          0.00           75.00          9.00           1.00           5.18           
21        1         2020      22.20          34.00          0.00           80.00          9.90           1.00           5.39           
22        1         2020      24.00          33.40          43.00          86.00          7.50           1.00           4.69           
23        1         2020      23.80          33.20          40.00          80.00          6.50           0.00           4.20           
24        1         2020      24.10          33.00          2.50           81.00          6.50           1.00           4.45           
25        1         2020      23.20          33.60          0.00           76.00          8.00           1.00           4.94           
26        1         2020      23.20          33.90          0.00           81.00          8.50           1.00           5.04           
27        1         2020      22.81          31.40          3.70           86.00          7.90           0.00           4.56           
28        1         2020      22.80          32.20          1.40           85.00          4.00           1.00           3.61           
29        1         2020      21.00          32.60          1.50           86.00          7.00           0.00           4.27           
30        1         2020      20.20          32.60          45.00          95.00          5.00           0.00           3.72           
31        1         2020      22.90          32.20          4.30           84.00          0.00           1.00           2.54           
1         2         2020      22.20          30.70          0.00           87.00          8.00           1.00           4.56           
2         2         2020      23.00          31.80          2.10           86.00          1.70           1.00           2.95           
3         2         2020      23.00          31.80          0.20           88.00          5.50           1.00           3.97           
4         2         2020      22.20          33.00          2.10           80.00          4.80           1.00           3.95           
5         2         2020      22.20          32.40          0.00           78.00          7.00           1.00           4.53           
6         2         2020      22.00          32.80          0.00           81.00          8.00           1.00           4.79           
7         2         2020      24.00          32.90          0.70           84.00          6.70           1.00           4.47           
8         2         2020      22.00          30.80          1.10           82.00          4.80           1.00           3.78           
9         2         2020      23.00          29.40          0.00           90.00          2.00           0.00           2.79           
10        2         2020      23.20          32.00          0.50           80.00          0.00           1.00           2.62           
11        2         2020      23.40          31.60          0.90           83.00          5.50           1.00           4.05           
12        2         2020      23.00          31.00          0.00           91.00          3.50           1.00           3.31           
13        2         2020      22.40          32.20          7.90           88.00          3.00           1.00           3.28           
14        2         2020      23.00          32.60          0.50           87.00          4.50           1.00           3.75           
15        2         2020      23.00          32.40          50.40          89.00          4.00           0.00           3.48           
16        2         2020      23.20          32.30          15.00          84.00          5.50           1.00           4.07           
17        2         2020      23.20          29.80          0.00           88.00          8.00           1.00           4.53           
18        2         2020      22.20          32.00          8.50           87.00          3.50           2.00           3.54           
19        2         2020      22.00          31.20          94.50          88.00          5.00           1.00           3.76           
20        2         2020      23.00          31.00          0.00           82.00          5.00           0.00           3.66           
21        2         2020      23.20          33.00          1.20           82.00          2.00           1.00           3.16           
22        2         2020      23.70          32.20          11.50          86.00          4.80           1.00           3.84           
23        2         2020      23.80          32.80          11.40          82.00          9.00           0.00           4.97           
24        2         2020      23.80          32.80          0.00           80.00          5.07           1.00           4.05           
25        2         2020      23.20          32.20          34.00          84.00          7.50           1.00           4.60           
26        2         2020      24.20          32.30          6.00           86.00          4.50           1.00           3.77           
27        2         2020      23.80          33.40          0.00           84.00          3.00           0.00           3.18           
28        2         2020      23.40          32.40          0.00           82.00          7.50           2.00           4.79           
29        2         2020      24.00          32.40          8.00           86.00          7.60           1.00           4.64           
1         3         2020      24.00          31.40          5.50           89.00          5.00           1.00           3.79           
2         3         2020      22.90          32.80          44.00          82.00          5.19           1.00           4.00           
3         3         2020      22.00          31.60          42.50          88.00          7.40           1.00           4.40           
4         3         2020      23.00          29.40          0.00           89.00          3.00           0.00           3.04           
5         3         2020      23.20          31.80          0.30           89.00          0.80           1.00           2.60           
6         3         2020      24.20          32.00          0.00           88.00          3.80           1.00           3.49           
7         3         2020      22.80          31.40          2.50           85.00          4.50           1.00           3.66           
8         3         2020      22.40          31.40          28.00          84.00          5.50           1.00           3.93           
9         3         2020      22.80          29.80          2.40           91.00          5.00           2.00           3.57           
10        3         2020      23.70          32.20          6.50           91.00          3.00           1.00           3.19           
11        3         2020      24.00          32.80          0.70           80.00          5.20           1.00           4.03           
12        3         2020      23.60          33.10          2.20           84.00          4.20           1.00           3.69           
13        3         2020      24.20          33.40          0.00           85.00          5.00           1.00           3.92           
14        3         2020      22.80          32.60          26.80          83.00          5.50           1.00           4.00           
15        3         2020      23.00          33.40          0.00           78.00          5.80           1.00           4.20           
16        3         2020      22.00          32.00          0.00           86.00          9.00           1.00           4.81           
17        3         2020      22.40          31.60          0.80           85.00          5.60           1.00           3.90           
18        3         2020      23.80          32.00          2.60           86.00          7.20           2.00           4.46           
19        3         2020      22.60          31.00          1.50           89.00          5.50           1.00           3.76           
20        3         2020      22.40          31.80          30.50          86.00          5.00           1.00           3.71           
21        3         2020      22.90          32.40          14.80          87.00          5.50           1.00           3.88           
22        3         2020      22.20          31.80          0.00           88.00          5.30           1.00           3.74           
23        3         2020      22.60          31.60          47.50          92.00          5.60           0.00           3.77           
24        3         2020      22.60          32.00          5.90           86.00          4.10           0.00           3.30           
25        3         2020      22.60          32.20          19.50          86.00          6.00           1.00           3.97           
26        3         2020      22.00          32.80          0.00           84.00          6.50           1.00           4.14           
27        3         2020      23.80          31.20          3.00           83.00          8.00           1.00           4.50           
28        3         2020      23.10          33.50          3.70           85.00          2.50           0.00           2.86           
29        3         2020      23.90          32.40          0.40           90.00          5.00           0.00           3.61           
30        3         2020      22.60          33.60          49.00          87.00          5.20           1.00           3.79           
31        3         2020      23.20          33.00          5.50           88.00          6.00           1.00           3.96           
1         4         2020      23.20          31.60          20.50          86.00          4.50           1.00           3.49           
2         4         2020      23.00          33.00          41.00          90.00          6.00           1.00           3.90           
3         4         2020      23.60          33.40          31.00          83.00          6.00           1.00           4.04           
4         4         2020      23.20          33.50          2.00           87.00          4.50           1.00           3.56           
5         4         2020      23.00          33.00          0.30           83.00          5.90           0.00           3.72           
6         4         2020      23.06          32.92          0.00           92.00          5.20           1.00           3.61           
7         4         2020      22.60          32.20          3.80           88.00          5.00           1.00           3.55           
8         4         2020      22.40          30.40          51.50          84.00          6.50           1.00           3.86           
9         4         2020      22.80          31.80          0.00           86.00          6.07           1.00           3.82           
10        4         2020      22.90          37.30          0.00           80.00          8.10           2.00           5.16           
11        4         2020      22.20          33.00          0.10           82.00          9.00           1.00           4.64           
12        4         2020      23.10          33.00          0.00           78.00          8.60           1.00           4.61           
13        4         2020      22.00          34.60          0.00           62.00          8.00           1.00           4.70           
14        4         2020      21.50          34.00          0.00           87.00          7.00           1.00           4.09           
15        4         2020      23.40          32.00          5.80           86.00          6.50           0.00           3.77           
16        4         2020      22.40          33.60          0.80           84.00          3.20           0.00           2.86           
17        4         2020      23.40          34.00          32.50          90.00          7.50           0.00           4.16           
18        4         2020      22.60          34.00          1.00           88.00          0.00           0.00           2.00           
19        4         2020      23.00          32.40          0.10           88.00          4.00           1.00           3.20           
20        4         2020      23.70          32.40          0.20           85.00          4.50           1.00           3.38           
21        4         2020      23.80          32.40          0.50           84.00          6.50           2.00           4.04           
22        4         2020      24.00          33.70          0.00           78.00          8.00           1.00           4.41           
23        4         2020      24.20          34.00          0.00           82.00          8.80           2.00           4.78           
24        4         2020      23.70          33.00          0.00           80.00          7.50           1.00           4.18           
25        4         2020      23.00          32.20          0.00           78.00          9.00           1.00           4.45           
26        4         2020      23.30          33.20          0.00           80.00          5.50           1.00           3.67           
27        4         2020      23.06          32.40          0.00           81.00          5.00           1.00           3.47           
28        4         2020      23.60          30.40          13.30          86.00          5.90           1.00           3.50           
29        4         2020      22.60          32.92          0.00           82.00          3.70           1.00           3.15           
30        4         2020      23.50          31.40          0.80           85.00          6.00           1.00           3.57           
1         5         2020      24.20          31.60          1.00           76.00          4.00           2.00           3.63           
2         5         2020      21.00          31.80          0.00           79.00          8.00           1.00           4.02           
3         5         2020      22.00          32.20          0.00           81.00          9.00           0.00           4.03           
4         5         2020      23.00          33.10          0.00           81.00          4.40           1.00           3.30           
5         5         2020      24.20          32.80          7.20           83.00          7.20           0.00           3.72           
6         5         2020      23.10          32.00          1.30           83.00          6.50           1.00           3.67           
7         5         2020      23.00          32.40          0.00           82.00          8.00           1.00           4.03           
8         5         2020      23.50          33.40          1.50           86.00          7.50           2.00           4.08           
9         5         2020      24.00          32.60          46.60          86.00          6.50           1.00           3.66           
10        5         2020      23.50          32.20          59.00          84.00          6.50           1.00           3.63           
11        5         2020      23.50          32.20          0.20           82.00          6.40           2.00           3.84           
12        5         2020      22.90          33.10          0.00           84.00          5.50           1.00           3.42           
13        5         2020      23.00          31.80          0.00           81.00          9.00           1.00           4.14           
14        5         2020      23.30          29.60          0.00           80.00          9.00           2.00           4.18           
15        5         2020      23.10          32.00          0.00           84.00          7.50           2.00           3.94           
16        5         2020      23.10          31.80          0.00           80.00          6.00           1.00           3.48           
17        5         2020      23.00          30.20          4.00           84.00          6.20           1.00           3.36           
18        5         2020      23.40          31.00          1.80           87.00          6.00           1.00           3.32           
19        5         2020      24.00          31.40          7.60           91.00          3.00           1.00           2.61           
20        5         2020      23.60          31.00          46.40          87.00          3.00           1.00           2.65           
21        5         2020      23.50          29.00          11.00          91.00          3.00           1.00           2.49           
22        5         2020      23.80          31.90          5.50           83.00          0.50           1.00           2.21           
23        5         2020      23.50          32.60          0.00           80.00          7.90           1.00           3.88           
24        5         2020      22.60          33.00          0.00           81.00          10.00          1.00           4.30           
25        5         2020      22.00          32.60          0.00           83.00          9.50           1.00           4.11           
26        5         2020      23.20          32.20          0.00           84.00          9.80           1.00           4.18           
27        5         2020      22.70          30.20          14.80          89.00          6.25           1.00           3.20           
28        5         2020      23.00          28.20          0.40           92.00          2.00           1.00           2.18           
29        5         2020      22.30          30.20          73.00          84.00          2.00           1.00           2.39           
30        5         2020      22.20          32.00          0.00           86.00          7.00           0.00           3.31           
31        5         2020      22.30          31.00          4.00           89.00          6.50           1.00           3.26           
1         6         2020      22.80          29.80          13.50          86.00          3.50           1.00           2.64           
2         6         2020      23.40          31.40          0.00           88.00          0.80           1.00           2.11           
3         6         2020      21.62          31.20          4.50           80.00          5.00           1.00           3.07           
4         6         2020      22.00          30.20          0.00           80.00          7.70           1.00           3.54           
5         6         2020      21.20          29.00          0.00           85.00          9.00           1.00           3.61           
6         6         2020      21.20          28.00          12.00          90.00          6.00           1.00           2.91           
7         6         2020      22.70          30.20          0.00           85.00          0.50           1.00           2.05           
8         6         2020      22.40          32.40          0.00           80.00          7.50           2.00           3.91           
9         6         2020      22.20          29.90          0.00           82.00          8.70           2.00           3.84           
10        6         2020      19.90          31.20          0.00           81.00          8.60           0.00           3.38           
11        6         2020      20.00          31.30          0.00           80.00          9.00           1.00           3.75           
12        6         2020      19.80          30.40          0.00           80.00          8.00           1.00           3.50           
13        6         2020      20.10          31.00          0.00           82.00          9.00           1.00           3.71           
14        6         2020      21.00          31.00          13.00          87.00          8.50           1.00           3.58           
15        6         2020      22.90          31.70          1.60           84.00          4.00           2.00           3.04           
16        6         2020      22.40          31.20          0.00           84.00          5.20           1.00           3.02           
17        6         2020      22.90          32.00          0.00           84.00          7.80           1.00           3.61           
18        6         2020      23.00          30.80          0.00           81.00          9.00           1.00           3.80           
19        6         2020      22.80          29.20          0.00           85.00          7.00           2.00           3.38           
20        6         2020      21.70          30.00          0.00           84.00          7.50           2.00           3.53           
21        6         2020      22.20          30.80          0.00           85.00          8.50           2.00           3.76           
22        6         2020      22.40          30.20          0.00           82.00          3.00           1.00           2.57           
23        6         2020      20.90          30.20          0.00           86.00          6.20           2.00           3.23           
24        6         2020      21.00          30.20          0.00           81.00          8.50           1.00           3.59           
25        6         2020      20.80          30.40          0.00           80.00          9.00           2.00           3.93           
26        6         2020      20.40          30.30          0.00           82.00          8.50           1.00           3.57           
27        6         2020      21.62          30.60          0.00           79.00          9.00           2.00           4.01           
28        6         2020      19.00          31.40          0.00           82.00          9.80           1.00           3.84           
29        6         2020      22.80          32.20          0.00           84.00          7.50           2.00           3.75           
30        6         2020      21.40          30.00          0.00           85.00          6.50           2.00           3.32           
1         7         2020      21.30          28.80          0.00           83.00          8.70           2.00           3.68           
2         7         2020      22.70          30.00          0.00           78.00          3.50           2.00           3.07           
3         7         2020      21.80          29.20          0.00           84.00          8.00           2.00           3.58           
4         7         2020      21.00          32.00          0.00           78.00          6.00           1.00           3.30           
5         7         2020      20.20          32.00          0.00           84.00          9.20           1.00           3.82           
6         7         2020      20.60          26.50          0.00           91.00          3.00           1.00           2.25           
7         7         2020      22.00          30.00          3.60           85.00          0.00           2.00           2.17           
8         7         2020      21.10          28.40          0.00           84.00          7.00           2.00           3.35           
9         7         2020      21.80          29.00          0.00           80.00          9.00           1.00           3.70           
10        7         2020      21.00          29.80          0.00           83.00          5.10           2.00           3.16           
11        7         2020      21.00          30.20          0.00           82.00          7.10           1.00           3.38           
12        7         2020      21.20          31.00          0.00           79.00          5.00           2.00           3.38           
13        7         2020      22.20          31.00          0.00           82.00          6.00           1.00           3.26           
14        7         2020      22.40          30.40          0.00           82.00          7.00           2.00           3.63           
15        7         2020      22.60          30.90          0.00           87.00          8.00           1.00           3.62           
16        7         2020      22.80          31.60          1.50           80.00          3.60           1.00           2.87           
17        7         2020      21.20          32.00          0.00           86.00          6.50           1.00           3.37           
18        7         2020      20.60          30.00          0.00           82.00          4.00           2.00           3.05           
19        7         2020      21.30          29.20          0.00           86.00          8.00           2.00           3.60           
20        7         2020      22.40          30.40          2.30           81.00          3.20           2.00           3.00           
21        7         2020      23.20          31.40          0.00           80.00          6.10           2.00           3.68           
22        7         2020      21.60          30.60          0.00           83.00          5.50           1.00           3.17           
23        7         2020      21.80          31.10          0.00           82.00          5.90           2.00           3.53           
24        7         2020      20.50          29.40          0.00           80.00          9.00           2.00           4.00           
25        7         2020      18.20          28.60          0.00           76.00          8.50           2.00           3.92           
26        7         2020      18.00          30.50          0.00           76.00          9.00           2.00           4.19           
27        7         2020      17.00          30.60          0.00           77.00          9.20           1.00           3.88           
28        7         2020      17.40          31.40          0.00           83.00          8.30           2.00           3.95           
29        7         2020      19.20          28.80          0.00           89.00          0.00           2.00           2.04           
30        7         2020      17.00          29.40          0.00           77.00          9.50           2.00           4.15           
31        7         2020      18.70          28.00          0.00           82.00          9.00           2.00           3.84           
1         8         2020      19.40          30.00          0.00           78.00          3.00           2.00           3.10           
2         8         2020      22.00          30.20          0.00           70.00          9.20           2.00           4.56           
3         8         2020      19.40          30.20          0.00           79.00          9.00           1.00           3.95           
4         8         2020      21.00          30.40          0.00           83.00          5.20           2.00           3.40           
5         8         2020      22.20          30.00          0.00           79.00          1.50           1.00           2.50           
6         8         2020      20.20          30.40          0.00           76.00          6.00           2.00           3.80           
7         8         2020      19.80          30.40          0.00           81.00          9.00           2.00           4.20           
8         8         2020      21.80          30.50          0.00           81.00          7.00           1.00           3.68           
9         8         2020      21.20          32.40          0.00           77.00          6.00           1.00           3.63           
10        8         2020      21.00          33.20          0.00           84.00          8.00           1.00           4.05           
11        8         2020      20.90          31.00          0.00           86.00          4.50           1.00           3.10           
12        8         2020      22.60          31.40          9.50           86.00          2.00           1.00           2.59           
13        8         2020      24.10          29.40          5.30           84.00          5.50           2.00           3.51           
14        8         2020      23.00          31.60          0.00           84.00          3.00           2.00           3.11           
15        8         2020      21.80          31.80          1.20           83.00          3.70           1.00           3.07           
16        8         2020      22.80          31.40          0.00           82.00          7.00           2.00           4.04           
17        8         2020      22.00          28.40          0.00           77.00          7.50           2.00           4.05           
18        8         2020      20.90          30.00          0.00           83.00          4.00           3.00           3.43           
19        8         2020      20.80          29.90          0.00           82.00          8.00           2.00           4.10           
20        8         2020      22.30          30.00          0.00           82.00          8.50           2.00           4.27           
21        8         2020      21.00          33.00          0.00           76.00          5.80           1.00           3.77           
22        8         2020      20.40          32.40          0.00           77.00          9.00           2.00           4.73           
23        8         2020      20.00          32.40          0.00           79.00          9.00           1.00           4.41           
24        8         2020      21.00          31.80          0.00           81.00          8.20           2.00           4.41           
25        8         2020      21.20          33.00          0.00           80.00          9.00           2.00           4.76           
26        8         2020      16.30          30.20          0.00           72.00          9.40           3.00           5.00           
27        8         2020      20.00          30.00          0.00           78.00          9.50           2.00           4.61           
28        8         2020      19.90          32.30          0.00           81.00          8.80           2.00           4.61           
29        8         2020      22.00          31.00          0.00           79.00          4.50           2.00           3.69           
30        8         2020      19.90          30.80          0.00           79.00          6.00           2.00           3.97           
31        8         2020      20.00          30.60          0.00           62.00          9.00           2.00           5.10           
1         9         2020      21.20          30.40          0.00           70.00          8.50           2.00           4.79           
2         9         2020      23.40          28.00          0.50           80.00          5.50           2.00           3.73           
3         9         2020      23.00          33.00          0.00           72.00          1.00           2.00           3.39           
4         9         2020      23.20          33.20          4.00           72.00          6.50           2.00           4.65           
5         9         2020      20.30          32.20          0.00           70.00          9.00           2.00           5.09           
6         9         2020      20.10          31.60          0.00           69.00          9.00           2.00           5.06           
7         9         2020      22.20          31.00          0.00           71.00          8.50           2.00           4.92           
8         9         2020      21.80          31.40          0.00           69.00          7.00           2.00           4.70           
9         9         2020      22.00          32.10          0.00           69.00          8.00           2.00           4.99           
10        9         2020      22.20          30.60          0.00           66.00          7.50           2.00           4.86           
11        9         2020      21.00          32.00          0.00           69.00          7.20           2.00           4.80           
12        9         2020      21.00          33.20          0.00           68.00          8.50           2.00           5.25           
13        9         2020      22.30          33.40          0.00           68.00          5.00           2.00           4.53           
14        9         2020      20.60          32.00          0.00           65.00          4.00           1.00           3.69           
15        9         2020      20.00          32.40          0.00           61.00          8.50           3.00           5.92           
16        9         2020      20.00          32.00          0.00           63.00          9.00           2.00           5.39           
17        9         2020      20.00          32.00          0.00           65.00          9.00           2.00           5.34           
18        9         2020      21.20          34.40          0.00           67.00          8.50           2.00           5.47           
19        9         2020      21.90          33.80          0.00           66.00          7.00           1.00           4.56           
20        9         2020      22.80          33.00          0.00           65.00          5.50           2.00           4.78           
21        9         2020      24.10          32.80          0.00           67.00          7.00           3.00           5.52           
22        9         2020      22.80          27.00          31.80          89.00          7.00           1.00           3.88           
23        9         2020      23.50          31.20          12.50          74.00          0.50           2.00           3.18           
24        9         2020      22.60          31.60          0.00           71.00          8.00           2.00           5.04           
25        9         2020      23.00          32.00          0.30           73.00          8.50           2.00           5.15           
26        9         2020      23.00          32.00          0.00           70.00          8.00           2.00           5.13           
27        9         2020      23.00          32.00          0.00           66.00          8.00           2.00           5.27           
28        9         2020      24.00          31.40          0.00           67.00          9.20           1.00           5.07           
29        9         2020      23.60          30.20          0.00           73.00          9.50           2.00           5.26           
30        9         2020      23.00          31.20          4.80           78.00          8.00           2.00           4.83           
1         10        2020      23.00          32.40          1.50           81.00          7.00           2.00           4.60           
2         10        2020      22.40          32.60          0.00           77.00          6.00           2.00           4.50           
3         10        2020      22.10          31.00          0.10           78.00          8.00           3.00           4.98           
4         10        2020      23.00          28.60          0.40           78.00          8.00           2.00           4.63           
5         10        2020      22.80          31.70          0.00           80.00          1.00           2.00           3.12           
6         10        2020      23.00          31.30          0.50           79.00          4.00           3.00           4.10           
7         10        2020      20.80          29.75          0.00           70.00          3.00           2.00           3.82           
8         10        2020      22.60          28.20          2.00           85.00          8.00           2.00           4.37           
9         10        2020      22.00          31.20          0.00           77.00          1.00           2.00           3.22           
10        10        2020      23.60          28.80          0.00           86.00          5.50           2.00           3.83           
11        10        2020      22.40          32.20          10.00          76.00          0.50           2.00           3.21           
12        10        2020      22.10          32.20          33.00          84.00          7.50           2.00           4.62           
13        10        2020      23.20          34.00          0.00           79.00          4.50           3.00           4.50           
14        10        2020      23.00          31.20          0.00           80.00          9.00           2.00           5.07           
15        10        2020      22.80          32.60          0.00           79.00          9.00           2.00           5.23           
16        10        2020      22.80          31.00          0.00           76.00          8.60           2.00           5.08           
17        10        2020      23.20          32.50          0.00           79.00          8.70           2.00           5.17           
18        10        2020      23.00          30.60          0.00           86.00          4.00           2.00           3.58           
19        10        2020      23.00          30.20          0.00           87.00          2.00           1.00           2.90           
20        10        2020      23.00          31.20          34.70          87.00          0.50           1.00           2.54           
21        10        2020      23.00          31.40          0.30           92.00          4.50           2.00           3.55           
22        10        2020      22.10          31.70          26.50          83.00          4.00           2.00           3.77           
23        10        2020      22.40          31.40          0.00           81.00          6.00           1.00           4.12           
24        10        2020      22.70          32.60          0.00           80.00          6.00           1.00           4.23           
25        10        2020      23.00          32.20          1.00           83.00          8.00           1.00           4.71           
26        10        2020      23.00          31.40          0.00           86.00          6.00           1.00           4.07           
27        10        2020      23.40          31.20          0.50           80.00          5.00           1.00           3.90           
28        10        2020      22.80          31.80          0.00           81.00          1.50           2.00           3.25           
29        10        2020      22.40          33.00          0.00           81.00          6.00           1.00           4.23           
30        10        2020      22.90          34.00          23.00          87.00          5.80           1.00           4.17           
31        10        2020      23.00          32.20          13.50          86.00          4.00           1.00           3.58           
1         11        2020      22.40          32.00          5.00           87.00          2.50           1.00           3.12           
2         11        2020      22.20          30.60          31.00          82.00          3.20           1.00           3.33           
3         11        2020      24.00          32.00          0.00           84.00          2.00           1.00           3.07           
4         11        2020      22.30          31.80          1.00           81.00          4.00           1.00           3.62           
5         11        2020      23.80          33.20          0.00           81.00          4.50           2.00           4.12           
6         11        2020      22.60          33.40          3.00           82.00          6.00           2.00           4.47           
7         11        2020      24.00          33.80          0.00           80.00          7.50           2.00           5.00           
8         11        2020      23.70          32.40          0.00           78.00          7.50           1.00           4.68           
9         11        2020      22.00          32.80          0.00           80.00          5.50           3.00           4.57           
10        11        2020      23.40          32.00          0.00           77.00          9.50           3.00           5.59           
11        11        2020      23.70          30.40          3.50           84.00          9.00           2.00           4.92           
12        11        2020      23.20          33.20          0.00           81.00          3.50           1.00           3.59           
13        11        2020      23.17          33.20          0.00           84.00          9.50           1.00           5.19           
14        11        2020      23.20          32.60          13.50          84.00          7.00           1.00           4.46           
15        11        2020      23.20          32.00          3.00           86.00          8.00           2.00           4.72           
16        11        2020      23.17          33.60          25.50          79.00          5.00           1.00           4.05           
17        11        2020      22.70          33.50          0.00           80.00          9.00           2.00           5.30           
18        11        2020      24.00          32.40          4.20           85.00          8.50           2.00           4.94           
19        11        2020      23.60          34.00          2.50           82.00          7.80           1.00           4.82           
20        11        2020      23.20          32.00          39.00          84.00          7.00           1.00           4.41           
21        11        2020      23.40          33.20          0.00           83.00          4.00           1.00           3.69           
22        11        2020      23.80          30.20          9.00           93.00          6.00           1.00           3.91           
23        11        2020      21.90          32.00          11.00          90.00          2.50           0.00           2.95           
24        11        2020      23.20          29.80          0.00           87.00          6.00           1.00           3.95           
25        11        2020      23.00          29.00          0.00           90.00          3.50           1.00           3.20           
26        11        2020      23.20          29.20          3.00           86.00          1.00           0.00           2.46           
27        11        2020      22.50          30.80          4.00           83.00          1.50           1.00           2.87           
28        11        2020      23.60          30.60          0.00           88.00          3.00           1.00           3.19           
29        11        2020      24.00          29.40          23.00          89.00          4.50           0.00           3.51           
30        11        2020      23.00          26.80          0.00           89.00          0.60           1.00           2.38           
1         12        2020      21.80          30.20          0.00           84.00          0.50           1.00           2.56           
2         12        2020      21.40          32.20          0.00           87.00          6.00           1.00           4.04           
3         12        2020      23.40          30.80          45.50          87.00          4.00           1.00           3.48           
4         12        2020      22.90          30.20          37.00          90.00          3.50           1.00           3.25           
5         12        2020      22.76          31.00          0.00           89.00          3.50           0.00           3.23           
6         12        2020      22.60          30.20          38.50          86.00          2.10           1.00           2.94           
7         12        2020      23.20          30.00          1.00           82.00          1.50           2.00           3.09           
8         12        2020      22.40          31.60          4.50           74.00          2.00           4.00           4.30           
9         12        2020      22.40          29.00          9.00           84.00          3.00           2.00           3.30           
10        12        2020      23.80          30.80          3.00           84.00          0.50           1.00           2.60           
11        12        2020      23.80          30.40          0.00           89.00          3.00           2.00           3.22           
12        12        2020      23.40          30.40          2.50           90.00          4.50           0.00           3.52           
13        12        2020      22.76          31.00          24.50          87.00          2.50           1.00           3.07           
14        12        2020      22.60          31.00          11.50          94.00          1.70           1.00           2.71           
15        12        2020      21.90          28.00          1.70           94.00          0.00           0.00           2.15           
16        12        2020      22.76          27.40          6.00           92.00          0.50           1.00           2.31           
17        12        2020      22.70          29.40          4.00           89.00          0.20           1.00           2.36           
18        12        2020      23.00          27.90          0.00           87.00          2.70           0.00           2.90           
19        12        2020      22.40          28.00          13.00          90.00          1.30           1.00           2.57           
20        12        2020      22.50          28.40          7.30           90.00          0.50           1.00           2.38           
21        12        2020      22.76          30.40          0.00           82.00          3.55           1.00           3.41           
22        12        2020      22.50          31.40          0.50           83.00          6.00           1.00           4.08           
23        12        2020      23.50          30.80          4.00           82.00          9.50           1.00           5.01           
24        12        2020      22.00          31.00          0.00           82.00          8.50           1.00           4.70           
25        12        2020      21.50          31.40          0.00           80.00          8.50           2.00           4.91           
26        12        2020      22.20          32.20          0.00           78.00          7.30           1.00           4.53           
27        12        2020      23.20          31.00          1.00           82.00          5.10           2.00           4.04           
28        12        2020      23.40          30.20          7.40           86.00          8.00           2.00           4.55           
29        12        2020      23.50          31.60          1.00           86.00          4.10           1.00           3.57           
30        12        2020      23.40          26.20          20.00          93.00          6.00           0.00           3.81           
31        12        2020      23.00          31.00          19.50          86.00          0.00           1.00           2.43           
1         1         2021      23.00          31.40          4.00           88.00          6.00           1.00           4.03           
2         1         2021      23.40          32.00          28.00          88.00          4.10           0.00           3.46           
3         1         2021      23.00          30.20          7.00           88.00          1.50           2.00           2.87           
4         1         2021      23.20          29.80          5.40           89.00          4.00           1.00           3.39           
5         1         2021      22.00          29.00          20.00          90.00          1.50           1.00           2.66           
6         1         2021      22.50          31.60          40.90          87.00          1.50           1.00           2.84           
7         1         2021      22.40          28.80          29.50          92.00          5.50           0.00           3.74           
8         1         2021      23.20          30.40          6.10           85.00          0.50           2.00           2.76           
9         1         2021      23.00          29.00          5.50           90.00          2.90           1.00           3.05           
10        1         2021      23.20          29.20          21.60          91.00          0.50           1.00           2.40           
11        1         2021      23.50          31.60          10.50          94.00          0.50           1.00           2.43           
12        1         2021      23.40          31.40          52.00          87.00          4.00           1.00           3.53           
13        1         2021      23.20          27.40          8.50           93.00          4.50           1.00           3.35           
14        1         2021      22.80          28.50          19.50          92.00          0.00           0.00           2.18           
15        1         2021      22.40          27.20          19.00          89.00          2.70           0.00           2.89           
16        1         2021      21.80          28.00          30.50          92.00          0.00           1.00           2.20           
17        1         2021      22.20          30.80          3.00           90.00          0.50           1.00           2.48           
18        1         2021      22.75          30.20          13.00          88.00          4.50           1.00           3.57           
19        1         2021      22.10          30.00          10.50          85.00          1.00           1.00           2.68           
20        1         2021      22.80          31.50          0.00           86.00          2.00           1.00           3.00           
21        1         2021      23.60          30.80          5.00           84.00          4.00           0.00           3.39           
22        1         2021      23.00          31.40          0.00           86.00          5.50           1.00           3.96           
23        1         2021      22.30          30.80          0.00           82.00          6.50           1.00           4.22           
24        1         2021      22.80          30.40          2.30           82.00          1.50           1.00           2.90           
25        1         2021      22.00          29.60          0.00           84.00          2.50           1.00           3.08           
26        1         2021      22.50          31.00          0.00           84.00          1.50           2.00           3.09           
27        1         2021      22.60          29.80          18.50          90.00          7.50           2.00           4.28           
28        1         2021      22.40          30.20          6.50           89.00          1.00           0.00           2.50           
29        1         2021      23.00          30.40          10.50          85.00          4.60           1.00           3.68           
30        1         2021      23.20          29.40          1.50           82.00          2.50           2.00           3.33           
31        1         2021      22.00          32.60          0.50           84.00          0.50           1.00           2.68           
1         2         2021      22.70          31.80          0.50           88.00          7.00           2.00           4.40           
2         2         2021      22.10          32.00          1.50           78.00          6.20           1.00           4.29           
3         2         2021      23.00          31.40          14.50          86.00          5.80           1.00           4.05           
4         2         2021      22.80          31.80          42.00          84.00          3.00           2.00           3.53           
5         2         2021      21.90          31.60          24.00          82.00          7.50           2.00           4.70           
6         2         2021      22.80          31.20          2.40           80.00          4.50           2.00           4.01           
7         2         2021      22.60          32.20          0.00           78.00          3.50           2.00           3.91           
8         2         2021      24.70          30.80          0.00           79.00          4.50           3.00           4.28           
9         2         2021      23.20          30.40          41.60          86.00          2.00           1.00           2.97           
10        2         2021      23.20          28.40          0.00           88.00          2.00           1.00           2.85           
11        2         2021      22.60          31.00          0.60           85.00          0.00           2.00           2.68           
12        2         2021      22.80          28.40          2.00           89.00          5.20           1.00           3.67           
13        2         2021      23.50          30.00          4.50           87.00          0.70           1.00           2.58           
14        2         2021      22.40          30.60          0.00           84.00          5.20           1.00           3.86           
15        2         2021      22.80          32.40          0.00           82.00          4.25           1.00           3.75           
16        2         2021      22.80          32.80          0.60           82.00          6.70           1.00           4.45           
17        2         2021      22.10          30.40          2.00           86.00          4.50           1.00           3.61           
18        2         2021      21.80          32.00          5.40           82.00          4.50           1.00           3.77           
19        2         2021      23.40          31.40          4.00           82.00          9.00           1.00           5.00           
20        2         2021      23.00          31.20          0.00           82.00          7.00           1.00           4.42           
21        2         2021      23.00          32.80          0.00           77.00          2.20           1.00           3.30           
22        2         2021      22.00          28.20          1.50           88.00          4.25           1.00           3.39           
23        2         2021      23.00          28.40          3.30           90.00          0.20           0.00           2.23           
24        2         2021      22.00          29.80          18.40          90.00          0.00           1.00           2.30           
25        2         2021      21.40          30.40          5.00           80.00          3.70           3.00           3.93           
26        2         2021      22.60          32.80          1.80           84.00          3.80           1.00           3.59           
27        2         2021      22.20          31.60          2.00           83.00          6.20           1.00           4.17           
28        2         2021      23.00          30.60          29.00          86.00          5.50           1.00           3.90           
1         3         2021      23.00          31.40          0.40           80.00          3.00           1.00           3.37           
2         3         2021      22.40          33.00          0.00           82.00          2.00           1.00           3.13           
3         3         2021      21.80          32.60          6.70           83.00          6.50           2.00           4.47           
4         3         2021      21.00          32.60          54.00          87.00          5.60           1.00           3.97           
5         3         2021      23.00          32.50          1.90           86.00          1.50           1.00           2.89           
6         3         2021      22.40          32.20          0.20           84.00          6.10           2.00           4.30           
7         3         2021      22.00          31.00          39.00          93.00          6.50           1.00           4.03           
8         3         2021      22.00          31.90          29.00          86.00          4.00           1.00           3.51           
9         3         2021      21.90          32.00          1.80           86.00          6.80           1.00           4.27           
10        3         2021      23.10          32.20          0.00           82.00          1.00           2.00           3.08           
11        3         2021      22.80          32.00          0.00           86.00          2.80           1.00           3.20           
12        3         2021      20.80          33.40          39.50          82.00          4.50           1.00           3.76           
13        3         2021      21.60          30.90          0.00           86.00          6.30           2.00           4.11           
14        3         2021      21.90          31.80          1.00           85.00          6.00           1.00           4.03           
15        3         2021      22.00          33.20          8.00           84.00          6.50           1.00           4.27           
16        3         2021      22.40          32.20          39.00          88.00          8.00           1.00           4.56           
17        3         2021      22.00          32.00          16.00          90.00          5.00           1.00           3.68           
18        3         2021      22.44          31.80          0.00           88.00          4.70           1.00           3.62           
19        3         2021      21.40          31.60          25.50          84.00          5.20           2.00           3.94           
20        3         2021      22.40          31.80          4.00           88.00          8.50           1.00           4.63           
21        3         2021      22.80          31.40          28.00          84.00          5.20           1.00           3.78           
22        3         2021      22.60          33.20          0.00           85.00          7.20           1.00           4.41           
23        3         2021      23.60          32.60          0.00           83.00          7.00           1.00           4.37           
24        3         2021      23.00          32.80          0.50           78.00          7.50           1.00           4.55           
25        3         2021      23.30          32.30          0.00           83.00          8.80           1.00           4.80           
26        3         2021      22.00          32.00          3.00           81.00          6.50           1.00           4.14           
27        3         2021      23.20          34.00          0.50           84.00          6.50           1.00           4.27           
28        3         2021      23.00          32.00          0.00           82.00          6.00           1.00           4.01           
29        3         2021      22.80          33.50          0.00           83.00          8.70           1.00           4.80           
30        3         2021      23.90          32.60          0.70           88.00          5.50           1.00           3.84           
31        3         2021      23.20          32.40          2.30           86.00          2.50           1.00           3.03           
1         4         2021      23.20          32.00          0.20           86.00          8.00           1.00           4.45           
2         4         2021      22.60          31.00          3.30           84.00          5.00           0.00           3.43           
3         4         2021      23.80          34.50          0.00           81.00          3.30           1.00           3.43           
4         4         2021      23.10          33.50          4.60           83.00          5.80           1.00           3.98           
5         4         2021      23.00          32.59          9.40           80.00          8.00           1.00           4.51           
6         4         2021      23.60          31.90          0.00           84.00          7.30           1.00           4.24           
7         4         2021      23.40          31.80          40.50          87.00          1.30           1.00           2.62           
8         4         2021      23.00          33.20          3.00           83.00          2.10           1.00           2.96           
9         4         2021      22.20          33.40          1.00           81.00          6.00           1.00           3.97           
10        4         2021      22.80          32.40          23.50          81.00          8.50           1.00           4.54           
11        4         2021      22.20          32.00          5.00           82.00          6.00           1.00           3.84           
12        4         2021      21.80          32.40          0.00           79.00          3.20           1.00           3.21           
13        4         2021      22.12          33.20          0.00           84.00          3.00           1.00           3.11           
14        4         2021      22.00          32.80          10.00          83.00          5.00           2.00           3.82           
15        4         2021      23.00          31.20          0.00           86.00          7.00           1.00           3.96           
16        4         2021      23.00          32.60          28.50          78.00          7.20           2.00           4.48           
17        4         2021      22.50          32.00          0.00           79.00          9.30           2.00           4.83           
18        4         2021      22.12          32.00          0.00           86.00          6.50           1.00           3.82           
19        4         2021      22.20          32.80          3.00           81.00          4.20           1.00           3.38           
20        4         2021      20.80          32.00          0.00           78.00          9.00           2.00           4.70           
21        4         2021      19.00          33.50          0.00           75.00          9.50           2.00           5.00           
22        4         2021      20.50          33.20          0.00           72.00          10.00          2.00           5.18           
23        4         2021      19.20          32.40          0.00           77.00          9.50           2.00           4.79           
24        4         2021      19.20          32.20          0.00           78.00          9.20           2.00           4.67           
25        4         2021      21.60          32.40          0.00           83.00          9.00           1.00           4.37           
26        4         2021      22.80          33.40          19.50          80.00          4.50           1.00           3.45           
27        4         2021      22.00          34.40          0.00           75.00          7.30           2.00           4.61           
28        4         2021      22.30          31.60          0.00           80.00          9.00           1.00           4.33           
29        4         2021      22.40          33.20          0.00           81.00          8.00           1.00           4.20           
30        4         2021      22.20          32.00          0.00           83.00          5.50           1.00           3.49           
1         5         2021      22.60          33.40          1.00           84.00          5.50           1.00           3.56           
2         5         2021      21.00          33.00          25.00          83.00          6.50           1.00           3.73           
3         5         2021      21.40          36.00          4.50           83.00          6.00           2.00           4.14           
4         5         2021      22.20          33.40          0.00           81.00          8.00           1.00           4.14           
5         5         2021      23.20          33.20          0.00           83.00          6.40           2.00           3.96           
6         5         2021      22.60          32.40          0.00           85.00          5.40           1.00           3.41           
7         5         2021      22.40          32.20          0.00           80.00          5.00           0.00           3.03           
8         5         2021      23.00          34.60          0.00           79.00          6.10           2.00           4.13           
9         5         2021      19.00          33.40          0.00           79.00          6.00           2.00           3.94           
10        5         2021      22.40          32.00          0.00           78.00          8.80           2.00           4.44           
11        5         2021      21.80          32.00          1.00           80.00          7.50           1.00           3.84           
12        5         2021      23.20          33.00          0.00           78.00          7.60           2.00           4.29           
13        5         2021      22.40          32.00          0.00           78.00          7.00           2.00           4.05           
14        5         2021      22.70          32.40          0.00           79.00          6.60           2.00           3.97           
15        5         2021      23.00          32.60          0.00           80.00          8.00           1.00           3.98           
16        5         2021      23.20          31.80          0.00           79.00          9.00           1.00           4.15           
17        5         2021      23.00          32.70          0.00           79.00          9.00           1.00           4.19           
18        5         2021      23.00          31.60          0.00           81.00          6.60           1.00           3.57           
19        5         2021      19.60          32.00          0.00           80.00          7.00           1.00           3.58           
20        5         2021      22.20          31.80          2.50           82.00          2.50           1.00           2.66           
21        5         2021      22.50          33.40          0.00           80.00          7.00           1.00           3.74           
22        5         2021      22.00          33.50          0.00           80.00          8.50           1.00           4.04           
23        5         2021      21.90          33.20          0.00           80.00          8.20           1.00           3.94           
24        5         2021      23.00          31.40          0.00           84.00          5.50           1.00           3.23           
25        5         2021      24.00          32.20          0.00           81.00          4.50           0.00           2.81           
26        5         2021      22.90          33.80          0.00           79.00          3.00           1.00           2.89           
27        5         2021      22.20          33.20          0.00           83.00          6.50           0.00           3.24           
28        5         2021      22.20          32.40          0.00           84.00          6.50           1.00           3.44           
29        5         2021      23.10          32.80          17.00          84.00          5.50           1.00           3.27           
30        5         2021      23.60          32.80          0.00           80.00          4.50           1.00           3.13           
31        5         2021      22.60          32.20          0.00           82.00          6.00           1.00           3.34           
1         6         2021      22.40          32.90          0.00           82.00          5.70           1.00           3.31           
2         6         2021      22.00          34.00          0.00           80.00          7.50           1.00           3.77           
3         6         2021      21.80          34.20          0.00           75.00          9.00           1.00           4.13           
4         6         2021      22.00          34.80          0.00           77.00          8.40           0.00           3.59           
5         6         2021      22.00          34.00          0.00           79.00          8.00           1.00           3.87           
6         6         2021      21.86          34.50          0.00           79.00          6.50           1.00           3.58           
7         6         2021      22.80          32.40          0.00           81.00          6.80           1.00           3.50           
8         6         2021      19.00          35.20          0.00           78.00          6.00           2.00           3.94           
9         6         2021      20.00          35.60          0.00           78.00          7.50           2.00           4.25           
10        6         2021      19.80          31.80          0.00           78.00          6.00           2.00           3.61           
11        6         2021      23.20          32.80          0.00           82.00          4.20           1.00           2.97           
12        6         2021      23.10          33.20          0.00           79.00          4.50           1.00           3.09           
13        6         2021      22.00          33.80          0.00           78.00          9.00           1.00           4.02           
14        6         2021      22.00          33.40          0.00           82.00          6.50           1.00           3.44           
15        6         2021      21.40          33.40          11.50          84.00          6.00           1.00           3.29           
16        6         2021      22.20          32.40          17.20          84.00          6.50           1.00           3.35           
17        6         2021      21.90          31.00          15.00          85.00          5.50           1.00           3.04           
18        6         2021      21.80          31.00          0.50           85.00          0.50           1.00           2.05           
19        6         2021      21.00          32.00          28.00          87.00          5.80           1.00           3.11           
20        6         2021      21.80          32.60          33.20          84.00          5.00           1.00           3.04           
21        6         2021      21.50          32.00          0.00           85.00          5.20           1.00           3.03           
22        6         2021      21.00          31.40          35.80          84.00          5.90           1.00           3.13           
23        6         2021      22.60          34.00          0.00           83.00          6.00           1.00           3.37           
24        6         2021      22.00          32.50          0.40           86.00          6.00           1.00           3.22           
25        6         2021      23.00          33.00          20.00          88.00          4.50           2.00           3.08           
26        6         2021      23.60          33.20          0.40           85.00          2.50           1.00           2.57           
27        6         2021      22.00          32.40          31.00          83.00          4.70           1.00           2.99           
28        6         2021      22.40          32.00          0.00           88.00          6.90           1.00           3.36           
29        6         2021      21.60          31.40          6.50           85.00          3.50           1.00           2.66           
30        6         2021      21.90          32.00          0.00           81.00          4.80           2.00           3.31           
1         7         2021      22.40          33.20          0.00           82.00          6.30           2.00           3.67           
2         7         2021      21.80          32.80          0.00           80.00          8.30           1.00           3.79           
3         7         2021      21.80          30.00          0.00           80.00          8.00           2.00           3.77           
4         7         2021      21.06          30.60          0.00           82.00          6.50           1.00           3.25           
5         7         2021      21.40          29.50          0.00           78.00          8.80           2.00           3.92           
6         7         2021      19.00          31.00          0.00           82.00          9.00           1.00           3.69           
7         7         2021      18.40          34.60          0.00           79.00          5.80           2.00           3.81           
8         7         2021      21.00          30.40          0.00           80.00          8.50           1.00           3.66           
9         7         2021      21.40          32.00          0.00           84.00          8.50           1.00           3.74           
10        7         2021      23.80          31.00          7.00           85.00          5.00           1.00           3.03           
10        7         2021      23.80          31.00          7.00           85.00          5.00           1.00           3.03           
11        7         2021      22.00          34.20          18.30          74.00          2.10           1.00           2.77           
12        7         2021      21.20          32.00          0.00           82.00          8.80           1.00           3.84           
13        7         2021      22.80          31.40          0.00           81.00          6.85           2.00           3.71           
14        7         2021      21.60          31.00          0.00           78.00          8.50           2.00           4.06           
15        7         2021      22.00          31.00          0.00           71.00          8.00           2.00           4.21           
16        7         2021      20.30          31.60          0.00           79.00          6.85           2.00           3.77           
17        7         2021      20.80          31.20          0.00           84.00          5.60           1.00           3.15           
18        7         2021      21.06          30.40          0.00           81.00          5.00           2.00           3.29           
19        7         2021      21.00          31.00          0.00           84.00          0.50           1.00           2.13           
20        7         2021      20.40          33.20          0.00           81.00          6.00           1.00           3.41           
21        7         2021      21.20          31.40          0.00           78.00          6.80           1.00           3.52           
22        7         2021      22.00          31.80          0.00           81.00          8.00           2.00           4.02           
23        7         2021      23.20          31.00          0.00           82.00          5.50           0.00           3.00           
24        7         2021      21.00          32.20          0.00           77.00          5.00           2.00           3.62           
25        7         2021      20.20          31.30          0.00           77.00          9.00           2.00           4.26           
26        7         2021      16.50          33.40          0.00           79.00          8.70           1.00           3.95           
27        7         2021      18.60          32.00          0.00           76.00          8.50           1.00           3.90           
28        7         2021      19.00          31.50          0.00           81.00          8.50           1.00           3.83           
29        7         2021      20.60          30.60          0.00           79.00          9.00           2.00           4.19           
30        7         2021      20.10          32.60          0.00           82.00          7.20           2.00           3.94           
31        7         2021      22.50          30.00          12.00          81.00          5.00           2.00           3.39           
1         8         2021      22.80          30.00          2.00           86.00          4.00           2.00           3.02           
2         8         2021      21.40          31.20          0.00           81.00          3.00           2.00           3.08           
3         8         2021      21.90          29.00          1.50           88.00          6.00           1.00           3.22           
4         8         2021      22.60          30.40          0.00           85.00          0.50           2.00           2.40           
5         8         2021      22.20          31.40          2.70           86.00          6.50           1.00           3.53           
6         8         2021      22.00          34.00          0.00           78.00          2.50           1.00           2.92           
7         8         2021      21.20          33.00          0.00           77.00          7.00           1.00           3.85           
7         8         2021      21.20          33.00          0.00           77.00          7.00           1.00           3.85           
8         8         2021      21.90          33.40          0.00           83.00          6.40           2.00           3.94           
9         8         2021      22.20          32.40          0.00           81.00          6.00           2.00           3.85           
10        8         2021      22.80          30.00          0.00           80.00          8.50           2.00           4.22           
11        8         2021      21.00          31.20          0.00           79.00          9.00           3.00           4.61           
12        8         2021      21.00          30.40          0.00           82.00          8.50           3.00           4.30           
13        8         2021      21.40          30.40          0.00           82.00          5.50           2.00           3.57           
14        8         2021      22.40          31.30          1.00           84.00          3.80           2.00           3.24           
15        8         2021      21.30          33.40          0.00           80.00          6.60           2.00           4.15           
16        8         2021      21.80          31.40          0.00           79.00          7.00           2.00           4.11           
17        8         2021      22.20          31.80          0.00           78.00          7.60           2.00           4.32           
18        8         2021      21.80          33.20          0.00           80.00          8.50           2.00           4.58           
19        8         2021      22.50          31.00          0.00           75.00          7.20           3.00           4.58           
20        8         2021      22.40          29.80          0.00           80.00          7.50           2.00           4.10           
21        8         2021      22.20          31.00          0.00           80.00          5.60           2.00           3.81           
22        8         2021      21.90          30.60          2.10           79.00          8.50           2.00           4.42           
23        8         2021      21.10          31.00          0.00           80.00          7.80           3.00           4.45           
24        8         2021      20.00          32.40          0.00           78.00          8.70           2.00           4.64           
25        8         2021      19.90          30.00          0.00           79.00          8.90           3.00           4.60           
26        8         2021      21.80          30.20          0.00           74.00          8.70           2.00           4.63           
27        8         2021      19.80          32.20          0.00           83.00          9.20           2.00           4.60           
28        8         2021      23.10          32.00          0.00           78.00          6.40           2.00           4.23           
29        8         2021      22.00          31.00          0.00           83.00          5.00           2.00           3.65           
30        8         2021      23.80          31.20          0.00           77.00          8.50           2.00           4.70           
31        8         2021      22.00          32.20          0.00           77.00          5.50           2.00           4.09           
1         9         2021      21.20          32.20          0.00           75.00          9.50           3.00           5.28           
2         9         2021      21.40          30.00          0.00           79.00          10.00          2.00           4.80           
3         9         2021      23.20          30.70          0.00           78.00          9.00           3.00           4.94           
4         9         2021      20.40          30.80          0.00           80.00          7.50           2.00           4.30           
5         9         2021      22.06          29.60          0.00           79.00          6.80           3.00           4.32           
6         9         2021      21.20          32.80          0.00           82.00          2.50           2.00           3.32           
7         9         2021      20.60          32.00          0.00           80.00          6.50           2.00           4.23           
8         9         2021      23.00          31.80          0.00           80.00          8.50           2.00           4.74           
9         9         2021      20.60          31.00          0.00           74.00          9.20           2.00           4.93           
10        9         2021      22.00          32.70          0.00           76.00          6.80           2.00           4.55           
11        9         2021      21.60          32.00          0.00           82.00          7.00           2.00           4.33           
12        9         2021      22.00          29.20          8.70           87.00          4.00           1.00           3.18           
13        9         2021      22.80          32.40          10.50          84.00          5.20           2.00           3.91           
14        9         2021      23.00          32.00          0.00           86.00          5.20           1.00           3.70           
15        9         2021      22.00          33.40          98.00          82.00          4.60           1.00           3.67           
16        9         2021      22.00          31.40          0.00           78.00          6.50           2.00           4.35           
17        9         2021      22.60          31.00          0.00           81.00          8.00           2.00           4.59           
18        9         2021      22.60          31.00          0.00           79.00          7.00           3.00           4.62           
18        9         2021      22.60          31.00          0.00           79.00          7.00           3.00           4.62           
19        9         2021      22.30          31.40          0.00           77.00          8.00           2.00           4.76           
20        9         2021      22.40          31.20          0.00           76.00          8.00           2.00           4.79           
21        9         2021      23.00          32.20          0.00           84.00          7.50           2.00           4.52           
22        9         2021      22.06          33.00          0.00           77.00          3.60           1.00           3.52           
23        9         2021      23.00          33.00          8.40           84.00          9.00           2.00           4.99           
24        9         2021      22.40          32.20          0.00           84.00          5.50           1.00           3.88           
25        9         2021      23.20          30.00          8.00           83.00          2.50           2.00           3.22           
26        9         2021      23.00          33.00          0.00           82.00          2.60           1.00           3.21           
27        9         2021      23.10          31.00          0.00           78.00          6.50           2.00           4.43           
28        9         2021      22.00          30.80          0.00           77.00          7.00           2.00           4.54           
29        9         2021      20.40          30.80          0.00           82.00          4.00           2.00           3.64           
30        9         2021      20.00          31.00          0.00           82.00          7.00           2.00           4.35           
1         10        2021      19.20          32.00          0.00           74.00          4.00           2.00           4.03           
2         10        2021      22.90          31.60          0.00           76.00          8.40           2.00           5.03           
3         10        2021      23.20          30.00          0.50           80.00          6.40           2.00           4.29           
4         10        2021      23.00          29.80          0.00           83.00          2.60           2.00           3.26           
5         10        2021      21.50          31.00          0.00           83.00          1.30           2.00           3.02           
6         10        2021      22.50          28.40          0.50           81.00          4.80           2.00           3.76           
7         10        2021      22.50          28.00          0.50           79.00          0.40           2.00           2.81           
8         10        2021      20.00          31.40          0.00           76.00          0.20           2.00           3.08           
9         10        2021      21.80          30.40          0.00           76.00          8.00           2.00           4.82           
10        10        2021      23.40          31.80          0.00           78.00          8.30           2.00           5.01           
11        10        2021      21.40          33.20          0.00           76.00          8.00           2.00           5.08           
12        10        2021      22.20          32.20          0.00           76.00          9.00           2.00           5.25           
13        10        2021      22.40          31.00          0.00           76.00          8.80           1.00           4.86           
14        10        2021      21.20          31.80          0.00           79.00          8.50           2.00           4.97           
15        10        2021      23.00          32.40          0.00           80.00          5.00           1.00           3.93           
16        10        2021      24.00          33.80          0.00           73.00          5.60           1.00           4.32           
17        10        2021      24.60          34.80          0.00           80.00          6.50           1.00           4.56           
18        10        2021      22.60          35.00          0.00           80.00          6.00           1.00           4.38           
19        10        2021      24.00          32.80          4.50           84.00          6.70           2.00           4.54           
20        10        2021      22.00          33.40          0.00           80.00          5.61           2.00           4.42           
21        10        2021      21.20          33.50          0.00           78.00          9.00           2.00           5.32           
22        10        2021      20.40          33.20          0.00           79.00          8.20           2.00           5.04           
23        10        2021      23.20          33.50          0.00           78.00          8.00           2.00           5.13           
24        10        2021      22.50          33.20          0.00           80.00          8.20           1.00           4.85           
25        10        2021      24.00          32.40          0.00           77.00          4.80           2.00           4.28           
26        10        2021      22.00          32.00          0.00           83.00          4.50           2.00           3.92           
27        10        2021      22.40          30.80          0.00           88.00          2.50           1.00           3.04           
28        10        2021      22.90          34.00          13.20          83.00          2.30           2.00           3.52           
29        10        2021      22.40          32.20          13.50          81.00          5.20           1.00           3.97           
30        10        2021      23.00          31.40          10.00          84.00          6.40           1.00           4.21           
31        10        2021      23.00          32.00          0.00           84.00          0.60           2.00           2.91           
1         11        2021      23.10          32.00          18.00          83.00          2.20           1.00           3.13           
2         11        2021      22.60          31.40          43.40          90.00          2.20           1.00           2.96           
3         11        2021      22.80          32.60          12.60          88.00          3.70           1.00           3.48           
4         11        2021      22.60          32.60          18.50          82.00          4.50           1.00           3.79           
5         11        2021      23.70          31.40          3.30           86.00          4.50           1.00           3.69           
6         11        2021      23.20          32.00          0.00           83.00          2.20           1.00           3.13           
7         11        2021      23.20          32.40          0.00           84.00          4.50           1.00           3.76           
8         11        2021      24.00          32.40          0.00           86.00          3.50           1.00           3.47           
9         11        2021      22.80          32.00          1.00           84.00          0.70           1.00           2.70           
10        11        2021      24.00          30.80          0.00           86.00          5.50           1.00           3.94           
11        11        2021      23.20          32.30          3.70           94.00          2.70           1.00           3.07           
12        11        2021      22.20          28.60          93.70          88.00          1.00           0.00           2.44           
13        11        2021      22.80          30.20          35.00          90.00          0.10           1.00           2.34           
14        11        2021      23.00          33.80          0.60           94.00          2.60           0.00           3.09           
15        11        2021      23.20          30.80          58.50          92.00          1.80           1.00           2.79           
16        11        2021      23.00          30.20          19.00          93.00          1.00           1.00           2.52           
17        11        2021      22.85          31.60          23.50          87.00          2.00           1.00           2.97           
18        11        2021      22.90          31.20          14.50          88.00          4.50           1.00           3.61           
19        11        2021      22.20          31.80          29.00          87.00          4.80           1.00           3.73           
20        11        2021      23.00          28.20          79.00          93.00          5.50           0.00           3.75           
21        11        2021      22.80          31.80          8.50           85.00          0.00           1.00           2.48           
22        11        2021      22.80          33.40          16.00          83.00          4.50           1.00           3.82           
23        11        2021      22.30          32.00          4.80           88.00          6.50           0.00           4.13           
24        11        2021      22.80          31.40          34.00          85.00          5.50           0.00           3.80           
25        11        2021      23.00          30.60          1.90           91.00          6.00           1.00           3.94           
26        11        2021      23.20          28.40          2.50           92.00          6.00           1.00           3.80           
27        11        2021      23.00          31.20          23.50          90.00          1.20           1.00           2.68           
28        11        2021      22.30          28.00          5.80           90.00          4.00           0.00           3.26           
29        11        2021      21.00          30.20          8.70           88.00          1.00           1.00           2.60           
30        11        2021      22.00          29.40          31.00          89.00          2.50           1.00           2.95           
1         12        2021      23.00          31.00          0.00           78.00          3.00           1.00           3.38           
2         12        2021      22.80          31.00          0.00           76.00          6.00           2.00           4.46           
3         12        2021      23.80          30.80          0.00           83.00          7.80           1.00           4.57           
4         12        2021      24.00          31.90          5.10           87.00          0.00           1.00           2.45           
5         12        2021      23.20          29.60          11.50          85.00          0.00           1.00           2.40           
6         12        2021      23.00          28.20          4.00           88.00          0.80           0.00           2.38           
7         12        2021      22.40          32.40          14.50          71.00          0.60           1.00           2.96           
8         12        2021      22.60          32.90          2.40           74.00          4.50           1.00           3.92           
9         12        2021      23.60          32.00          3.70           76.00          5.40           2.00           4.41           
10        12        2021      23.20          32.40          0.00           75.00          5.80           1.00           4.23           
11        12        2021      23.40          32.20          0.50           73.00          7.20           1.00           4.61           
12        12        2021      24.00          31.90          0.00           75.00          7.80           1.00           4.75           
13        12        2021      23.60          31.80          1.40           71.00          5.80           1.00           4.26           
14        12        2021      23.00          30.20          0.00           79.00          7.80           1.00           4.54           
15        12        2021      23.00          28.40          10.50          90.00          4.50           1.00           3.42           
16        12        2021      22.80          32.20          10.10          83.00          0.00           1.00           2.54           
17        12        2021      22.30          31.20          7.30           82.00          4.10           0.00           3.34           
18        12        2021      23.00          32.40          6.50           78.00          3.00           0.00           3.07           
19        12        2021      23.00          32.00          52.50          80.00          4.70           1.00           3.83           
20        12        2021      23.60          31.60          25.00          86.00          4.50           1.00           3.68           
21        12        2021      23.10          31.60          33.00          85.00          1.00           1.00           2.74           
22        12        2021      22.80          31.90          13.30          75.00          1.00           2.00           3.37           
23        12        2021      23.00          32.40          0.00           78.00          3.80           1.00           3.66           
24        12        2021      22.40          32.40          1.20           78.00          4.00           1.00           3.70           
25        12        2021      23.50          33.00          1.50           76.00          4.70           1.00           3.98           
26        12        2021      22.40          31.20          0.00           76.00          4.00           1.00           3.66           
27        12        2021      23.80          30.40          4.00           81.00          7.80           1.00           4.57           
28        12        2021      23.20          31.40          3.80           73.00          5.00           1.00           4.00           
29        12        2021      23.30          31.20          17.00          77.00          7.50           1.00           4.57           
30        12        2021      23.20          30.20          0.00           81.00          3.50           1.00           3.42           
31        12        2021      23.00          30.80          12.50          81.00          2.20           1.00           3.11           
1         1         2022      21.80          31.80          11.30          84.00          2.70           1.00           3.21           
2         1         2022      23.40          32.00          1.30           86.00          5.50           1.00           3.98           
3         1         2022      22.60          31.80          4.50           81.00          3.70           2.00           3.79           
4         1         2022      23.00          30.50          0.80           82.00          6.80           2.00           4.41           
5         1         2022      21.90          32.00          0.00           76.00          4.80           1.00           3.91           
6         1         2022      22.00          32.20          0.00           78.00          8.40           1.00           4.83           
7         1         2022      21.70          30.80          0.00           79.00          5.70           2.00           4.25           
8         1         2022      24.00          32.00          0.50           78.00          4.00           1.00           3.73           
9         1         2022      23.30          32.40          0.00           81.00          8.00           2.00           4.93           
10        1         2022      22.60          32.00          15.60          87.00          3.70           1.00           3.46           
11        1         2022      22.50          30.50          26.50          90.00          5.80           1.00           3.89           
12        1         2022      22.60          31.00          1.00           81.00          3.30           2.00           3.64           
13        1         2022      22.80          33.20          0.00           81.00          4.00           1.00           3.72           
14        1         2022      22.30          32.50          0.80           82.00          5.50           2.00           4.26           
15        1         2022      23.00          32.00          0.00           89.00          7.30           1.00           4.44           
16        1         2022      21.60          34.40          2.50           85.00          4.10           2.00           3.95           
17        1         2022      22.00          32.60          26.30          88.00          5.40           2.00           4.02           
18        1         2022      22.10          30.40          17.50          92.00          4.80           1.00           3.58           
19        1         2022      22.20          31.20          26.00          86.00          2.50           1.00           3.11           
20        1         2022      23.00          29.30          11.50          91.00          6.70           1.00           4.07           
21        1         2022      22.40          30.10          8.40           86.00          1.60           1.00           2.83           
22        1         2022      22.30          30.40          0.80           84.00          2.90           1.00           3.22           
23        1         2022      23.50          29.60          16.80          88.00          0.50           1.00           2.49           
24        1         2022      23.00          31.80          0.10           76.00          3.00           2.00           3.84           
25        1         2022      22.40          32.00          0.00           80.00          9.50           2.00           5.30           
26        1         2022      23.00          33.00          0.00           82.00          5.10           1.00           4.02           
27        1         2022      21.80          31.40          0.50           87.00          6.80           1.00           4.26           
28        1         2022      23.40          31.20          1.30           92.00          5.00           1.00           3.73           
29        1         2022      22.40          32.50          5.50           83.00          3.00           2.00           3.61           
30        1         2022      23.00          31.20          2.00           84.00          4.10           1.00           3.61           
31        1         2022      23.00          31.60          0.00           85.00          6.00           1.00           4.13           
1         2         2022      22.60          32.20          3.40           84.00          8.00           1.00           4.72           
2         2         2022      21.80          33.00          25.00          83.00          4.80           1.00           3.89           
3         2         2022      22.00          32.80          57.00          82.00          6.50           1.00           4.36           
4         2         2022      21.90          30.20          37.50          85.00          5.50           1.00           3.88           
5         2         2022      22.00          30.40          5.00           89.00          2.10           1.00           2.92           
6         2         2022      22.20          30.60          8.90           89.00          3.00           1.00           3.18           
7         2         2022      22.20          30.90          49.00          84.00          1.30           2.00           3.04           
8         2         2022      23.00          33.40          0.70           80.00          2.60           2.00           3.70           
9         2         2022      23.00          32.00          6.80           81.00          5.00           1.00           3.95           
10        2         2022      23.20          31.10          12.60          83.00          4.80           1.00           3.82           
11        2         2022      23.00          29.60          0.50           86.00          2.30           1.00           3.01           
12        2         2022      23.40          31.60          0.00           86.00          0.10           1.00           2.50           
13        2         2022      23.00          31.20          7.00           87.00          0.90           1.00           2.68           
14        2         2022      22.90          32.00          21.50          90.00          2.50           1.00           3.10           
15        2         2022      23.50          30.40          23.00          88.00          0.00           1.00           2.38           
16        2         2022      23.20          31.20          1.50           88.00          2.20           1.00           3.02           
17        2         2022      20.40          31.20          12.20          86.00          6.00           2.00           4.12           
18        2         2022      23.00          32.00          0.80           83.00          4.00           1.00           3.64           
19        2         2022      22.90          32.80          2.10           82.00          4.10           1.00           3.73           
20        2         2022      23.50          30.80          16.80          87.00          7.00           1.00           4.35           
21        2         2022      23.90          30.40          0.10           85.00          1.80           1.00           2.94           
22        2         2022      23.00          31.00          5.00           82.00          1.70           1.00           2.98           
23        2         2022      21.50          31.60          0.00           80.00          9.00           2.00           5.11           
24        2         2022      22.80          30.40          4.20           87.00          9.00           2.00           4.82           
25        2         2022      22.20          31.80          0.50           81.00          7.50           1.00           4.57           
26        2         2022      22.00          31.50          0.00           86.00          7.50           2.00           4.54           
27        2         2022      21.40          32.00          19.60          86.00          5.80           1.00           4.02           
28        2         2022      21.20          31.80          6.90           81.00          6.00           1.00           4.13           
1         3         2022      20.90          29.80          0.50           84.00          5.50           1.00           3.81           
2         3         2022      22.50          32.00          0.10           86.00          7.50           2.00           4.59           
3         3         2022      22.50          31.20          0.10           86.00          5.50           2.00           4.01           
4         3         2022      23.20          32.00          5.00           82.00          7.00           1.00           4.45           
5         3         2022      23.50          31.80          0.00           81.00          7.00           2.00           4.63           
6         3         2022      23.00          30.00          0.50           87.00          6.50           1.00           4.10           
7         3         2022      22.80          30.40          9.00           87.00          2.50           1.00           3.04           
8         3         2022      22.50          31.50          10.30          88.00          4.20           2.00           3.61           
9         3         2022      24.10          32.00          1.80           85.00          5.60           2.00           4.15           
10        3         2022      23.00          31.00          4.50           88.00          5.27           1.00           3.79           
11        3         2022      22.40          32.40          2.00           82.00          0.90           1.00           2.77           
12        3         2022      22.20          31.00          1.80           89.00          6.00           1.00           3.94           
13        3         2022      22.80          31.40          15.30          87.00          3.50           1.00           3.33           
14        3         2022      22.80          32.10          1.50           84.00          5.10           1.00           3.85           
15        3         2022      22.50          30.40          3.50           89.00          6.00           1.00           3.89           
16        3         2022      23.00          30.80          21.30          88.00          2.30           1.00           2.95           
17        3         2022      23.00          33.00          0.00           86.00          4.30           2.00           3.79           
18        3         2022      23.60          32.80          0.30           81.00          8.00           1.00           4.72           
19        3         2022      23.20          31.10          0.00           85.00          6.50           1.00           4.12           
20        3         2022      23.10          30.60          17.50          87.00          5.00           1.00           3.65           
21        3         2022      23.00          31.20          0.00           90.00          4.00           1.00           3.36           
22        3         2022      23.00          31.00          18.40          84.00          3.80           1.00           3.39           
23        3         2022      22.80          32.80          1.00           84.00          4.10           2.00           3.76           
24        3         2022      23.80          34.00          0.20           80.00          6.70           1.00           4.42           
25        3         2022      23.00          34.00          50.50          87.00          7.60           1.00           4.54           
26        3         2022      22.90          32.40          0.00           86.00          6.00           1.00           3.99           
27        3         2022      23.80          29.00          29.20          91.00          5.30           1.00           3.55           
28        3         2022      22.80          33.00          5.90           81.00          1.00           1.00           2.77           
29        3         2022      22.00          32.40          39.00          84.00          8.00           1.00           4.49           
30        3         2022      23.00          33.20          0.00           80.00          5.50           1.00           3.97           
31        3         2022      23.20          32.10          1.00           87.00          7.30           2.00           4.33           
1         4         2022      21.70          31.20          0.00           90.00          3.60           1.00           3.14           
2         4         2022      21.80          31.60          39.00          88.00          3.80           2.00           3.36           
3         4         2022      21.80          32.00          8.00           82.00          3.00           1.00           3.16           
4         4         2022      21.60          30.80          0.00           86.00          7.70           1.00           4.19           
5         4         2022      22.00          32.40          5.00           84.00          5.10           2.00           3.86           
6         4         2022      22.90          30.50          0.00           84.00          7.50           2.00           4.27           
7         4         2022      22.90          31.20          0.00           81.00          4.50           2.00           3.73           
8         4         2022      23.40          31.20          0.00           84.00          7.20           1.00           4.14           
9         4         2022      23.00          32.00          0.00           85.00          6.00           1.00           3.85           
10        4         2022      23.20          32.40          1.80           84.00          4.50           1.00           3.50           
11        4         2022      22.00          31.80          0.00           77.00          4.70           2.00           3.92           
12        4         2022      22.00          32.20          0.00           81.00          9.00           1.00           4.58           
13        4         2022      22.00          32.00          0.00           78.00          6.00           1.00           3.87           
14        4         2022      22.00          33.20          0.00           81.00          3.60           1.00           3.30           
15        4         2022      22.20          33.20          0.00           83.00          6.70           1.00           4.04           
16        4         2022      22.70          33.20          10.80          88.00          6.30           1.00           3.87           
17        4         2022      21.40          32.70          31.90          82.00          5.80           2.00           3.99           
18        4         2022      22.20          33.00          5.00           89.00          7.40           1.00           4.08           
19        4         2022      22.90          31.00          41.00          88.00          5.30           1.00           3.45           
20        4         2022      23.20          29.60          7.60           87.00          4.10           2.00           3.20           
21        4         2022      23.20          30.10          7.50           92.00          0.00           1.00           2.03           
22        4         2022      22.20          33.20          49.60          86.00          3.20           1.00           3.05           
23        4         2022      22.10          32.00          10.00          84.00          7.00           1.00           3.91           
24        4         2022      23.70          31.00          0.00           88.00          7.50           1.00           3.96           
25        4         2022      23.90          32.00          7.40           83.00          4.10           2.00           3.47           
26        4         2022      23.20          31.60          0.00           86.00          7.70           1.00           4.02           
27        4         2022      22.80          32.00          33.60          86.00          4.70           1.00           3.31           
28        4         2022      23.50          33.20          1.70           82.00          4.50           1.00           3.40           
29        4         2022      23.00          32.00          0.00           86.00          5.20           1.00           3.41           
30        4         2022      22.30          31.80          5.20           88.00          3.30           1.00           2.89           
1         5         2022      23.00          33.20          0.00           84.00          5.60           1.00           3.58           
2         5         2022      23.80          32.40          3.60           81.00          6.60           2.00           4.05           
3         5         2022      22.60          33.00          0.00           78.00          8.70           1.00           4.33           
4         5         2022      23.20          32.50          0.00           83.00          7.70           1.00           4.02           
5         5         2022      23.30          31.60          10.10          86.00          5.20           1.00           3.33           
6         5         2022      23.20          33.00          71.70          86.00          3.00           1.00           2.88           
7         5         2022      23.90          33.20          12.00          85.00          5.50           1.00           3.50           
8         5         2022      24.00          32.70          0.00           87.00          5.70           1.00           3.48           
9         5         2022      23.00          32.70          9.80           84.00          3.80           1.00           3.05           
10        5         2022      24.20          33.00          0.00           85.00          6.00           1.00           3.59           
11        5         2022      24.10          33.10          0.00           81.00          5.40           2.00           3.76           
12        5         2022      24.00          34.20          0.00           85.00          7.80           2.00           4.23           
13        5         2022      24.00          33.40          13.00          84.00          6.20           1.00           3.63           
14        5         2022      24.20          31.90          0.50           84.00          7.00           1.00           3.72           
15        5         2022      23.30          32.00          0.00           83.00          5.80           1.00           3.43           
16        5         2022      23.20          33.20          0.00           79.00          8.60           1.00           4.16           
17        5         2022      22.70          32.60          0.00           84.00          8.60           0.00           3.85           
18        5         2022      23.00          33.00          28.50          85.00          8.60           1.00           4.05           
19        5         2022      23.20          33.00          15.50          88.00          4.20           1.00           3.01           
20        5         2022      23.40          32.40          26.50          88.00          5.00           1.00           3.15           
21        5         2022      23.20          31.80          1.50           87.00          3.00           1.00           2.68           
22        5         2022      22.30          31.80          58.40          82.00          5.30           1.00           3.23           
23        5         2022      22.90          32.00          0.00           72.00          6.70           1.00           3.68           
24        5         2022      22.00          33.60          0.00           82.00          8.80           1.00           4.07           
25        5         2022      22.70          32.20          0.10           85.00          7.10           1.00           3.58           
26        5         2022      22.40          27.60          1.70           91.00          6.50           1.00           3.09           
27        5         2022      22.40          31.20          0.00           84.00          0.00           2.00           2.31           
28        5         2022      23.00          33.30          0.00           77.00          0.80           1.00           2.43           
29        5         2022      22.90          33.40          0.00           79.00          6.80           1.00           3.65           
30        5         2022      22.10          33.20          0.00           78.00          7.00           1.00           3.66           
31        5         2022      22.40          33.80          0.00           78.00          9.00           1.00           4.12           
1         6         2022      22.27          28.00          55.50          89.00          7.00           1.00           3.19           
2         6         2022      22.00          31.50          1.80           85.00          0.50           1.00           2.11           
3         6         2022      21.90          30.60          0.00           82.00          5.80           1.00           3.17           
4         6         2022      22.00          32.50          0.00           88.00          6.00           0.00           3.08           
5         6         2022      22.20          30.00          20.50          86.00          5.00           1.00           2.92           
6         6         2022      22.40          32.00          0.00           82.00          5.00           1.00           3.09           
7         6         2022      22.00          31.80          0.00           81.00          4.30           1.00           2.94           
8         6         2022      23.20          31.40          0.00           85.00          7.70           1.00           3.58           
9         6         2022      23.20          31.60          0.00           85.00          5.60           1.00           3.15           
10        6         2022      22.60          31.80          0.00           84.00          3.80           0.00           2.53           
11        6         2022      22.40          33.20          0.00           86.00          4.80           1.00           3.04           
12        6         2022      22.00          32.20          28.00          86.00          5.60           1.00           3.13           
13        6         2022      22.10          30.50          1.50           84.00          5.00           1.00           2.94           
14        6         2022      22.40          32.30          0.70           86.00          3.50           0.00           2.47           
15        6         2022      22.00          32.80          23.50          82.00          5.70           1.00           3.24           
16        6         2022      23.00          30.60          0.00           90.00          6.50           1.00           3.18           
17        6         2022      22.20          31.00          1.80           86.00          3.60           0.00           2.45           
18        6         2022      22.20          31.20          0.50           83.00          5.50           0.00           2.83           
19        6         2022      22.20          32.00          2.00           86.00          6.60           1.00           3.31           
20        6         2022      22.20          30.60          2.20           83.00          3.50           1.00           2.67           
21        6         2022      21.80          31.40          0.00           79.00          6.80           2.00           3.69           
22        6         2022      21.20          31.10          0.00           76.00          8.80           1.00           3.77           
23        6         2022      21.40          31.40          0.00           81.00          9.00           2.00           4.00           
24        6         2022      23.00          29.20          0.00           79.00          6.90           2.00           3.57           
25        6         2022      23.20          30.80          0.00           76.00          7.70           2.00           3.93           
26        6         2022      23.40          29.20          0.00           84.00          7.00           2.00           3.43           
27        6         2022      23.60          30.20          1.50           81.00          3.50           2.00           2.97           
28        6         2022      22.00          30.00          0.00           77.00          3.40           2.00           3.07           
29        6         2022      21.00          31.00          0.00           75.00          9.50           2.00           4.23           
30        6         2022      21.00          31.20          0.00           80.00          9.50           2.00           4.10           
1         7         2022      21.80          31.00          0.00           78.00          8.80           5.00           4.69           
2         7         2022      22.20          30.50          0.00           85.00          8.30           2.00           3.71           
3         7         2022      22.20          32.90          0.00           86.00          2.30           1.00           2.49           
4         7         2022      22.40          33.20          4.70           79.00          4.50           1.00           3.09           
5         7         2022      22.60          33.40          0.00           84.00          6.00           1.00           3.34           
6         7         2022      21.80          30.50          0.00           82.00          5.00           2.00           3.22           
7         7         2022      20.80          30.70          0.00           81.00          6.90           2.00           3.59           
8         7         2022      19.90          29.40          0.00           76.00          9.30           2.00           4.03           
9         7         2022      18.80          30.00          0.00           75.00          9.50           2.00           4.12           
10        7         2022      18.90          30.00          0.00           78.00          9.30           2.00           4.01           
11        7         2022      20.20          30.80          0.00           80.00          6.30           2.00           3.54           
12        7         2022      21.60          30.20          0.00           82.00          5.30           3.00           3.47           
13        7         2022      21.30          31.90          0.00           83.00          6.30           1.00           3.33           
14        7         2022      20.00          30.20          5.20           84.00          4.70           2.00           3.08           
15        7         2022      22.80          29.80          0.60           84.00          5.50           2.00           3.25           
16        7         2022      22.30          29.40          0.80           82.00          3.50           2.00           2.93           
17        7         2022      21.80          30.20          0.00           81.00          4.00           2.00           3.10           
18        7         2022      22.70          30.00          0.00           79.00          6.20           1.00           3.33           
19        7         2022      22.50          31.60          0.00           77.00          6.00           2.00           3.74           
20        7         2022      21.00          31.80          0.00           77.00          8.20           2.00           4.14           
21        7         2022      21.00          28.20          0.00           81.00          8.00           2.00           3.68           
22        7         2022      22.40          28.90          0.00           80.00          5.00           1.00           3.04           
23        7         2022      21.50          30.20          0.00           82.00          1.20           2.00           2.58           
24        7         2022      21.80          30.40          0.00           78.00          7.10           2.00           3.84           
25        7         2022      17.20          29.20          0.00           78.00          9.00           2.00           3.96           
26        7         2022      17.90          32.20          0.00           76.00          9.00           2.00           4.35           
27        7         2022      18.20          32.00          0.00           80.00          8.50           2.00           4.13           
28        7         2022      21.50          31.80          0.00           80.00          4.20           1.00           3.05           
29        7         2022      21.40          33.00          0.00           77.00          6.50           2.00           4.02           
30        7         2022      22.00          30.20          0.00           81.00          6.50           2.00           3.67           
31        7         2022      21.00          31.20          0.00           75.00          5.50           1.00           3.38           
1         8         2022      19.40          33.50          0.00           70.00          8.10           1.00           4.08           
2         8         2022      20.00          30.00          0.00           84.00          7.10           1.00           3.49           
3         8         2022      22.20          32.00          0.00           82.00          0.00           2.00           2.50           
4         8         2022      21.80          31.00          0.00           77.00          6.10           1.00           3.52           
5         8         2022      19.20          32.20          0.00           76.00          9.40           2.00           4.56           
6         8         2022      19.30          31.90          0.00           78.00          8.50           1.00           4.01           
7         8         2022      20.40          26.80          7.50           88.00          8.70           1.00           3.63           
8         8         2022      22.00          28.20          3.20           84.00          0.50           1.00           2.14           
9         8         2022      21.20          29.30          0.00           78.00          4.50           1.00           3.11           
10        8         2022      22.80          31.00          0.50           81.00          7.60           2.00           4.09           
11        8         2022      22.80          32.00          0.00           80.00          5.40           1.00           3.49           
12        8         2022      22.60          32.40          0.50           84.00          4.60           1.00           3.27           
13        8         2022      22.40          33.00          0.00           88.00          4.30           1.00           3.17           
14        8         2022      22.00          31.80          3.00           84.00          4.80           1.00           3.29           
15        8         2022      21.80          31.60          41.40          84.00          6.00           1.00           3.55           
16        8         2022      22.00          32.90          0.00           82.00          5.30           1.00           3.52           
17        8         2022      21.90          29.80          1.50           80.00          5.10           2.00           3.57           
18        8         2022      22.00          29.60          0.00           80.00          7.80           3.00           4.27           
19        8         2022      22.20          30.20          0.00           79.00          7.20           2.00           4.09           
20        8         2022      21.50          31.20          0.00           74.00          7.30           3.00           4.66           
21        8         2022      22.00          30.80          0.00           79.00          8.70           2.00           4.47           
22        8         2022      20.80          31.00          0.00           77.00          5.00           1.00           3.45           
23        8         2022      20.60          31.60          0.00           77.00          8.40           3.00           4.78           
24        8         2022      20.00          31.40          0.00           79.00          7.50           1.00           4.00           
25        8         2022      22.80          29.20          0.00           77.00          8.60           2.00           4.45           
26        8         2022      21.80          30.00          0.00           80.00          4.00           2.00           3.44           
27        8         2022      21.80          29.40          0.00           79.00          4.20           2.00           3.48           
28        8         2022      21.90          30.60          0.00           74.00          4.70           2.00           3.86           
29        8         2022      21.20          30.40          0.00           82.00          5.50           2.00           3.73           
30        8         2022      21.51          30.83          8.00           84.00          5.20           1.00           3.47           
31        8         2022      23.00          30.00          0.20           82.00          2.90           1.00           2.97           
1         9         2022      22.10          32.60          8.90           80.00          5.20           2.00           3.96           
2         9         2022      22.40          33.00          0.00           77.00          6.20           1.00           4.01           
3         9         2022      22.20          31.20          0.00           78.00          8.10           2.00           4.57           
4         9         2022      22.40          30.40          0.00           82.00          7.20           1.00           4.03           
5         9         2022      22.20          31.80          0.00           79.00          5.20           1.00           3.69           
6         9         2022      22.00          31.60          0.00           77.00          3.30           2.00           3.61           
7         9         2022      21.90          30.60          0.00           83.00          5.70           2.00           3.85           
8         9         2022      24.40          32.20          0.00           83.00          5.40           2.00           3.97           
9         9         2022      21.70          32.20          81.80          89.00          4.70           1.00           3.45           
10        9         2022      22.20          31.20          17.10          89.00          4.30           2.00           3.39           
11        9         2022      22.40          31.20          42.40          90.00          3.50           2.00           3.17           
12        9         2022      20.40          33.20          10.10          84.00          0.20           1.00           2.46           
13        9         2022      23.00          30.80          0.00           79.00          8.00           2.00           4.61           
14        9         2022      22.40          30.80          0.00           77.00          8.50           3.00           4.99           
15        9         2022      22.60          28.40          0.00           82.00          9.20           1.00           4.51           
16        9         2022      22.70          32.20          0.00           78.00          1.30           2.00           3.22           
17        9         2022      20.80          31.80          0.00           82.00          6.20           2.00           4.16           
18        9         2022      20.60          31.60          0.00           80.00          8.50           2.00           4.74           
19        9         2022      23.20          30.40          0.00           80.00          8.30           1.00           4.52           
20        9         2022      22.80          29.80          1.50           85.00          6.60           2.00           4.06           
21        9         2022      22.80          30.20          0.00           83.00          3.20           2.00           3.37           
22        9         2022      23.00          29.40          2.50           84.00          2.80           2.00           3.19           
23        9         2022      23.50          30.80          0.00           81.00          3.70           2.00           3.63           
24        9         2022      23.00          30.20          0.00           81.00          7.20           2.00           4.40           
25        9         2022      22.40          30.00          0.00           82.00          4.80           3.00           3.93           
26        9         2022      23.60          29.40          0.20           80.00          7.60           2.00           4.50           
27        9         2022      23.00          29.80          0.00           79.00          8.50           1.00           4.60           
28        9         2022      22.60          31.20          0.00           76.00          8.10           2.00           4.88           
29        9         2022      23.00          31.00          0.00           80.00          8.60           2.00           4.87           
30        9         2022      23.20          30.80          0.00           90.00          6.00           1.00           3.90           
1         10        2022      23.20          30.40          16.00          91.00          3.80           1.00           3.27           
2         10        2022      23.20          30.60          49.50          91.00          2.60           1.00           2.96           
3         10        2022      22.51          28.50          5.70           86.00          2.50           0.00           2.79           
4         10        2022      22.90          31.00          36.00          83.00          0.90           2.00           2.92           
5         10        2022      22.20          30.40          0.20           87.00          5.00           1.00           3.65           
6         10        2022      22.00          30.40          0.00           93.00          5.10           2.00           3.53           
7         10        2022      22.00          30.50          4.00           83.00          0.00           2.00           2.68           
8         10        2022      21.90          30.60          12.10          88.00          3.90           1.00           3.35           
9         10        2022      23.10          31.40          0.80           85.00          4.30           2.00           3.73           
10        10        2022      23.70          30.80          0.50           87.00          5.60           1.00           3.90           
11        10        2022      23.00          31.00          6.00           83.00          4.30           1.00           3.61           
12        10        2022      22.51          30.40          0.00           85.00          4.00           2.00           3.58           
13        10        2022      22.70          29.60          42.50          88.00          4.80           2.00           3.62           
14        10        2022      22.40          29.00          1.50           85.00          3.10           2.00           3.27           
15        10        2022      23.30          30.20          35.10          88.00          5.10           2.00           3.75           
16        10        2022      23.00          30.40          10.80          87.00          4.50           2.00           3.65           
17        10        2022      23.30          26.00          17.00          94.00          4.40           0.00           3.36           
18        10        2022      23.20          24.90          49.60          95.00          0.00           1.00           2.04           
19        10        2022      21.20          30.80          130.00         92.00          0.00           1.00           2.27           
20        10        2022      23.20          30.80          0.00           90.00          4.10           1.00           3.45           
21        10        2022      23.40          30.00          28.50          94.00          3.20           0.00           3.16           
22        10        2022      21.80          31.60          19.70          84.00          1.20           1.00           2.80           
23        10        2022      22.60          32.00          1.50           84.00          6.50           1.00           4.26           
24        10        2022      23.20          30.80          46.00          92.00          5.50           1.00           3.81           
25        10        2022      23.20          30.40          15.00          85.00          0.70           1.00           2.61           
26        10        2022      23.40          29.70          2.40           86.00          5.30           1.00           3.79           
27        10        2022      22.70          29.70          4.70           85.00          3.40           1.00           3.29           
28        10        2022      21.20          29.40          0.00           81.00          3.20           2.00           3.47           
29        10        2022      20.00          29.20          0.00           80.00          8.50           1.00           4.53           
30        10        2022      22.00          30.20          0.40           81.00          3.90           1.00           3.50           
31        10        2022      19.90          29.40          0.00           82.00          6.50           1.00           4.03           
1         11        2022      20.00          31.00          0.00           82.00          6.00           1.00           4.01           
2         11        2022      23.40          31.10          7.00           84.00          2.80           2.00           3.41           
3         11        2022      23.40          31.80          0.00           83.00          3.30           1.00           3.42           
4         11        2022      23.20          32.20          13.50          82.00          4.00           1.00           3.65           
5         11        2022      23.00          32.00          2.10           86.00          4.80           1.00           3.78           
6         11        2022      24.00          33.00          0.00           86.00          2.50           2.00           3.39           
7         11        2022      23.00          32.80          27.50          91.00          3.30           1.00           3.32           
8         11        2022      22.20          31.40          65.00          88.00          3.50           1.00           3.34           
9         11        2022      22.20          29.60          24.00          89.00          3.30           1.00           3.18           
10        11        2022      22.80          31.60          0.00           84.00          0.50           2.00           2.86           
11        11        2022      23.40          30.60          0.50           88.00          3.60           1.00           3.35           
12        11        2022      22.80          31.00          13.00          90.00          3.50           1.00           3.30           
13        11        2022      22.20          29.50          9.00           93.00          4.10           1.00           3.31           
14        11        2022      22.60          31.80          10.50          89.00          2.00           1.00           2.94           
15        11        2022      23.00          31.00          2.00           88.00          4.70           1.00           3.66           
16        11        2022      23.00          30.70          2.30           92.00          1.80           1.00           2.78           
17        11        2022      23.00          32.40          10.60          88.00          3.80           1.00           3.49           
18        11        2022      23.00          30.40          49.10          84.00          2.90           1.00           3.22           
19        11        2022      22.00          29.00          16.50          89.00          1.30           1.00           2.62           
20        11        2022      21.70          32.00          0.80           83.00          1.00           1.00           2.79           
21        11        2022      22.90          32.00          1.20           83.00          5.70           1.00           4.06           
22        11        2022      23.80          31.90          17.00          86.00          5.90           1.00           4.10           
23        11        2022      22.80          28.60          0.00           90.00          5.30           0.00           3.67           
24        11        2022      22.70          29.20          2.70           90.00          0.50           0.00           2.32           
25        11        2022      22.40          32.00          47.00          88.00          1.40           1.00           2.80           
26        11        2022      22.30          30.20          11.80          88.00          5.00           1.00           3.67           
27        11        2022      23.00          30.80          58.50          91.00          3.80           1.00           3.35           
28        11        2022      23.00          28.60          25.60          92.00          4.50           1.00           3.40           
29        11        2022      22.90          30.00          3.60           88.00          0.80           1.00           2.56           
30        11        2022      23.00          28.40          2.80           90.00          3.00           1.00           3.04           
1         12        2022      23.30          30.00          0.00           79.00          0.80           1.00           2.75           
2         12        2022      21.80          30.80          0.00           80.00          4.50           2.00           3.92           
3         12        2022      23.80          31.80          0.00           80.00          7.10           1.00           4.49           
4         12        2022      23.40          30.00          0.00           89.00          7.00           1.00           4.20           
5         12        2022      23.00          31.40          9.50           94.00          1.00           0.00           2.53           
6         12        2022      22.40          30.40          12.00          87.00          3.10           1.00           3.19           
7         12        2022      22.80          31.80          13.70          85.00          3.50           1.00           3.42           
8         12        2022      23.10          32.40          1.70           83.00          3.10           1.00           3.38           
9         12        2022      22.30          31.40          5.50           76.00          6.50           2.00           4.59           
10        12        2022      22.10          30.90          0.00           80.00          9.20           2.00           5.04           
11        12        2022      23.80          32.40          1.00           82.00          8.80           2.00           5.09           
12        12        2022      23.00          32.20          3.00           82.00          7.00           1.00           4.43           
13        12        2022      23.40          32.20          7.00           85.00          6.20           0.00           4.05           
14        12        2022      23.20          32.00          31.50          88.00          6.30           1.00           4.15           
15        12        2022      22.20          30.80          10.50          89.00          5.00           1.00           3.67           
16        12        2022      23.00          26.60          0.00           93.00          6.50           1.00           3.79           
17        12        2022      22.50          30.80          40.20          85.00          0.00           1.00           2.44           
18        12        2022      23.20          31.40          2.00           82.00          4.50           1.00           3.72           
19        12        2022      22.40          32.40          0.00           81.00          7.30           1.00           4.51           
20        12        2022      22.30          31.90          0.00           78.00          8.00           1.00           4.69           
21        12        2022      23.40          31.60          1.00           80.00          8.60           1.00           4.85           
22        12        2022      22.90          31.00          13.00          88.00          8.60           1.00           4.69           
23        12        2022      22.70          31.40          0.00           86.00          0.00           1.00           2.44           
24        12        2022      20.70          30.40          14.30          85.00          1.10           1.00           2.69           
25        12        2022      22.00          27.80          0.00           90.00          2.50           1.00           2.86           
26        12        2022      22.60          31.00          10.70          89.00          0.00           2.00           2.49           
27        12        2022      21.40          29.00          0.00           91.00          0.50           1.00           2.37           
28        12        2022      23.20          30.20          1.20           85.00          0.00           1.00           2.43           
29        12        2022      22.00          29.20          41.00          88.00          3.80           1.00           3.29           
30        12        2022      22.10          29.80          1.90           83.00          2.00           2.00           3.15           
31        12        2022      23.80          30.10          0.00           72.00          1.00           4.00           4.12           
1         1         2023      25.00          30.60          0.00           75.00          4.10           3.00           4.37           
2         1         2023      23.20          30.70          4.30           85.00          4.70           1.00           3.69           
3         1         2023      22.70          30.40          24.00          86.00          1.70           2.00           3.01           
4         1         2023      23.00          30.20          18.00          81.00          3.60           2.00           3.66           
5         1         2023      22.60          31.20          0.00           83.00          8.10           2.00           4.75           
6         1         2023      23.00          30.20          0.00           84.00          7.00           2.00           4.37           
7         1         2023      20.50          30.40          1.00           84.00          4.10           1.00           3.47           
8         1         2023      21.80          30.60          1.00           82.00          5.60           1.00           3.94           
9         1         2023      22.00          31.80          0.00           80.00          8.60           0.00           4.62           
10        1         2023      21.80          31.80          0.00           78.00          7.30           1.00           4.51           
11        1         2023      21.80          31.60          5.50           78.00          9.00           1.00           4.94           
12        1         2023      22.20          31.00          0.00           78.00          8.70           1.00           4.83           
13        1         2023      21.80          31.60          0.00           80.00          9.00           1.00           4.92           
14        1         2023      22.80          31.60          0.00           83.00          9.20           2.00           5.08           
15        1         2023      23.80          31.80          5.50           82.00          7.30           1.00           4.55           
16        1         2023      23.40          32.00          0.00           86.00          3.20           1.00           3.36           
17        1         2023      23.60          31.20          15.50          88.00          4.80           1.00           3.73           
18        1         2023      23.20          30.00          4.10           86.00          6.20           0.00           4.00           
19        1         2023      23.00          32.00          0.00           86.00          3.80           1.00           3.52           
20        1         2023      23.00          31.40          6.00           85.00          7.00           1.00           4.38           
21        1         2023      22.80          32.10          0.30           84.00          4.10           1.00           3.64           
22        1         2023      23.30          31.90          0.00           79.00          7.30           1.00           4.59           
23        1         2023      22.80          33.20          0.00           76.00          8.90           1.00           5.13           
24        1         2023      25.00          32.70          0.00           78.00          9.50           1.00           5.34           
25        1         2023      24.20          32.40          0.00           82.00          5.80           1.00           4.21           
26        1         2023      23.80          31.80          2.00           95.00          5.30           1.00           3.82           
27        1         2023      22.00          29.60          36.20          88.00          0.00           1.00           2.34           
28        1         2023      23.50          30.00          2.00           90.00          0.30           1.00           2.41           
29        1         2023      22.20          32.00          36.10          88.00          1.50           1.00           2.85           
30        1         2023      23.20          32.20          19.30          90.00          4.30           1.00           3.62           
31        1         2023      22.40          29.00          6.70           85.00          2.10           1.00           2.94           
1         2         2023      21.00          30.80          21.50          88.00          0.40           1.00           2.49           
2         2         2023      23.00          32.20          2.20           86.00          2.80           1.00           3.27           
3         2         2023      23.00          30.80          4.00           83.00          3.70           1.00           3.50           
4         2         2023      22.60          29.00          0.00           89.00          2.30           1.00           2.92           
5         2         2023      23.40          28.20          0.60           87.00          0.50           0.00           2.33           
6         2         2023      21.00          30.00          9.10           85.00          0.00           1.00           2.42           
7         2         2023      21.40          30.60          2.00           93.00          1.20           1.00           2.60           
8         2         2023      22.80          33.00          27.00          89.00          2.00           0.00           2.88           
9         2         2023      22.40          31.00          42.00          90.00          2.70           1.00           3.10           
10        2         2023      22.60          31.20          9.90           87.00          3.50           1.00           3.39           
11        2         2023      22.60          31.00          7.00           86.00          4.50           1.00           3.67           
12        2         2023      22.80          33.00          3.60           86.00          5.00           0.00           3.78           
13        2         2023      22.20          29.10          52.80          88.00          3.90           1.00           3.36           
14        2         2023      22.70          30.20          18.10          89.00          0.30           1.00           2.43           
15        2         2023      23.00          28.00          1.90           94.00          3.20           1.00           3.03           
16        2         2023      22.60          29.60          43.30          90.00          0.00           1.00           2.30           
17        2         2023      22.00          30.20          11.10          87.00          2.10           1.00           2.94           
18        2         2023      23.00          30.00          1.30           88.00          1.50           1.00           2.77           
19        2         2023      23.00          31.10          0.90           90.00          4.30           1.00           3.55           
20        2         2023      22.50          30.60          5.00           84.00          6.00           1.00           4.07           
21        2         2023      22.80          33.00          0.00           81.00          5.50           1.00           4.14           
22        2         2023      23.00          31.60          0.00           83.00          8.10           1.00           4.73           
23        2         2023      22.90          30.90          6.20           86.00          3.50           2.00           3.51           
24        2         2023      24.40          30.20          0.10           92.00          5.50           1.00           3.84           
25        2         2023      23.20          34.40          7.50           87.00          1.70           2.00           3.24           
26        2         2023      22.90          30.40          44.00          82.00          5.50           2.00           4.11           
27        2         2023      23.40          30.80          15.40          82.00          3.90           3.00           3.92           
28        2         2023      23.20          31.60          0.00           84.00          4.30           1.00           3.67           
1         3         2023      22.00          29.40          20.50          87.00          3.40           1.00           3.23           
2         3         2023      22.40          29.60          5.30           89.00          3.80           1.00           3.32           
3         3         2023      21.80          31.90          1.20           82.00          2.50           1.00           3.20           
4         3         2023      22.60          31.20          0.00           80.00          8.30           1.00           4.74           
5         3         2023      23.00          30.60          0.00           86.00          6.00           1.00           4.02           
6         3         2023      23.60          30.10          8.10           88.00          4.00           1.00           3.43           
7         3         2023      21.80          31.60          3.00           82.00          7.70           1.00           4.54           
8         3         2023      22.30          32.20          0.00           81.00          8.70           1.00           4.88           
9         3         2023      23.10          32.00          0.00           78.00          7.30           1.00           4.55           
10        3         2023      21.60          33.00          0.00           78.00          8.70           1.00           4.93           
11        3         2023      22.70          32.60          0.00           79.00          7.30           2.00           4.79           
12        3         2023      21.40          32.90          0.00           78.00          8.70           1.00           4.90           
13        3         2023      21.50          31.80          0.00           73.00          8.70           1.00           4.87           
14        3         2023      22.00          32.60          0.00           82.00          6.70           2.00           4.51           
15        3         2023      22.90          32.80          0.00           78.00          5.90           1.00           4.19           
16        3         2023      23.20          32.70          0.00           82.00          7.00           1.00           4.43           
17        3         2023      22.40          32.30          3.50           83.00          5.60           1.00           3.98           
18        3         2023      22.40          32.60          0.00           85.00          6.00           1.00           4.07           
19        3         2023      22.80          32.80          15.50          86.00          6.10           1.00           4.10           
20        3         2023      23.60          33.00          69.00          81.00          5.10           2.00           4.17           
21        3         2023      23.40          34.40          0.00           82.00          5.60           1.00           4.13           
22        3         2023      24.20          33.10          0.00           80.00          7.30           1.00           4.56           
23        3         2023      24.00          31.80          19.60          88.00          6.70           1.00           4.18           
24        3         2023      23.00          33.40          0.00           86.00          3.00           1.00           3.26           
25        3         2023      22.80          32.50          0.00           85.00          5.70           1.00           3.94           
26        3         2023      22.70          31.80          4.00           87.00          6.00           1.00           3.93           
27        3         2023      22.40          31.80          1.80           91.00          5.00           1.00           3.59           
28        3         2023      22.20          31.00          14.10          90.00          4.00           1.00           3.28           
29        3         2023      22.40          33.60          1.40           84.00          2.00           1.00           2.99           
30        3         2023      23.40          32.00          11.00          80.00          7.00           1.00           4.29           
31        3         2023      22.80          32.20          0.00           78.00          7.40           1.00           4.40           
1         4         2023      23.40          28.60          0.70           89.00          4.90           1.00           3.40           
2         4         2023      22.70          31.20          33.00          86.00          0.30           1.00           2.38           
3         4         2023      23.10          30.60          0.90           86.00          3.80           1.00           3.25           
4         4         2023      23.30          31.90          1.00           84.00          1.00           1.00           2.62           
5         4         2023      22.70          32.60          0.00           83.00          4.80           1.00           3.64           
6         4         2023      22.80          30.20          0.00           87.00          6.20           1.00           3.78           
7         4         2023      23.00          31.00          9.20           86.00          2.60           1.00           2.93           
8         4         2023      22.40          32.30          0.00           82.00          4.40           1.00           3.50           
9         4         2023      22.50          32.60          0.00           78.00          8.70           1.00           4.63           
10        4         2023      23.00          31.20          17.60          85.00          8.80           1.00           4.49           
11        4         2023      22.80          31.60          5.90           84.00          6.00           1.00           3.81           
12        4         2023      22.40          31.30          6.80           88.00          8.20           1.00           4.26           
13        4         2023      22.10          27.20          72.00          90.00          5.00           1.00           3.18           
14        4         2023      21.00          29.40          4.00           90.00          0.00           1.00           2.08           
15        4         2023      23.00          31.20          1.50           84.00          1.20           1.00           2.57           
16        4         2023      22.60          33.40          0.00           84.00          6.00           1.00           3.86           
17        4         2023      22.80          32.90          0.00           86.00          7.70           1.00           4.22           
18        4         2023      22.40          31.80          7.20           80.00          4.50           1.00           3.43           
19        4         2023      22.40          32.80          0.00           80.00          7.50           1.00           4.20           
20        4         2023      23.20          32.40          0.00           79.00          8.40           1.00           4.41           
21        4         2023      23.40          32.80          0.00           86.00          9.00           1.00           4.51           
22        4         2023      24.20          32.40          1.00           81.00          5.20           2.00           3.86           
23        4         2023      23.20          33.20          1.80           82.00          6.10           1.00           3.83           
24        4         2023      23.60          35.40          2.00           81.00          6.50           1.00           4.10           
25        4         2023      24.00          34.00          0.00           83.00          7.00           1.00           4.10           
26        4         2023      23.80          32.00          5.20           84.00          7.10           1.00           3.95           
27        4         2023      23.80          33.20          0.60           84.00          5.00           1.00           3.51           
28        4         2023      24.20          31.60          1.40           86.00          5.80           1.00           3.58           
29        4         2023      23.20          29.80          6.00           94.00          5.00           1.00           3.12           
30        4         2023      22.20          33.00          5.70           85.00          1.00           1.00           2.46           
1         5         2023      22.80          31.80          43.20          87.00          7.00           1.00           3.78           
2         5         2023      22.20          32.60          10.40          86.00          7.00           1.00           3.81           
3         5         2023      23.40          32.80          1.50           88.00          4.80           1.00           3.29           
4         5         2023      24.60          32.40          2.20           90.00          5.20           1.00           3.36           
5         5         2023      23.80          32.20          41.00          84.00          4.30           2.00           3.40           
6         5         2023      23.20          31.80          0.00           84.00          6.50           1.00           3.66           
7         5         2023      23.40          30.70          3.60           82.00          5.00           2.00           3.49           
8         5         2023      22.30          33.20          0.00           82.00          5.70           1.00           3.54           
9         5         2023      22.40          30.60          0.00           80.00          7.00           1.00           3.68           
10        5         2023      23.80          31.20          0.00           86.00          1.50           1.00           2.42           
11        5         2023      23.80          31.20          0.00           87.00          0.80           1.00           2.24           
12        5         2023      24.20          30.70          0.50           78.00          3.50           2.00           3.30           
13        5         2023      22.80          30.40          0.00           80.00          2.40           2.00           2.96           
14        5         2023      20.40          30.40          0.00           65.00          9.00           2.00           4.62           
15        5         2023      21.40          30.60          0.00           79.00          8.40           1.00           3.88           
16        5         2023      21.00          30.60          0.00           80.00          8.50           1.00           3.86           
17        5         2023      19.20          31.40          0.00           77.00          6.50           1.00           3.49           
18        5         2023      19.80          31.20          0.00           78.00          8.00           1.00           3.76           
19        5         2023      20.60          31.70          0.00           77.00          5.80           1.00           3.39           
20        5         2023      20.20          32.80          0.00           78.00          7.00           2.00           4.01           
21        5         2023      21.00          32.80          0.00           76.00          8.50           2.00           4.37           
22        5         2023      21.00          32.20          0.00           75.00          8.50           2.00           4.33           
23        5         2023      20.80          32.40          0.00           76.00          9.00           1.00           4.05           
24        5         2023      21.20          33.20          0.00           79.00          6.60           1.00           3.59           
25        5         2023      21.80          31.40          0.00           78.00          6.40           2.00           3.76           
26        5         2023      21.60          32.00          0.00           63.00          8.50           2.00           4.66           
27        5         2023      21.20          31.80          0.00           71.00          7.30           2.00           4.16           
28        5         2023      21.20          31.20          0.00           75.00          8.00           2.00           4.10           
29        5         2023      22.00          32.00          0.00           58.00          7.50           1.00           3.91           
30        5         2023      21.00          33.00          0.00           62.00          8.80           1.00           4.12           
31        5         2023      21.20          30.80          0.00           68.00          6.90           2.00           4.08           
1         6         2023      21.00          32.00          0.00           82.00          6.30           2.00           3.60           
2         6         2023      21.00          30.80          0.00           80.00          5.50           2.00           3.42           
3         6         2023      22.60          31.80          0.00           67.00          6.20           2.00           4.09           
4         6         2023      23.00          31.00          0.00           79.00          6.60           2.00           3.70           
5         6         2023      22.40          31.20          0.00           79.00          6.20           2.00           3.62           
6         6         2023      22.00          28.80          0.80           87.00          4.50           1.00           2.73           
7         6         2023      22.20          29.20          14.00          78.00          2.20           2.00           2.80           
8         6         2023      23.00          30.80          5.00           83.00          3.10           2.00           2.87           
9         6         2023      22.80          31.20          0.00           84.00          6.80           1.00           3.38           
10        6         2023      22.00          31.00          0.00           82.00          7.10           2.00           3.63           
11        6         2023      21.20          30.40          1.00           80.00          6.50           1.00           3.27           
12        6         2023      23.00          31.20          0.80           75.00          4.70           2.00           3.48           
13        6         2023      22.00          31.40          0.00           82.00          4.80           2.00           3.24           
14        6         2023      22.20          30.20          0.00           72.00          6.50           2.00           3.79           
15        6         2023      22.40          30.60          0.00           74.00          7.50           2.00           3.93           
16        6         2023      22.00          31.80          0.00           78.00          4.50           1.00           3.00           
17        6         2023      20.80          31.90          0.00           76.00          6.30           1.00           3.35           
18        6         2023      20.60          32.40          0.00           79.00          7.00           1.00           3.47           
19        6         2023      21.00          32.60          0.00           78.00          5.50           1.00           3.22           
20        6         2023      21.00          33.40          0.00           78.00          6.30           1.00           3.42           
21        6         2023      20.80          31.00          0.00           80.00          5.00           2.00           3.29           
22        6         2023      21.80          31.60          0.00           77.00          8.70           2.00           4.10           
23        6         2023      20.40          32.80          0.00           79.00          7.40           1.00           3.56           
24        6         2023      20.80          32.10          0.00           83.00          6.30           1.00           3.26           
25        6         2023      20.40          31.20          0.00           83.00          5.30           1.00           3.01           
26        6         2023      20.90          31.20          0.00           84.00          5.30           2.00           3.22           
27        6         2023      22.80          28.40          1.00           83.00          6.10           1.00           3.07           
28        6         2023      22.70          27.40          4.10           93.00          6.10           1.00           2.87           
29        6         2023      22.80          29.00          45.70          88.00          0.10           2.00           2.01           
30        6         2023      22.80          30.60          0.60           85.00          6.00           1.00           3.15           
1         7         2023      23.00          26.80          0.30           87.00          8.00           2.00           3.34           
2         7         2023      22.70          26.80          0.00           90.00          0.00           1.00           1.73           
3         7         2023      21.60          29.80          0.00           84.00          0.00           1.00           1.94           
4         7         2023      22.20          28.20          0.00           90.00          3.80           1.00           2.51           
5         7         2023      22.20          27.60          0.00           90.00          2.00           2.00           2.21           
6         7         2023      23.50          28.00          0.00           87.00          0.80           2.00           2.15           
7         7         2023      23.00          26.20          18.50          96.00          2.10           1.00           2.02           
8         7         2023      22.60          27.50          86.80          91.00          0.00           1.00           1.74           
9         7         2023      23.00          29.20          0.00           89.00          0.50           1.00           1.94           
10        7         2023      22.80          31.00          0.90           84.00          4.50           2.00           3.12           
11        7         2023      20.20          29.80          0.00           74.00          4.50           2.00           3.36           
12        7         2023      23.40          29.20          0.00           80.00          8.50           2.00           3.89           
13        7         2023      21.80          27.50          0.00           84.00          8.80           2.00           3.64           
14        7         2023      23.20          29.80          0.00           77.00          1.50           2.00           2.78           
15        7         2023      23.00          29.40          0.00           81.00          7.00           2.00           3.61           
16        7         2023      21.80          29.40          0.00           81.00          4.80           2.00           3.19           
17        7         2023      19.80          28.60          0.00           82.00          8.70           2.00           3.73           
18        7         2023      19.60          30.40          0.00           80.00          8.80           2.00           3.97           
19        7         2023      20.00          28.40          0.00           80.00          8.00           2.00           3.68           
20        7         2023      18.60          29.00          0.00           77.00          8.90           2.00           3.95           
21        7         2023      19.60          29.60          0.00           80.00          8.90           2.00           3.94           
22        7         2023      19.60          31.20          0.00           80.00          8.80           2.00           4.08           
23        7         2023      19.20          30.60          0.00           74.00          8.80           2.00           4.21           
24        7         2023      20.40          32.00          0.00           79.00          8.80           1.00           3.95           
25        7         2023      20.40          31.20          0.00           80.00          7.00           2.00           3.80           
26        7         2023      20.20          30.00          0.00           77.00          8.80           2.00           4.12           
27        7         2023      18.40          29.80          0.00           80.00          8.80           2.00           3.97           
28        7         2023      18.60          29.20          0.00           80.00          9.00           2.00           3.96           
29        7         2023      19.00          29.20          0.00           74.00          8.70           2.00           4.12           
30        7         2023      20.00          28.40          0.00           81.00          9.00           2.00           3.92           
31        7         2023      20.20          29.20          0.00           83.00          9.00           2.00           3.95           
1         8         2023      20.00          30.60          0.00           85.00          7.00           1.00           3.49           
2         8         2023      20.00          33.80          0.00           78.00          4.70           1.00           3.33           
3         8         2023      21.00          30.60          0.00           81.00          8.20           1.00           3.84           
4         8         2023      20.20          28.20          0.00           79.00          3.30           2.00           3.01           
5         8         2023      19.60          30.00          0.00           83.00          9.00           2.00           4.06           
6         8         2023      20.00          28.20          0.00           83.00          6.00           2.00           3.37           
7         8         2023      20.40          29.40          0.00           83.00          2.40           2.00           2.80           
8         8         2023      20.00          30.40          0.00           82.00          8.50           2.00           4.08           
9         8         2023      19.90          29.80          0.00           80.00          8.30           2.00           4.06           
10        8         2023      19.30          30.40          0.00           76.00          8.50           2.00           4.27           
11        8         2023      18.50          30.00          0.00           77.00          8.80           2.00           4.25           
12        8         2023      18.00          31.00          0.00           76.00          8.80           2.00           4.38           
13        8         2023      18.20          31.00          0.00           77.00          9.00           1.00           4.11           
14        8         2023      18.60          31.50          0.00           80.00          8.90           2.00           4.37           
15        8         2023      19.00          31.60          0.00           77.00          9.30           2.00           4.57           
16        8         2023      20.40          32.40          0.00           74.00          9.20           2.00           4.77           
17        8         2023      20.20          28.40          0.00           81.00          9.40           2.00           4.22           
18        8         2023      21.00          29.20          0.00           79.00          7.50           2.00           4.02           
19        8         2023      20.50          31.80          0.00           77.00          8.30           1.00           4.18           
20        8         2023      20.20          30.70          0.00           80.00          9.40           1.00           4.30           
21        8         2023      19.50          30.00          0.00           82.00          8.50           2.00           4.18           
22        8         2023      21.20          29.60          0.00           80.00          9.00           2.00           4.38           
23        8         2023      20.20          28.30          0.00           80.00          7.00           2.00           3.85           
24        8         2023      20.30          31.00          0.00           80.00          6.00           2.00           3.89           
25        8         2023      20.00          30.80          0.00           81.00          9.40           2.00           4.54           
26        8         2023      20.00          30.60          0.00           82.00          9.00           2.00           4.42           
27        8         2023      21.30          30.40          0.00           78.00          7.30           2.00           4.22           
28        8         2023      20.50          31.40          0.00           78.00          7.60           2.00           4.37           
29        8         2023      21.40          32.00          0.00           75.00          9.30           2.00           4.92           
30        8         2023      18.00          32.60          0.00           89.00          8.30           1.00           4.16           
31        8         2023      18.40          30.00          0.00           78.00          7.50           2.00           4.20           
1         9         2023      20.00          30.80          0.00           74.00          8.50           2.00           4.66           
2         9         2023      18.50          31.20          0.00           75.00          9.20           1.00           4.46           
3         9         2023      18.20          30.00          0.00           77.00          7.80           1.00           4.05           
4         9         2023      18.00          30.50          0.00           74.00          7.30           2.00           4.37           
5         9         2023      18.90          31.40          0.00           70.00          9.20           2.00           5.00           
6         9         2023      20.20          30.00          0.00           72.00          9.00           2.00           4.81           
7         9         2023      22.20          30.00          0.00           74.00          7.00           2.00           4.40           
8         9         2023      19.60          31.50          0.00           74.00          5.20           2.00           4.10           
9         9         2023      18.60          32.80          0.00           70.00          9.10           1.00           4.71           
10        9         2023      19.80          33.20          0.00           77.00          8.90           2.00           4.99           
11        9         2023      22.00          31.60          0.00           76.00          6.60           2.00           4.42           
12        9         2023      23.30          30.90          0.00           76.00          7.90           3.00           4.93           
13        9         2023      22.70          31.60          0.00           77.00          8.00           2.00           4.74           
14        9         2023      23.40          30.00          0.00           74.00          7.50           2.00           4.62           
15        9         2023      21.00          30.50          0.00           74.00          3.50           2.00           3.73           
16        9         2023      22.40          31.40          0.00           75.00          7.80           2.00           4.76           
17        9         2023      23.20          30.80          0.00           74.00          5.20           2.00           4.19           
18        9         2023      21.80          30.40          0.00           72.00          3.60           2.00           3.85           
19        9         2023      20.20          33.50          0.00           77.00          8.10           2.00           4.94           
20        9         2023      21.60          32.20          0.00           68.00          8.90           2.00           5.32           
21        9         2023      21.20          32.20          0.00           67.00          9.10           2.00           5.39           
22        9         2023      20.00          30.70          0.00           70.00          9.00           3.00           5.41           
23        9         2023      20.00          32.10          0.00           72.00          9.30           2.00           5.25           
24        9         2023      20.30          32.00          0.00           74.00          6.60           2.00           4.59           
25        9         2023      21.40          31.40          0.00           71.00          9.00           2.00           5.20           
26        9         2023      20.20          32.40          0.00           70.00          9.00           2.00           5.30           
27        9         2023      21.80          33.20          0.00           73.00          9.00           2.00           5.35           
28        9         2023      22.00          33.80          0.00           74.00          7.30           2.00           4.99           
29        9         2023      22.30          33.80          0.00           73.00          8.50           2.00           5.33           
30        9         2023      21.80          33.90          0.00           67.00          9.00           2.00           5.63           
1         10        2023      22.40          33.00          0.00           70.00          9.00           2.00           5.47           
2         10        2023      22.40          32.40          0.00           72.00          8.50           2.00           5.24           
3         10        2023      21.80          32.60          0.00           74.00          8.70           2.00           5.23           
4         10        2023      22.40          33.60          0.00           73.00          7.50           2.00           5.10           
5         10        2023      20.00          34.40          0.00           73.00          7.50           2.00           5.14           
6         10        2023      22.40          36.00          0.00           70.00          6.70           2.00           5.26           
7         10        2023      22.50          34.80          0.00           73.00          8.00           2.00           5.36           
8         10        2023      23.00          35.20          0.00           76.00          7.30           2.00           5.14           
9         10        2023      21.40          35.20          0.00           73.00          7.90           2.00           5.37           
10        10        2023      22.00          34.00          0.00           76.00          7.20           2.00           4.98           
11        10        2023      22.20          35.10          0.00           75.00          8.00           2.00           5.34           
12        10        2023      21.90          35.00          0.00           73.00          8.30           1.00           5.05           
13        10        2023      23.40          35.00          0.00           72.00          7.50           2.00           5.34           
14        10        2023      23.80          34.60          0.00           69.00          9.00           2.00           5.79           
15        10        2023      22.00          34.80          0.10           75.00          6.50           1.00           4.54           
16        10        2023      23.00          35.00          0.00           78.00          6.30           1.00           4.49           
17        10        2023      22.80          36.60          0.00           74.00          9.20           2.00           5.88           
18        10        2023      22.20          35.60          0.00           76.00          8.00           1.00           5.01           
19        10        2023      23.00          34.20          13.50          76.00          5.30           2.00           4.57           
20        10        2023      22.00          33.70          0.00           76.00          7.30           1.00           4.67           
21        10        2023      22.10          35.80          0.00           65.00          6.70           2.00           5.46           
22        10        2023      22.80          35.40          0.00           71.00          9.20           1.00           5.40           
23        10        2023      23.00          33.00          0.00           63.00          8.00           3.00           6.07           
24        10        2023      22.60          33.20          0.00           72.00          6.50           2.00           4.92           
25        10        2023      22.00          34.20          0.00           71.00          8.80           2.00           5.60           
26        10        2023      23.40          35.40          0.00           73.00          7.40           1.00           4.92           
27        10        2023      23.00          34.80          0.00           68.00          7.77           2.00           5.54           
28        10        2023      22.00          34.60          0.00           82.00          8.80           2.00           5.29           
29        10        2023      22.20          35.40          0.00           72.00          6.60           2.00           5.16           
30        10        2023      22.20          34.00          0.00           64.00          9.10           1.00           5.31           
31        10        2023      22.20          34.80          0.00           56.00          8.20           2.00           6.00           
1         11        2023      23.00          34.80          0.00           58.00          9.20           2.00           6.19           
2         11        2023      22.20          35.20          0.00           59.00          8.50           2.00           6.02           
3         11        2023      22.20          34.20          0.00           67.00          8.40           2.00           5.64           
4         11        2023      21.40          33.80          0.30           66.00          5.10           2.00           4.84           
5         11        2023      24.60          34.60          0.00           65.00          6.30           1.00           4.71           
6         11        2023      24.60          34.20          0.00           63.00          8.50           2.00           5.87           
7         11        2023      23.40          33.20          0.00           64.00          8.30           2.00           5.64           
8         11        2023      22.20          35.80          0.00           62.00          7.30           1.00           5.02           
9         11        2023      23.30          34.80          0.00           66.00          8.80           1.00           5.32           
10        11        2023      23.20          32.50          0.00           70.00          6.90           1.00           4.61           
11        11        2023      23.60          34.00          0.00           69.00          3.70           1.00           3.90           
12        11        2023      23.40          35.00          0.00           74.00          4.60           1.00           4.12           
13        11        2023      23.90          32.80          25.20          74.00          4.80           2.00           4.43           
14        11        2023      24.00          32.50          0.00           71.00          6.40           2.00           4.91           
15        11        2023      24.00          33.00          0.00           70.00          7.00           2.00           5.13           
16        11        2023      23.80          33.20          0.00           65.00          6.10           2.00           5.10           
17        11        2023      24.80          32.40          0.00           63.00          9.20           2.00           5.86           
18        11        2023      21.80          32.20          0.00           65.00          6.30           2.00           5.00           
19        11        2023      21.40          32.60          5.00           65.00          7.30           2.00           5.25           
20        11        2023      23.40          33.20          0.00           67.00          7.30           2.00           5.30           
21        11        2023      23.80          33.40          0.00           66.00          9.40           2.00           5.86           
22        11        2023      24.00          34.50          0.00           64.00          7.00           2.00           5.47           
23        11        2023      24.00          34.40          0.40           61.00          7.00           2.00           5.56           
24        11        2023      24.40          32.00          6.00           72.00          8.50           1.00           5.00           
25        11        2023      24.10          34.20          0.00           73.00          3.40           1.00           3.77           
26        11        2023      23.40          32.20          13.60          66.00          3.80           2.00           4.42           
27        11        2023      22.50          33.00          0.00           67.00          7.40           1.00           4.77           
28        11        2023      22.60          29.40          0.00           83.00          3.90           1.00           3.43           
29        11        2023      22.20          31.00          12.70          83.00          2.40           1.00           3.11           
30        11        2023      23.20          32.20          17.60          79.00          3.10           1.00           3.45           
1         12        2023      23.70          30.20          1.50           83.00          4.50           1.00           3.66           
2         12        2023      24.00          30.20          17.50          77.00          0.80           2.00           3.15           
3         12        2023      24.50          32.00          0.00           71.00          3.40           2.00           4.14           
4         12        2023      24.00          32.20          0.00           73.00          5.50           1.00           4.20           
5         12        2023      22.20          32.20          17.60          74.00          5.50           2.00           4.50           
6         12        2023      23.60          32.80          0.00           69.00          7.50           1.00           4.79           
7         12        2023      22.00          33.00          0.00           70.00          7.50           1.00           4.73           
8         12        2023      24.00          31.80          0.50           76.00          7.40           1.00           4.62           
9         12        2023      24.00          32.40          5.80           71.00          3.60           1.00           3.75           
10        12        2023      24.00          30.40          0.00           78.00          5.10           1.00           3.91           
11        12        2023      23.60          33.20          17.60          64.00          2.70           2.00           4.32           
12        12        2023      21.80          32.40          0.00           70.00          9.10           1.00           5.07           
13        12        2023      24.00          33.00          0.00           74.00          7.70           1.00           4.81           
14        12        2023      24.00          31.80          0.50           70.00          4.50           1.00           3.96           
15        12        2023      24.00          30.20          0.00           84.00          3.90           1.00           3.49           
16        12        2023      24.00          33.00          4.00           69.00          1.50           1.00           3.27           
17        12        2023      24.00          31.80          0.00           68.00          8.10           1.00           4.89           
18        12        2023      22.30          31.00          0.00           63.00          5.50           2.00           4.78           
19        12        2023      21.00          32.20          0.00           63.00          7.50           1.00           4.72           
20        12        2023      21.00          32.10          0.00           58.00          9.60           1.00           5.25           
21        12        2023      20.00          32.20          0.00           63.00          8.80           1.00           4.99           
22        12        2023      21.40          32.80          0.00           64.00          8.90           2.00           5.64           
23        12        2023      22.40          33.70          0.00           57.00          6.00           2.00           5.35           
24        12        2023      21.20          34.00          0.00           63.00          10.00          1.00           5.47           
25        12        2023      23.00          33.00          0.00           72.00          7.50           2.00           5.14           
26        12        2023      22.60          31.60          63.30          77.00          4.80           1.00           3.88           
27        12        2023      23.00          33.00          0.20           74.00          4.60           1.00           3.97           
28        12        2023      23.00          32.20          0.00           79.00          6.50           1.00           4.34           
29        12        2023      23.60          32.60          0.00           72.00          2.30           2.00           3.87           
30        12        2023      24.40          33.40          0.40           71.00          8.00           2.00           5.38           
31        12        2023      24.00          35.00          0.00           70.00          5.50           2.00           4.93           
1         1         2024      24.70          34.00          0.00           73.00          7.80           1.00           4.96           
2         1         2024      24.20          33.60          0.00           70.00          6.00           1.00           4.47           
3         1         2024      24.40          33.60          0.00           78.00          5.10           1.00           4.12           
4         1         2024      24.40          34.20          0.00           79.00          3.50           1.00           3.70           
5         1         2024      23.30          32.40          74.50          79.00          5.30           1.00           4.06           
6         1         2024      23.20          31.00          21.30          85.00          5.00           1.00           3.80           
7         1         2024      23.80          32.00          2.00           82.00          0.50           1.00           2.70           
8         1         2024      23.20          32.40          9.50           83.00          1.50           1.00           2.96           
9         1         2024      23.40          31.80          15.00          78.00          3.50           1.00           3.57           
10        1         2024      23.40          33.40          0.00           77.00          4.60           1.00           3.97           
11        1         2024      23.80          33.20          23.40          72.00          6.80           1.00           4.63           
12        1         2024      23.50          31.40          0.00           72.00          9.00           1.00           5.06           
13        1         2024      23.60          31.80          0.80           71.00          6.80           1.00           4.55           
14        1         2024      22.40          32.80          0.20           70.00          7.50           1.00           4.76           
15        1         2024      22.60          31.80          0.00           75.00          8.00           1.00           4.77           
16        1         2024      24.90          32.40          1.00           71.00          6.50           1.00           4.56           
17        1         2024      23.80          31.20          0.00           85.00          6.50           1.00           4.25           
18        1         2024      24.00          31.20          7.50           85.00          1.70           1.00           2.95           
19        1         2024      23.20          29.60          32.60          85.00          3.50           1.00           3.34           
20        1         2024      23.40          30.90          7.30           76.00          1.80           1.00           3.13           
21        1         2024      23.80          30.80          0.00           77.00          8.30           1.00           4.82           
22        1         2024      23.20          31.00          10.00          84.00          6.20           1.00           4.16           
23        1         2024      23.00          31.10          32.30          76.00          2.50           1.00           3.31           
24        1         2024      24.10          32.20          0.00           78.00          2.90           1.00           3.46           
25        1         2024      22.80          33.00          1.00           74.00          4.00           1.00           3.84           
26        1         2024      23.00          32.60          0.00           82.00          7.00           1.00           4.51           
27        1         2024      22.90          31.80          43.50          82.00          4.80           1.00           3.86           
28        1         2024      23.00          32.20          1.50           80.00          5.50           1.00           4.11           
29        1         2024      23.00          32.10          9.50           82.00          4.80           1.00           3.88           
30        1         2024      23.10          33.00          1.20           72.00          3.30           1.00           3.70           
31        1         2024      23.00          32.40          0.00           74.00          7.40           1.00           4.71           
1         2         2024      23.50          33.00          0.30           74.00          7.00           1.00           4.67           
2         2         2024      23.60          32.10          0.00           77.00          5.20           1.00           4.09           
3         2         2024      24.00          30.00          1.40           85.00          4.70           1.00           3.72           
4         2         2024      23.20          32.50          7.70           73.00          3.20           1.00           3.64           
5         2         2024      23.00          32.00          21.50          75.00          7.40           1.00           4.68           
6         2         2024      23.60          31.60          0.00           78.00          7.60           1.00           4.69           
7         2         2024      23.80          31.70          0.00           80.00          5.80           1.00           4.19           
8         2         2024      22.00          32.80          35.40          81.00          2.90           1.00           3.41           
9         2         2024      22.40          32.00          63.00          80.00          5.50           1.00           4.09           
10        2         2024      23.00          31.00          3.00           87.00          4.30           1.00           3.61           
11        2         2024      23.40          31.20          8.30           82.00          2.40           1.00           3.20           
12        2         2024      23.30          32.40          4.50           74.00          4.30           1.00           3.91           
13        2         2024      24.00          33.00          0.00           70.00          8.00           1.00           5.01           
14        2         2024      22.90          33.80          0.00           73.00          8.20           1.00           5.05           
15        2         2024      25.00          33.90          0.00           71.00          7.80           1.00           5.05           
16        2         2024      25.00          34.20          0.00           69.00          8.20           1.00           5.20           
17        2         2024      24.40          33.00          0.00           69.00          8.30           1.00           5.11           
18        2         2024      24.00          32.40          0.00           79.00          8.20           1.00           4.92           
19        2         2024      23.00          33.80          35.00          76.00          5.50           1.00           4.27           
20        2         2024      23.60          34.50          49.30          80.00          6.00           1.00           4.42           
21        2         2024      24.00          33.20          6.00           77.00          4.30           1.00           3.92           
22        2         2024      23.20          33.80          0.00           70.00          6.50           1.00           4.63           
23        2         2024      23.60          33.00          0.00           76.00          7.60           1.00           4.80           
24        2         2024      23.90          33.70          11.00          80.00          4.10           1.00           3.83           
25        2         2024      23.60          32.60          4.00           80.00          5.00           1.00           4.01           
26        2         2024      23.00          33.60          3.20           71.00          4.20           1.00           3.98           
27        2         2024      23.80          33.00          2.00           70.00          6.90           1.00           4.69           
28        2         2024      23.20          35.00          0.00           82.00          5.30           1.00           4.20           
29        2         2024      22.80          33.40          47.50          77.00          4.70           1.00           3.99           
1         3         2024      23.20          31.60          3.40           83.00          6.00           1.00           4.14           
2         3         2024      23.80          32.70          0.80           82.00          2.30           1.00           3.22           
3         3         2024      24.00          33.20          24.30          82.00          4.70           1.00           3.92           
4         3         2024      24.60          32.40          2.30           81.00          4.50           1.00           3.84           
5         3         2024      24.80          33.40          0.70           81.00          4.90           1.00           4.02           
6         3         2024      24.30          32.80          2.30           83.00          6.00           1.00           4.24           
7         3         2024      24.80          32.00          1.50           83.00          4.10           1.00           3.67           
8         3         2024      24.50          32.60          4.40           85.00          2.10           1.00           3.09           
9         3         2024      24.00          29.00          25.00          90.00          4.00           2.00           3.34           
10        3         2024      23.10          31.20          14.00          86.00          0.00           1.00           2.40           
11        3         2024      23.00          30.00          1.00           83.00          0.50           1.00           2.55           
12        3         2024      22.80          31.80          0.00           69.00          0.00           3.00           3.83           
13        3         2024      23.40          32.70          0.00           68.00          5.60           4.00           5.60           
14        3         2024      23.00          31.40          0.40           73.00          3.80           2.00           4.04           
15        3         2024      22.80          32.50          19.00          80.00          2.70           2.00           3.58           
16        3         2024      23.00          32.00          64.20          79.00          4.40           1.00           3.72           
17        3         2024      23.80          32.00          2.00           78.00          5.90           1.00           4.15           
18        3         2024      22.70          32.70          2.80           69.00          7.50           1.00           4.68           
19        3         2024      23.10          33.40          0.00           71.00          7.10           1.00           4.61           
20        3         2024      22.80          34.00          0.00           67.00          8.80           1.00           5.11           
21        3         2024      23.60          32.90          0.00           81.00          9.00           1.00           4.96           
22        3         2024      24.50          31.00          24.50          84.00          5.00           1.00           3.75           
23        3         2024      23.00          33.00          30.20          71.00          5.00           1.00           4.01           
24        3         2024      23.50          32.60          0.00           74.00          8.50           1.00           4.85           
25        3         2024      23.60          33.00          0.00           77.00          7.20           1.00           4.50           
26        3         2024      23.50          32.40          2.00           70.00          3.00           2.00           3.98           
27        3         2024      22.60          33.00          0.00           68.00          4.40           1.00           3.87           
28        3         2024      24.00          32.40          0.00           82.00          6.00           1.00           4.06           
29        3         2024      23.00          31.80          9.50           74.00          2.20           2.00           3.57           
30        3         2024      24.00          34.00          0.00           72.00          7.50           2.00           5.09           
31        3         2024      24.80          32.40          0.00           74.00          8.10           2.00           5.03           
1         4         2024      24.80          30.50          0.00           82.00          5.30           1.00           3.75           
2         4         2024      24.40          30.20          2.90           84.00          1.10           1.00           2.61           
3         4         2024      24.20          33.50          25.00          73.00          4.00           1.00           3.69           
4         4         2024      24.40          33.00          0.00           73.00          8.00           1.00           4.67           
5         4         2024      23.60          33.20          0.00           73.00          6.70           1.00           4.32           
6         4         2024      24.00          33.40          0.00           72.00          7.60           1.00           4.57           
7         4         2024      24.00          33.40          4.60           77.00          6.90           1.00           4.32           
8         4         2024      24.20          33.40          1.20           77.00          6.60           1.00           4.24           
9         4         2024      25.00          33.00          0.00           80.00          5.00           1.00           3.77           
10        4         2024      23.60          32.20          18.50          80.00          3.90           1.00           3.40           
11        4         2024      23.60          32.20          1.70           81.00          4.90           2.00           3.87           
12        4         2024      24.20          34.80          1.00           75.00          3.60           1.00           3.55           
13        4         2024      23.80          32.80          0.00           80.00          4.60           1.00           3.59           
14        4         2024      23.90          33.10          37.50          73.00          7.00           2.00           4.68           
15        4         2024      23.80          33.00          0.00           73.00          8.00           1.00           4.50           
16        4         2024      23.80          33.20          0.00           70.00          5.90           2.00           4.52           
17        4         2024      24.00          30.00          0.00           81.00          8.30           2.00           4.41           
18        4         2024      22.80          30.60          1.50           79.00          0.00           2.00           2.68           
19        4         2024      23.00          32.80          12.50          82.00          3.10           1.00           3.10           
20        4         2024      24.00          33.40          38.10          77.00          5.10           2.00           4.07           
21        4         2024      23.90          31.40          0.00           82.00          5.00           1.00           3.49           
22        4         2024      24.20          32.00          1.40           84.00          2.90           1.00           2.97           
23        4         2024      24.00          31.50          16.00          83.00          3.70           1.00           3.15           
24        4         2024      23.90          31.40          3.90           84.00          3.20           1.00           2.99           
25        4         2024      23.80          32.20          2.90           82.00          3.60           1.00           3.15           
26        4         2024      23.60          32.80          0.80           82.00          4.10           1.00           3.29           
27        4         2024      23.50          32.90          15.10          75.00          5.00           2.00           4.00           
28        4         2024      24.00          33.00          0.00           74.00          6.80           2.00           4.43           
29        4         2024      23.00          31.80          0.00           74.00          6.50           2.00           4.23           
30        4         2024      23.50          32.20          0.00           76.00          7.10           1.00           3.99           
1         5         2024      24.00          32.20          0.00           74.00          3.00           2.00           3.53           
2         5         2024      23.80          32.30          0.00           73.00          6.00           1.00           3.78           
3         5         2024      23.00          32.70          0.00           71.00          7.50           2.00           4.56           
4         5         2024      23.50          31.50          0.00           68.00          6.30           2.00           4.32           
5         5         2024      21.40          31.20          0.00           64.00          8.20           2.00           4.71           
6         5         2024      21.80          31.30          0.00           66.00          6.90           2.00           4.42           
7         5         2024      21.80          31.80          0.00           69.00          7.70           2.00           4.50           
8         5         2024      21.90          33.00          0.00           76.00          7.00           1.00           3.87           
9         5         2024      23.00          32.00          4.70           75.00          5.20           1.00           3.46           
10        5         2024      22.60          33.50          0.00           74.00          4.10           1.00           3.30           
11        5         2024      23.70          31.80          0.00           74.00          5.50           2.00           3.92           
12        5         2024      23.60          32.40          0.00           74.00          4.30           1.00           3.29           
13        5         2024      23.20          32.00          3.70           73.00          4.50           1.00           3.31           
14        5         2024      23.50          33.40          0.00           72.00          6.00           1.00           3.72           
15        5         2024      24.00          32.20          0.00           70.00          6.20           1.00           3.72           
16        5         2024      22.70          32.10          0.00           68.00          7.00           2.00           4.36           
17        5         2024      22.60          30.20          0.00           77.00          7.20           1.00           3.64           
18        5         2024      23.80          31.20          0.00           70.00          3.00           2.00           3.49           
19        5         2024      22.20          31.20          0.00           69.00          6.60           2.00           4.14           
20        5         2024      22.80          31.20          0.00           72.00          8.30           2.00           4.35           
21        5         2024      22.50          33.10          0.00           69.00          4.40           2.00           3.89           
22        5         2024      22.90          32.80          0.00           71.00          6.60           1.00           3.72           
23        5         2024      24.20          33.00          0.00           72.00          4.30           1.00           3.28           
24        5         2024      23.00          32.90          0.00           79.00          3.50           1.00           2.96           
25        5         2024      23.30          31.20          9.50           76.00          3.20           2.00           3.24           
26        5         2024      22.40          32.10          0.00           70.00          2.50           2.00           3.39           
27        5         2024      23.00          32.80          0.00           74.00          6.40           1.00           3.60           
28        5         2024      24.30          33.70          0.00           72.00          3.50           1.00           3.12           
29        5         2024      23.20          33.00          0.00           70.00          4.30           1.00           3.25           
30        5         2024      22.70          32.00          0.00           72.00          4.80           1.00           3.24           
31        5         2024      22.80          31.80          1.00           76.00          5.90           2.00           3.74           
1         6         2024      23.50          32.00          0.00           74.00          3.40           2.00           3.38           
2         6         2024      23.80          34.40          0.00           70.00          5.20           2.00           4.05           
3         6         2024      24.40          30.40          0.00           74.00          5.50           2.00           3.66           
4         6         2024      22.80          33.60          0.00           68.00          2.80           1.00           2.98           
5         6         2024      22.80          32.20          0.00           69.00          2.50           2.00           3.40           
6         6         2024      21.60          31.40          0.00           72.00          6.50           2.00           3.90           
7         6         2024      22.00          29.20          0.00           79.00          5.60           2.00           3.34           
8         6         2024      23.60          32.60          0.00           73.00          3.00           1.00           2.88           
9         6         2024      23.00          31.10          0.00           74.00          4.10           2.00           3.41           
10        6         2024      23.00          31.20          0.00           73.00          2.50           2.00           3.17           
11        6         2024      24.00          32.60          0.00           73.00          3.20           1.00           2.92           
12        6         2024      23.80          33.00          0.00           68.00          4.10           2.00           3.77           
13        6         2024      22.80          31.00          0.00           70.00          4.50           1.00           3.11           
14        6         2024      22.60          32.90          0.00           73.00          0.80           1.00           2.45           
15        6         2024      23.00          31.60          0.00           76.00          3.00           1.00           2.76           
16        6         2024      20.80          33.20          0.00           66.00          3.70           1.00           3.11           
17        6         2024      22.60          32.30          0.00           69.00          6.80           1.00           3.60           
18        6         2024      23.60          32.90          0.00           67.00          3.40           2.00           3.67           
19        6         2024      19.90          31.40          0.00           64.00          6.90           2.00           4.16           
20        6         2024      20.00          31.60          0.00           64.00          8.30           2.00           4.40           
21        6         2024      21.00          31.50          0.00           63.00          8.00           2.00           4.39           
22        6         2024      19.60          30.20          0.00           67.00          8.30           2.00           4.17           
23        6         2024      20.40          29.90          0.00           74.00          8.00           1.00           3.54           
24        6         2024      23.10          30.00          0.00           71.00          0.80           2.00           2.87           
25        6         2024      23.00          31.40          0.00           68.00          1.70           2.00           3.23           
26        6         2024      22.90          33.20          0.00           66.00          2.10           1.00           2.84           
27        6         2024      23.00          33.40          0.00           71.00          6.20           1.00           3.55           
28        6         2024      23.20          32.60          11.50          77.00          2.70           1.00           2.73           
29        6         2024      24.00          32.40          5.00           71.00          2.30           2.00           3.29           
30        6         2024      22.40          32.40          0.00           65.00          5.90           2.00           4.11           
1         7         2024      20.70          31.40          0.00           71.00          6.90           2.00           3.96           
2         7         2024      21.20          30.80          0.00           73.00          4.00           2.00           3.37           
3         7         2024      22.80          31.50          0.00           68.00          3.20           2.00           3.50           
4         7         2024      23.00          27.90          0.00           78.00          1.00           2.00           2.53           
5         7         2024      22.20          32.00          0.00           67.00          0.30           2.00           3.08           
6         7         2024      22.40          31.90          0.00           70.00          7.10           1.00           3.65           
7         7         2024      22.30          33.30          0.00           70.00          4.70           1.00           3.28           
8         7         2024      20.48          31.00          0.00           75.77          6.36           2.00           3.70           
9         7         2024      20.00          32.20          0.00           79.00          7.50           1.00           3.58           
10        7         2024      20.20          31.20          0.00           78.00          5.50           2.00           3.50           
11        7         2024      20.10          30.40          0.00           76.00          5.70           2.00           3.54           
12        7         2024      20.10          30.20          0.00           76.00          8.00           2.00           3.92           
13        7         2024      19.00          29.80          0.00           78.00          7.80           2.00           3.77           
14        7         2024      18.80          30.00          0.00           74.00          8.00           2.00           3.95           
15        7         2024      19.10          29.60          0.00           72.00          8.00           2.00           3.99           
16        7         2024      19.80          30.80          0.00           75.00          7.70           2.00           3.97           
17        7         2024      19.40          31.60          0.00           77.00          8.00           2.00           4.04           
18        7         2024      19.10          31.50          0.00           75.00          7.70           2.00           4.04           
19        7         2024      20.00          31.00          0.00           76.00          7.40           2.00           3.94           
20        7         2024      19.20          31.20          0.00           77.00          8.00           2.00           4.02           
21        7         2024      19.90          31.00          0.00           77.00          8.00           2.00           4.02           
22        7         2024      21.40          31.30          0.00           78.00          5.40           2.00           3.58           
23        7         2024      19.50          32.20          0.00           78.00          5.00           2.00           3.57           
24        7         2024      20.00          32.50          0.00           73.00          8.00           2.00           4.32           
25        7         2024      19.90          32.20          0.00           78.00          7.10           2.00           3.98           
26        7         2024      20.00          32.00          0.00           79.00          7.00           2.00           3.92           
27        7         2024      20.00          33.00          0.00           77.00          8.00           2.00           4.27           
28        7         2024      19.80          31.20          0.00           78.00          8.00           2.00           4.07           
29        7         2024      21.00          30.00          0.00           84.00          8.00           2.00           3.81           
30        7         2024      21.20          30.80          0.00           82.00          4.60           2.00           3.31           
31        7         2024      22.20          32.00          0.00           79.00          5.10           2.00           3.63           
1         8         2024      23.20          32.40          0.00           79.00          6.50           1.00           3.68           
2         8         2024      22.80          32.20          0.00           81.00          3.80           1.00           3.05           
3         8         2024      22.20          32.20          0.00           82.00          2.90           1.00           2.83           
4         8         2024      22.20          32.40          0.00           74.00          7.10           2.00           4.27           
5         8         2024      20.00          33.60          0.00           72.00          8.00           2.00           4.59           
6         8         2024      19.80          31.40          0.00           78.00          8.00           2.00           4.19           
7         8         2024      22.60          32.20          0.00           76.00          8.00           2.00           4.41           
8         8         2024      24.10          29.50          0.00           80.00          7.00           2.00           3.91           
9         8         2024      22.60          30.00          0.00           78.00          2.60           3.00           3.39           
10        8         2024      22.20          31.00          0.00           77.00          5.60           2.00           3.81           
11        8         2024      19.80          30.40          0.00           71.00          6.50           3.00           4.47           
12        8         2024      17.00          31.60          0.00           69.00          8.00           2.00           4.51           
13        8         2024      17.40          30.90          0.00           79.00          8.00           2.00           4.15           
14        8         2024      19.00          32.40          0.00           75.00          6.40           2.00           4.15           
15        8         2024      20.20          30.20          0.00           73.00          8.00           3.00           4.65           
16        8         2024      18.20          31.00          0.00           77.00          8.00           2.00           4.27           
17        8         2024      19.20          31.80          0.00           76.00          8.00           2.00           4.41           
18        8         2024      19.20          31.20          0.00           78.00          7.80           2.00           4.26           
19        8         2024      19.40          31.60          0.00           73.00          8.00           2.00           4.51           
20        8         2024      19.70          32.80          0.00           75.00          8.00           2.00           4.59           
21        8         2024      20.20          32.00          0.00           75.00          8.00           2.00           4.53           
22        8         2024      19.60          33.20          0.00           78.00          8.00           2.00           4.55           
23        8         2024      20.40          31.60          0.00           79.00          7.60           2.00           4.31           
24        8         2024      21.60          30.90          0.00           74.00          6.60           3.00           4.55           
25        8         2024      21.20          30.80          0.00           79.00          8.00           2.00           4.36           
26        8         2024      22.30          32.00          0.00           77.00          6.30           3.00           4.48           
27        8         2024      20.80          31.20          0.00           75.00          8.00           2.00           4.54           
28        8         2024      19.00          34.60          0.00           78.00          8.00           2.00           4.77           
29        8         2024      21.20          34.20          0.00           72.00          7.80           2.00           4.92           
30        8         2024      21.20          33.20          0.00           72.00          8.00           2.00           4.87           
31        8         2024      20.80          31.20          0.00           77.00          8.00           2.00           4.52           
1         9         2024      22.20          31.20          0.00           77.00          8.00           2.00           4.57           
2         9         2024      22.60          32.80          0.00           74.00          3.70           2.00           3.88           
3         9         2024      21.40          30.80          0.00           80.00          8.00           2.00           4.43           
4         9         2024      22.20          32.40          0.00           80.00          4.60           2.00           3.84           
5         9         2024      23.00          33.20          0.00           71.00          5.00           2.00           4.35           
6         9         2024      21.60          32.80          0.00           72.00          8.00           3.00           5.28           
7         9         2024      21.60          32.20          0.00           78.00          8.00           3.00           4.91           
8         9         2024      23.20          32.00          0.00           77.00          7.30           2.00           4.59           
9         9         2024      23.80          32.80          0.00           76.00          3.90           2.00           3.93           
10        9         2024      22.80          33.00          0.00           81.00          4.40           2.00           3.86           
11        9         2024      22.30          32.40          13.00          79.00          3.50           2.00           3.68           
12        9         2024      22.00          34.80          0.00           74.00          6.00           2.00           4.67           
13        9         2024      20.40          33.00          0.00           72.00          8.00           3.00           5.35           
14        9         2024      20.60          33.00          0.00           73.00          8.00           3.00           5.31           
15        9         2024      20.40          32.60          0.00           73.00          8.00           3.00           5.26           
16        9         2024      22.00          31.60          0.00           74.00          8.00           2.00           4.85           
17        9         2024      21.40          33.00          0.00           66.00          8.00           2.00           5.24           
18        9         2024      19.20          31.60          0.00           72.00          8.00           2.00           4.86           
19        9         2024      19.20          32.80          0.00           77.00          7.80           2.00           4.79           
20        9         2024      20.40          35.00          0.00           71.00          7.50           2.00           5.18           
21        9         2024      20.40          33.80          0.00           74.00          8.00           2.00           5.08           
22        9         2024      20.00          33.80          0.00           76.00          8.00           2.00           5.01           
23        9         2024      23.50          33.60          0.00           91.00          4.40           1.00           3.58           
24        9         2024      23.00          31.60          25.50          87.00          4.20           1.00           3.47           
25        9         2024      22.40          32.80          26.00          79.00          3.60           1.00           3.51           
26        9         2024      22.00          33.00          0.00           81.00          4.50           2.00           3.99           
27        9         2024      23.20          33.50          0.00           78.00          4.60           2.00           4.19           
28        9         2024      22.70          33.80          2.70           75.00          7.20           3.00           5.27           
29        9         2024      23.20          33.20          0.00           74.00          8.00           2.00           5.15           
30        9         2024      23.10          34.00          0.00           79.00          8.00           2.00           5.06           
1         10        2024      24.80          32.20          0.00           75.00          8.00           2.00           5.09           
2         10        2024      23.00          33.20          0.00           77.00          4.50           2.00           4.20           
3         10        2024      23.20          33.20          0.00           74.00          6.10           2.00           4.71           
4         10        2024      22.40          33.50          0.00           77.00          6.50           3.00           4.99           
5         10        2024      22.00          34.00          0.00           74.00          8.00           2.00           5.23           
6         10        2024      23.20          34.00          0.00           74.00          8.00           2.00           5.27           
7         10        2024      23.20          33.00          0.00           75.00          8.00           3.00           5.41           
8         10        2024      25.00          32.40          0.00           75.00          8.00           3.00           5.41           
9         10        2024      22.40          33.10          0.00           74.00          7.50           2.00           5.04           
10        10        2024      22.00          35.60          0.00           68.00          7.70           2.00           5.55           
11        10        2024      22.80          34.70          0.00           70.00          8.00           2.00           5.48           
12        10        2024      23.00          36.10          0.00           71.00          8.00           2.00           5.61           
13        10        2024      24.40          36.70          0.00           67.00          8.00           3.00           6.35           
14        10        2024      24.70          35.00          0.00           70.00          8.00           2.00           5.58           
15        10        2024      24.20          33.60          0.00           71.00          8.00           3.00           5.75           
16        10        2024      19.00          33.20          0.00           64.00          7.70           3.00           5.88           
17        10        2024      21.20          32.60          0.00           69.00          8.00           2.00           5.27           
18        10        2024      20.80          32.00          0.00           75.00          7.90           2.00           4.98           
19        10        2024      23.00          34.20          0.00           82.00          6.60           1.00           4.48           
20        10        2024      23.40          32.60          29.40          84.00          5.20           1.00           3.96           
21        10        2024      22.80          30.20          17.50          85.00          4.20           1.00           3.52           
22        10        2024      22.50          32.20          0.00           76.00          1.30           2.00           3.42           
23        10        2024      23.20          30.20          7.00           85.00          8.00           2.00           4.60           
24        10        2024      22.80          31.20          2.00           85.00          5.20           1.00           3.85           
25        10        2024      23.70          32.40          2.00           78.00          5.10           2.00           4.32           
26        10        2024      23.80          32.00          0.00           79.00          8.00           2.00           4.98           
27        10        2024      23.40          32.90          0.00           78.00          8.00           2.00           5.09           
28        10        2024      24.90          33.80          0.00           76.00          7.40           2.00           5.14           
29        10        2024      24.20          33.80          1.00           79.00          7.30           2.00           4.98           
30        10        2024      24.60          32.80          0.00           80.00          7.50           2.00           4.92           
31        10        2024      23.60          34.40          6.20           81.00          5.50           1.00           4.23           
1         11        2024      24.60          31.80          2.50           88.00          5.00           1.00           3.84           
2         11        2024      22.60          32.60          54.80          80.00          3.60           1.00           3.59           
3         11        2024      22.80          32.70          1.50           88.00          6.20           1.00           4.18           
4         11        2024      23.00          32.60          21.50          89.00          4.70           1.00           3.74           
5         11        2024      23.00          33.60          66.50          79.00          5.40           1.00           4.16           
6         11        2024      21.40          34.80          4.80           74.00          7.40           1.00           4.80           
7         11        2024      24.00          33.00          9.00           84.00          7.20           1.00           4.58           
8         11        2024      22.00          32.60          17.00          83.00          5.60           1.00           4.06           
9         11        2024      23.60          32.80          5.20           86.00          5.40           1.00           4.02           
10        11        2024      24.00          32.80          2.00           89.00          6.20           1.00           4.21           
11        11        2024      22.20          33.00          37.00          84.00          4.80           1.00           3.85           
12        11        2024      23.00          33.20          36.50          82.00          5.90           1.00           4.22           
13        11        2024      23.80          33.60          0.00           85.00          5.10           1.00           4.00           
14        11        2024      23.00          33.00          36.50          79.00          5.80           2.00           4.49           
15        11        2024      22.80          33.90          0.00           80.00          7.60           1.00           4.75           
16        11        2024      23.20          34.20          28.00          82.00          7.60           1.00           4.77           
17        11        2024      23.10          33.20          8.00           86.00          5.70           1.00           4.11           
18        11        2024      24.00          33.00          51.00          85.00          5.50           1.00           4.08           
19        11        2024      23.20          32.40          5.50           86.00          5.80           1.00           4.08           
20        11        2024      23.00          32.60          23.40          89.00          5.40           1.00           3.93           
21        11        2024      22.80          32.00          57.70          90.00          5.10           1.00           3.79           
22        11        2024      23.00          33.80          4.60           90.00          4.80           1.00           3.82           
23        11        2024      22.40          32.40          64.50          87.00          5.10           1.00           3.85           
24        11        2024      23.80          32.40          0.00           87.00          5.40           1.00           3.97           
25        11        2024      23.20          32.60          52.00          88.00          1.80           1.00           2.95           
26        11        2024      23.00          31.80          86.00          82.00          2.70           1.00           3.27           
27        11        2024      23.40          32.00          0.00           83.00          3.20           1.00           3.40           
28        11        2024      24.30          29.60          18.50          96.00          5.00           2.00           3.43           
29        11        2024      22.80          27.10          145.00         96.00          0.00           1.00           2.09           
30        11        2024      23.00          29.60          53.80          94.00          0.00           1.00           2.21           
1         12        2024      23.20          29.60          105.00         92.00          0.30           1.00           2.33           
2         12        2024      23.20          30.20          21.50          87.00          0.30           1.00           2.46           
3         12        2024      22.80          32.00          2.00           84.00          1.80           1.00           2.99           
4         12        2024      22.20          32.40          7.70           86.00          6.90           1.00           4.33           
5         12        2024      24.00          32.80          21.00          83.00          4.40           1.00           3.78           
6         12        2024      23.50          31.20          0.20           92.00          4.30           1.00           3.50           
7         12        2024      23.20          31.90          14.70          84.00          2.30           1.00           3.12           
8         12        2024      23.90          32.00          0.00           85.00          3.80           1.00           3.53           
9         12        2024      24.00          28.60          12.50          90.00          6.50           1.00           3.99           
10        12        2024      23.40          30.40          14.30          94.00          0.00           1.00           2.23           
11        12        2024      23.20          32.20          31.00          83.00          1.80           1.00           3.02           
12        12        2024      23.20          31.00          0.00           91.00          3.90           1.00           3.38           
13        12        2024      22.80          32.80          11.60          87.00          2.40           1.00           3.13           
14        12        2024      23.20          29.80          2.00           93.00          5.80           1.00           3.80           
15        12        2024      23.20          31.60          5.70           88.00          1.90           1.00           2.92           
16        12        2024      23.20          29.60          44.50          89.00          1.00           1.00           2.58           
17        12        2024      23.60          31.20          1.80           89.00          0.30           1.00           2.45           
18        12        2024      23.60          31.00          30.80          88.00          2.50           1.00           3.07           
19        12        2024      22.60          31.60          26.80          85.00          4.00           1.00           3.53           
20        12        2024      24.00          32.80          0.00           84.00          7.80           1.00           4.70           
21        12        2024      24.00          33.20          1.00           85.00          6.90           1.00           4.47           
22        12        2024      24.10          28.80          12.90          93.00          4.70           1.00           3.48           
23        12        2024      23.20          31.50          16.70          84.00          0.80           1.00           2.71           
24        12        2024      24.60          31.40          5.00           87.00          7.20           1.00           4.43           
25        12        2024      23.20          32.00          4.00           88.00          3.40           1.00           3.36           
26        12        2024      23.20          29.60          2.00           87.00          3.90           1.00           3.39           
27        12        2024      23.40          31.80          4.50           82.00          0.20           1.00           2.60           
28        12        2024      23.50          32.00          2.50           92.00          6.60           1.00           4.19           
29        12        2024      23.00          28.40          22.50          89.00          0.50           1.00           2.41           
30        12        2024      22.20          32.40          11.80          84.00          0.30           1.00           2.60           
31        12        2024      22.50          32.60          46.50          86.00          6.40           1.00           4.23           
1         1         2025      23.80          31.00          8.50           87.00          5.10           1.00           3.80           
2         1         2025      22.90          30.80          4.40           88.00          1.60           1.00           2.81           
3         1         2025      22.40          30.20          23.50          87.00          1.60           1.00           2.80           
4         1         2025      22.70          30.20          0.00           86.00          4.20           1.00           3.51           
5         1         2025      23.40          30.80          28.50          85.00          4.70           1.00           3.71           
6         1         2025      23.40          32.80          0.00           87.00          4.60           1.00           3.77           
7         1         2025      23.00          31.60          9.60           89.00          3.30           1.00           3.30           
8         1         2025      23.00          31.00          46.00          85.00          4.40           2.00           3.76           
9         1         2025      23.00          33.20          33.60          81.00          2.90           1.00           3.42           
10        1         2025      22.90          32.60          1.00           80.00          5.00           1.00           3.97           
11        1         2025      23.00          31.20          27.00          84.00          5.50           1.00           3.96           
12        1         2025      23.50          30.20          0.20           87.00          3.80           1.00           3.41           
13        1         2025      23.00          31.40          34.00          86.00          2.10           1.00           3.02           
14        1         2025      23.60          32.00          0.00           86.00          4.70           1.00           3.78           
15        1         2025      23.40          32.10          29.50          87.00          4.60           1.00           3.74           
16        1         2025      23.90          32.60          0.10           80.00          3.80           1.00           3.68           
17        1         2025      23.40          32.60          0.00           84.00          6.60           2.00           4.51           
18        1         2025      23.40          32.80          0.00           88.00          7.10           1.00           4.47           
19        1         2025      23.60          31.60          2.30           88.00          4.70           1.00           3.73           
20        1         2025      23.60          29.40          22.00          89.00          5.10           1.00           3.70           
21        1         2025      24.00          32.80          0.20           85.00          0.30           1.00           2.62           
22        1         2025      22.80          32.00          16.30          83.00          4.90           1.00           3.87           
23        1         2025      23.20          31.20          5.40           85.00          2.00           1.00           3.02           
24        1         2025      23.00          31.80          0.00           86.00          2.20           1.00           3.08           
25        1         2025      22.60          32.20          0.80           85.00          6.00           1.00           4.15           
26        1         2025      24.40          31.20          2.50           87.00          5.40           1.00           3.95           
27        1         2025      23.60          28.60          26.50          94.00          5.80           1.00           3.78           
28        1         2025      22.80          31.80          10.00          87.00          0.00           1.00           2.45           
29        1         2025      22.80          33.40          52.00          89.00          4.20           2.00           3.76           
30        1         2025      22.20          26.80          31.60          79.00          7.00           5.00           4.60           
31        1         2025      23.40          30.00          0.00           76.00          0.00           2.00           3.01           
1         2         2025      23.80          32.60          0.00           81.00          0.00           2.00           2.94           
2         2         2025      23.00          31.20          0.00           78.00          2.60           2.00           3.62           
3         2         2025      23.20          32.40          0.00           77.00          1.90           2.00           3.58           
4         2         2025      23.80          33.00          0.00           71.00          5.80           2.00           4.83           
5         2         2025      25.20          32.80          0.00           67.00          8.00           4.00           6.33           
6         2         2025      25.00          33.60          0.00           72.00          8.00           4.00           6.08           
7         2         2025      23.60          32.90          5.50           80.00          7.40           1.00           4.71           
8         2         2025      23.60          32.00          0.00           84.00          2.00           1.00           3.09           
9         2         2025      23.20          31.40          21.00          88.00          3.30           2.00           3.43           
10        2         2025      23.20          29.30          16.50          90.00          5.00           1.00           3.66           
11        2         2025      22.90          31.50          13.50          80.00          0.50           1.00           2.73           
12        2         2025      22.60          29.00          0.00           85.00          5.50           1.00           3.83           
13        2         2025      23.20          31.40          5.00           83.00          0.20           1.00           2.58           
14        2         2025      23.00          33.20          0.00           85.00          7.00           1.00           4.53           
15        2         2025      23.60          33.00          0.00           83.00          6.50           1.00           4.42           
16        2         2025      23.40          33.40          0.00           84.00          6.60           1.00           4.46           
17        2         2025      24.00          32.40          0.00           89.00          6.80           1.00           4.40           
18        2         2025      22.00          32.00          40.00          88.00          2.90           1.00           3.23           
19        2         2025      23.20          31.80          7.50           88.00          4.90           1.00           3.80           
20        2         2025      23.20          29.80          17.00          85.00          4.20           1.00           3.55           
21        2         2025      23.40          32.40          0.00           83.00          0.20           1.00           2.61           
22        2         2025      22.80          32.60          2.00           87.00          4.50           1.00           3.74           
23        2         2025      22.20          30.40          12.00          85.00          5.10           1.00           3.78           
24        2         2025      23.00          32.20          6.10           90.00          2.00           1.00           2.96           
25        2         2025      22.60          28.20          1.90           90.00          3.50           1.00           3.17           
26        2         2025      23.00          31.00          5.50           89.00          0.30           1.00           2.45           
27        2         2025      22.60          31.60          52.20          88.00          4.00           1.00           3.51           
28        2         2025      23.00          31.40          13.50          86.00          5.90           1.00           4.06           
1         3         2025      23.40          32.00          0.00           84.00          5.70           1.00           4.08           
2         3         2025      22.90          33.40          0.00           80.00          6.50           1.00           4.43           
3         3         2025      23.40          33.40          30.50          84.00          6.50           1.00           4.39           
4         3         2025      23.70          32.60          11.50          86.00          8.00           1.00           4.74           
5         3         2025      23.20          33.40          1.00           80.00          6.30           1.00           4.38           
6         3         2025      24.00          32.80          0.00           85.00          6.50           1.00           4.35           
7         3         2025      24.20          32.80          0.60           84.00          5.70           1.00           4.14           
8         3         2025      9.80           32.80          19.20          89.00          5.20           1.00           3.67           
9         3         2025      23.50          31.00          42.00          91.00          4.70           1.00           3.61           
10        3         2025      23.00          31.60          13.50          89.00          3.40           1.00           3.29           
11        3         2025      23.20          34.20          10.00          85.00          2.40           1.00           3.22           
12        3         2025      23.20          33.40          10.50          83.00          6.80           1.00           4.44           
13        3         2025      23.20          33.50          46.00          82.00          4.80           1.00           3.90           
14        3         2025      22.90          33.40          0.00           80.00          5.50           1.00           4.10           
15        3         2025      23.70          33.00          0.50           87.00          6.90           1.00           4.38           
16        3         2025      22.80          32.00          9.00           90.00          5.10           1.00           3.73           
17        3         2025      23.20          33.30          19.80          85.00          2.00           1.00           3.04           
18        3         2025      23.20          32.00          1.10           83.00          3.70           2.00           3.67           
19        3         2025      23.20          28.20          8.60           93.00          4.80           1.00           3.39           
20        3         2025      22.20          31.20          35.50          84.00          0.30           1.00           2.49           
21        3         2025      23.30          33.00          1.00           81.00          7.50           1.00           4.56           
22        3         2025      24.10          31.40          0.00           84.00          6.90           2.00           4.38           
23        3         2025      23.00          31.80          16.00          84.00          0.00           1.00           2.42           
24        3         2025      23.70          32.50          0.00           84.00          1.80           2.00           3.16           
25        3         2025      23.60          34.60          1.70           83.00          5.00           1.00           3.94           
26        3         2025      23.20          34.40          0.00           82.00          7.50           1.00           4.61           
27        3         2025      24.10          32.40          52.00          87.00          6.50           1.00           4.15           
28        3         2025      23.30          32.40          0.60           87.00          2.60           1.00           3.06           
29        3         2025      23.00          32.40          47.40          88.00          3.90           1.00           3.38           
30        3         2025      23.70          31.60          0.00           73.00          0.20           1.00           2.68           
31        3         2025      23.00          32.80          1.00           76.00          4.30           1.00           3.69           
1         4         2025      23.60          32.00          0.00           83.00          7.80           1.00           4.45           
2         4         2025      23.80          31.80          0.00           89.00          3.40           1.00           3.18           
3         4         2025      22.60          30.20          40.00          90.00          3.90           1.00           3.17           
4         4         2025      22.00          31.80          6.00           78.00          1.20           1.00           2.78           
5         4         2025      21.60          33.20          0.00           77.00          6.90           1.00           4.26           
6         4         2025      22.60          33.00          0.00           79.00          6.90           1.00           4.24           
7         4         2025      22.00          32.40          0.00           84.00          6.70           1.00           4.05           
8         4         2025      22.20          31.80          1.60           87.00          4.70           1.00           3.46           
9         4         2025      22.80          33.40          38.80          85.00          4.10           1.00           3.44           
10        4         2025      23.40          32.40          11.50          90.00          5.00           1.00           3.54           
11        4         2025      22.80          31.20          46.00          87.00          4.30           1.00           3.31           
12        4         2025      23.50          33.60          0.20           84.00          5.00           1.00           3.69           
13        4         2025      23.60          32.20          2.00           87.00          6.50           1.00           3.93           
14        4         2025      23.00          30.60          4.30           85.00          4.50           2.00           3.48           
15        4         2025      22.80          33.30          3.00           81.00          2.00           1.00           2.92           
16        4         2025      23.40          33.20          0.00           85.00          7.60           1.00           4.27           
17        4         2025      22.70          32.20          0.00           87.00          6.40           1.00           3.83           
18        4         2025      22.60          32.80          23.50          86.00          4.30           1.00           3.34           
19        4         2025      22.60          33.20          0.00           84.00          3.00           1.00           3.07           
20        4         2025      24.00          30.80          0.00           88.00          4.10           1.00           3.17           
21        4         2025      22.10          31.80          7.00           86.00          3.70           1.00           3.10           
22        4         2025      22.80          32.00          2.00           81.00          6.70           1.00           3.91           
23        4         2025      23.00          32.40          0.00           76.00          8.00           1.00           4.30           
24        4         2025      21.00          33.00          0.00           81.00          8.00           1.00           4.20           
25        4         2025      22.00          33.20          0.00           78.00          8.00           1.00           4.27           
26        4         2025      22.00          33.00          0.00           78.00          8.00           2.00           4.54           
27        4         2025      21.50          32.40          0.00           77.00          8.00           2.00           4.49           
28        4         2025      19.80          32.00          0.00           75.00          8.00           1.00           4.10           
29        4         2025      20.60          32.00          0.00           78.00          6.70           2.00           4.11           
30        4         2025      20.60          32.60          0.00           79.00          8.00           2.00           4.39           
1         5         2025      23.00          33.20          0.00           81.00          7.90           1.00           4.17           
2         5         2025      22.60          33.60          0.00           86.00          6.20           1.00           3.70           
3         5         2025      21.40          33.40          81.20          86.00          6.00           1.00           3.60           
4         5         2025      22.20          32.90          12.00          86.00          6.50           1.00           3.69           
5         5         2025      23.00          35.00          2.00           84.00          6.20           1.00           3.80           
6         5         2025      23.20          33.60          6.50           86.00          6.30           1.00           3.70           
7         5         2025      23.00          32.40          11.50          80.00          5.00           2.00           3.68           
8         5         2025      23.40          33.40          0.00           84.00          6.40           1.00           3.72           
9         5         2025      23.40          32.80          0.00           88.00          6.40           1.00           3.61           
10        5         2025      22.10          32.40          71.10          85.00          4.90           1.00           3.24           
11        5         2025      22.40          33.70          22.00          86.00          5.50           1.00           3.44           
12        5         2025      22.40          33.00          3.00           86.00          6.90           1.00           3.70           
13        5         2025      23.10          32.00          8.50           88.00          5.50           1.00           3.30           
14        5         2025      23.20          30.10          4.80           91.00          3.90           1.00           2.78           
15        5         2025      22.80          32.40          0.80           85.00          2.60           1.00           2.69           
16        5         2025      24.00          30.40          17.00          89.00          4.30           1.00           2.92           
17        5         2025      24.00          29.80          0.00           93.00          0.50           1.00           1.96           
18        5         2025      23.80          31.20          9.00           90.00          1.00           1.00           2.18           
19        5         2025      23.20          30.00          0.80           91.00          2.70           2.00           2.53           
20        5         2025      23.20          31.20          4.70           84.00          2.50           1.00           2.61           
21        5         2025      23.20          30.80          0.00           79.00          3.40           2.00           3.17           
22        5         2025      23.60          30.70          0.00           84.00          3.90           1.00           2.88           
23        5         2025      23.80          31.20          1.50           86.00          3.50           1.00           2.78           
24        5         2025      21.00          32.60          8.40           83.00          3.00           1.00           2.74           
25        5         2025      23.00          31.70          0.00           86.00          5.50           1.00           3.20           
26        5         2025      22.20          30.20          0.00           87.00          3.90           1.00           2.75           
27        5         2025      22.70          30.60          0.00           90.00          1.90           1.00           2.29           
28        5         2025      23.80          32.80          0.00           85.00          0.00           1.00           2.07           
29        5         2025      23.40          34.00          0.00           82.00          2.60           1.00           2.75           
30        5         2025      23.00          32.40          0.00           84.00          4.60           1.00           3.05           
31        5         2025      23.00          33.00          0.00           85.00          5.70           1.00           3.30           
1         6         2025      23.20          30.50          29.50          87.00          5.10           1.00           3.00           
2         6         2025      22.80          33.80          0.00           83.00          5.40           1.00           3.29           
3         6         2025      22.70          34.10          0.00           84.00          6.90           1.00           3.61           
4         6         2025      22.60          33.90          0.00           80.00          6.10           1.00           3.48           
5         6         2025      23.00          31.40          0.00           77.00          5.30           2.00           3.55           
6         6         2025      20.20          32.40          0.00           80.00          8.00           2.00           3.97           
7         6         2025      21.20          31.80          0.00           82.00          8.00           2.00           3.86           
8         6         2025      23.10          30.60          0.00           86.00          7.60           2.00           3.60           
9         6         2025      22.80          32.40          23.50          87.00          7.00           1.00           3.45           
10        6         2025      22.50          32.20          7.10           85.00          5.90           1.00           3.23           
11        6         2025      23.20          31.40          0.00           79.00          4.50           2.00           3.31           
12        6         2025      21.20          32.00          0.00           77.00          8.00           2.00           4.02           
13        6         2025      22.00          34.80          0.00           91.00          8.00           1.00           3.75           
14        6         2025      22.50          32.90          21.30          86.00          3.40           1.00           2.72           
15        6         2025      22.80          33.20          3.40           83.00          5.00           1.00           3.12           
16        6         2025      22.80          32.00          0.00           83.00          5.80           2.00           3.44           
17        6         2025      23.20          30.90          0.00           83.00          7.80           2.00           3.73           
18        6         2025      21.00          31.40          0.00           78.00          7.80           2.00           3.88           
19        6         2025      19.40          30.40          0.00           78.00          8.00           1.00           3.49           
20        6         2025      19.50          31.00          0.00           80.00          4.70           1.00           2.91           
21        6         2025      22.00          32.40          0.00           78.00          0.80           2.00           2.73           
22        6         2025      22.00          31.80          0.00           84.00          6.50           2.00           3.50           
23        6         2025      22.80          30.30          0.00           83.00          4.20           2.00           3.02           
24        6         2025      21.60          31.00          0.00           78.00          7.30           2.00           3.77           
25        6         2025      23.00          30.40          0.00           81.00          6.40           2.00           3.50           
26        6         2025      22.80          30.40          0.00           78.00          6.10           2.00           3.54           
27        6         2025      23.90          31.00          0.00           82.00          6.00           2.00           3.46           
28        6         2025      23.70          29.50          0.80           84.00          5.10           2.00           3.12           
29        6         2025      22.80          30.60          0.00           82.00          3.00           2.00           2.86           
30        6         2025      21.80          29.40          0.00           84.00          4.20           2.00           2.91           
1         7         2025      21.80          31.40          0.00           79.00          3.00           2.00           3.02           
2         7         2025      21.40          31.80          0.00           79.00          6.30           2.00           3.64           
3         7         2025      21.40          30.40          0.00           80.00          8.00           2.00           3.79           
4         7         2025      23.20          25.80          0.00           86.00          5.80           2.00           2.95           
5         7         2025      21.00          28.40          0.00           87.00          0.00           1.00           1.83           
6         7         2025      21.20          28.00          1.00           91.00          2.60           1.00           2.24           
7         7         2025      22.40          30.00          0.00           86.00          0.00           1.00           1.92           
8         7         2025      22.40          29.50          7.50           82.00          3.30           2.00           2.86           
9         7         2025      21.20          28.40          0.00           81.00          7.20           2.00           3.48           
10        7         2025      19.20          29.20          0.00           82.00          7.00           2.00           3.44           
11        7         2025      18.80          29.40          0.00           81.00          8.00           1.00           3.43           
12        7         2025      19.60          28.40          0.00           89.00          6.60           1.00           3.04           
13        7         2025      21.20          30.00          0.20           86.00          2.60           1.00           2.44           
14        7         2025      21.20          29.70          0.00           82.00          3.40           2.00           2.90           
15        7         2025      23.00          30.40          0.00           82.00          4.40           2.00           3.16           
16        7         2025      22.40          30.80          1.00           84.00          3.50           2.00           2.94           
17        7         2025      19.60          30.00          0.00           83.00          8.00           2.00           3.69           
18        7         2025      19.70          30.00          0.00           76.00          8.00           2.00           3.93           
19        7         2025      19.00          31.00          0.00           77.00          7.00           2.00           3.81           
20        7         2025      18.40          30.20          0.00           78.00          8.00           2.00           3.87           
21        7         2025      18.00          29.00          0.00           82.00          8.00           2.00           3.64           
22        7         2025      18.00          31.20          0.00           81.00          8.00           2.00           3.88           
23        7         2025      19.20          30.60          0.00           80.00          6.40           1.00           3.33           
24        7         2025      20.80          30.40          0.00           81.00          4.90           2.00           3.31           
25        7         2025      21.00          28.80          2.00           84.00          5.70           2.00           3.25           
26        7         2025      23.40          31.20          1.00           81.00          1.50           2.00           2.76           
27        7         2025      22.00          32.80          0.00           77.00          6.60           1.00           3.66           
28        7         2025      21.40          31.40          0.00           81.00          8.00           2.00           4.02           
29        7         2025      21.20          27.00          0.60           86.00          6.70           2.00           3.27           
30        7         2025      22.50          26.30          0.50           91.00          1.10           2.00           2.06           
31        7         2025      22.00          29.00          0.40           84.00          0.30           2.00           2.31           
1         8         2025      21.80          30.60          0.80           77.00          4.40           2.00           3.45           
2         8         2025      23.00          32.80          0.00           80.00          7.80           2.00           4.23           
3         8         2025      23.00          33.00          0.00           81.00          6.70           2.00           4.00           
4         8         2025      23.20          33.00          1.60           78.00          8.00           2.00           4.39           
5         8         2025      23.20          33.20          0.00           77.00          8.00           2.00           4.45           
6         8         2025      21.20          31.90          0.00           77.00          8.00           2.00           4.29           
7         8         2025      21.20          32.40          0.00           78.00          8.00           2.00           4.31           
8         8         2025      22.20          32.00          0.00           77.00          8.00           1.00           4.04           
9         8         2025      22.40          33.00          0.00           78.00          7.40           2.00           4.30           
10        8         2025      23.60          30.80          0.00           80.00          7.60           2.00           4.13           
11        8         2025      21.90          31.40          0.00           80.00          6.10           2.00           3.84           
12        8         2025      21.80          31.20          0.00           81.00          6.40           3.00           4.05           
13        8         2025      21.40          31.80          0.00           75.00          8.00           2.00           4.43           
14        8         2025      20.70          30.00          0.00           70.00          7.30           3.00           4.65           
15        8         2025      21.00          30.20          0.00           75.00          8.00           2.00           4.30           
16        8         2025      21.60          30.80          0.00           78.00          7.90           2.00           4.26           
17        8         2025      21.40          31.80          0.00           78.00          7.90           2.00           4.36           
18        8         2025      21.80          32.20          0.00           84.00          8.00           2.00           4.25           
19        8         2025      22.80          31.20          70.00          91.00          6.50           1.00           3.62           
20        8         2025      22.00          32.00          88.90          83.00          4.80           1.00           3.38           
21        8         2025      22.00          32.60          0.00           82.00          5.90           2.00           3.93           
22        8         2025      21.00          29.80          0.00           82.00          6.40           1.00           3.62           
23        8         2025      20.40          32.80          0.00           78.00          3.10           1.00           3.12           
24        8         2025      20.80          31.40          0.00           79.00          5.50           2.00           3.86           
25        8         2025      20.20          31.20          0.00           80.00          8.00           2.00           4.33           
26        8         2025      22.20          29.80          0.00           79.00          8.00           2.00           4.30           
27        8         2025      21.20          27.90          0.00           91.00          7.90           2.00           3.72           
28        8         2025      22.00          26.40          3.00           90.00          3.10           2.00           2.68           
29        8         2025      22.00          28.00          3.00           87.00          0.40           2.00           2.32           
30        8         2025      21.20          29.80          0.00           77.00          2.30           3.00           3.50           
31        8         2025      21.80          30.20          0.00           80.00          8.00           2.00           4.35           
1         9         2025      21.40          30.60          0.00           80.00          7.00           2.00           4.17           
2         9         2025      21.40          33.00          0.00           73.00          7.40           2.00           4.72           
3         9         2025      21.20          33.80          0.00           75.00          8.00           2.00           4.87           
4         9         2025      22.40          32.00          0.00           79.00          8.00           2.00           4.61           
5         9         2025      23.00          34.60          0.00           78.00          7.80           2.00           4.88           
6         9         2025      22.10          31.60          0.00           77.00          6.70           2.00           4.36           
7         9         2025      20.40          30.00          0.00           75.00          8.00           3.00           4.77           
8         9         2025      21.80          29.60          0.00           82.00          6.50           2.00           3.99           
9         9         2025      22.20          27.80          0.00           85.00          3.20           2.00           3.06           
10        9         2025      22.40          28.20          23.00          90.00          0.60           2.00           2.32           
11        9         2025      22.80          32.40          2.00           85.00          0.40           1.00           2.46           
12        9         2025      22.80          32.20          0.00           81.00          6.70           2.00           4.35           
13        9         2025      22.00          32.40          0.00           81.00          8.00           2.00           4.66           
14        9         2025      21.50          30.00          0.00           84.00          8.00           3.00           4.42           
15        9         2025      22.00          30.60          0.00           86.00          8.00           2.00           4.35           
16        9         2025      23.60          29.40          0.00           86.00          3.20           2.00           3.19           
17        9         2025      22.80          32.50          0.00           79.00          2.40           2.00           3.47           
18        9         2025      23.40          30.00          0.00           83.00          5.70           2.00           3.94           
19        9         2025      23.00          30.60          6.50           85.00          2.80           2.00           3.21           
20        9         2025      23.00          32.20          5.00           77.00          4.60           2.00           4.07           
21        9         2025      23.60          32.00          0.00           78.00          5.00           2.00           4.13           
22        9         2025      22.60          31.00          0.00           79.00          7.90           2.00           4.67           
23        9         2025      21.60          33.00          0.00           78.00          8.00           2.00           4.90           
24        9         2025      21.80          31.80          0.00           78.00          8.00           2.00           4.79           
25        9         2025      21.80          33.00          0.00           78.00          6.80           1.00           4.34           
26        9         2025      22.70          32.30          0.00           78.00          6.10           2.00           4.43           
27        9         2025      23.20          32.00          0.00           83.00          7.20           1.00           4.37           
28        9         2025      23.20          34.20          30.90          81.00          5.60           1.00           4.13           
29        9         2025      24.20          32.00          1.00           83.00          6.90           2.00           4.49           
30        9         2025      24.00          32.00          1.00           83.00          5.50           1.00           3.97           
1         10        2025      21.40          32.00          15.50          82.00          0.90           1.00           2.72           
2         10        2025      21.80          32.00          0.00           79.00          4.00           1.00           3.59           
3         10        2025      22.70          33.00          0.00           76.00          6.20           2.00           4.62           
4         10        2025      20.80          32.80          0.00           76.00          8.00           2.00           5.00           
5         10        2025      23.00          34.20          0.00           82.00          8.00           2.00           5.00           
6         10        2025      21.80          32.10          0.00           79.00          7.40           1.00           4.49           
7         10        2025      21.90          33.50          0.00           77.00          6.30           1.00           4.33           
8         10        2025      22.40          31.40          0.00           78.00          7.90           2.00           4.84           
9         10        2025      21.40          32.60          0.00           77.00          8.00           2.00           4.98           
10        10        2025      23.20          31.80          0.00           77.00          8.00           2.00           4.97           
11        10        2025      23.20          33.00          0.00           80.00          7.10           2.00           4.76           
12        10        2025      22.80          33.40          0.00           76.00          5.30           2.00           4.48           
13        10        2025      23.40          33.40          0.00           78.00          8.00           1.00           4.85           
14        10        2025      22.40          34.20          27.00          81.00          5.00           2.00           4.29           
15        10        2025      23.20          32.80          0.00           77.00          7.30           2.00           4.90           
16        10        2025      23.40          33.20          0.00           77.00          8.00           2.00           5.13           
17        10        2025      23.00          33.50          0.00           81.00          8.00           2.00           5.01           
18        10        2025      23.00          33.60          35.00          80.00          6.20           1.00           4.35           
19        10        2025      24.20          32.80          0.00           81.00          7.00           1.00           4.54           
20        10        2025      23.60          33.20          6.20           88.00          5.50           1.00           4.03           
21        10        2025      23.20          33.70          9.00           87.00          5.00           1.00           3.92           
22        10        2025      23.00          30.20          7.00           90.00          3.60           1.00           3.28           
23        10        2025      22.80          31.40          67.60          89.00          3.40           1.00           3.30           
24        10        2025      22.70          31.20          17.50          91.00          4.90           1.00           3.67           
25        10        2025      23.20          31.80          19.40          86.00          3.40           1.00           3.39           
26        10        2025      23.60          31.80          1.50           84.00          5.00           1.00           3.87           
27        10        2025      24.00          32.60          0.00           87.00          5.80           1.00           4.11           
28        10        2025      23.00          31.00          27.50          89.00          5.00           1.00           3.73           
29        10        2025      22.70          31.00          49.90          88.00          3.00           1.00           3.19           
30        10        2025      22.60          31.40          1.00           83.00          3.00           1.00           3.30           
31        10        2025      23.70          32.90          5.50           82.00          5.40           1.00           4.09           
